Station name,Skelton,,,
Station number,F2405,,,
External number,---,,,
River,River Ouse,,,
Operator,---,,,
NGR,SE5684555373,,,
Easting,456845,,,
Northing,455373,,,
Parameter-name,FL [Flow Logged],,,
Parameter Type,Flow,,,
Time series name,YOR/F2405/FL/15m.Cmd.Runoff.P,,,
Time series unit,m³/s,,,
Time level,High-resolution,,,
Time series type,Other,,,
Equidistant time series,yes,,,
Time series value distance,15 minute,,,
Time series quality,Production,,,
Time series measuring method,---,,,
Period of record in file: 20/12/2015 00:00:00 to 15/01/2016 23:45:00,,,,
Quality code description, G = good; E = estimated; S = suspect; U = unchecked; M = missing; C = complete; I = incomplete; Ed = edited; WR = within rating; NR = no rating; EX> = extrapolated upper part; EX< = extrapolated lower part; BL> = beyond upper limit; BL< = beyond lower limit; MH = weir modular (head); NH = weir non modular (head); EH = weir extremely non modular (head); MT = weir modular (tail); NT = weir non modular (tail); ET = weir extremely non modular (tail); MC = weir modular (crest); NC = weir non modular (crest); EC = weir extremely non modular (crest); -H = weir head only; RAS = rastered time stamp; A = apportioned/interpolated; D = dry; SN = snow; T = trace,,,
Time stamp,Value[m³/s],State of value,Tags,Comments
20/12/2015 00:00,112,G,,
20/12/2015 00:15,111,G,,
20/12/2015 00:30,111,G,,
20/12/2015 00:45,111,G,,
20/12/2015 01:00,111,G,,
20/12/2015 01:15,110,G,,
20/12/2015 01:30,110,G,,
20/12/2015 01:45,110,G,,
20/12/2015 02:00,110,G,,
20/12/2015 02:15,110,G,,
20/12/2015 02:30,109,G,,
20/12/2015 02:45,109,G,,
20/12/2015 03:00,109,G,,
20/12/2015 03:15,109,G,,
20/12/2015 03:30,108,G,,
20/12/2015 03:45,108,G,,
20/12/2015 04:00,108,G,,
20/12/2015 04:15,107,G,,
20/12/2015 04:30,107,G,,
20/12/2015 04:45,107,G,,
20/12/2015 05:00,107,G,,
20/12/2015 05:15,107,G,,
20/12/2015 05:30,107,G,,
20/12/2015 05:45,107,G,,
20/12/2015 06:00,107,G,,
20/12/2015 06:15,108,G,,
20/12/2015 06:30,108,G,,
20/12/2015 06:45,109,G,,
20/12/2015 07:00,110,G,,
20/12/2015 07:15,111,G,,
20/12/2015 07:30,112,G,,
20/12/2015 07:45,114,G,,
20/12/2015 08:00,116,G,,
20/12/2015 08:15,117,G,,
20/12/2015 08:30,119,G,,
20/12/2015 08:45,121,G,,
20/12/2015 09:00,123,G,,
20/12/2015 09:15,125,G,,
20/12/2015 09:30,127,G,,
20/12/2015 09:45,129,G,,
20/12/2015 10:00,132,G,,
20/12/2015 10:15,133,G,,
20/12/2015 10:30,136,G,,
20/12/2015 10:45,139,G,,
20/12/2015 11:00,140,G,,
20/12/2015 11:15,143,G,,
20/12/2015 11:30,145,G,,
20/12/2015 11:45,147,G,,
20/12/2015 12:00,149,G,,
20/12/2015 12:15,152,G,,
20/12/2015 12:30,154,G,,
20/12/2015 12:45,155,G,,
20/12/2015 13:00,158,G,,
20/12/2015 13:15,160,G,,
20/12/2015 13:30,161,G,,
20/12/2015 13:45,163,G,,
20/12/2015 14:00,166,G,,
20/12/2015 14:15,168,G,,
20/12/2015 14:30,170,G,,
20/12/2015 14:45,172,G,,
20/12/2015 15:00,174,G,,
20/12/2015 15:15,175,G,,
20/12/2015 15:30,178,G,,
20/12/2015 15:45,179,G,,
20/12/2015 16:00,181,G,,
20/12/2015 16:15,182,G,,
20/12/2015 16:30,184,G,,
20/12/2015 16:45,186,G,,
20/12/2015 17:00,187,G,,
20/12/2015 17:15,188,G,,
20/12/2015 17:30,190,G,,
20/12/2015 17:45,192,G,,
20/12/2015 18:00,193,G,,
20/12/2015 18:15,195,G,,
20/12/2015 18:30,196,G,,
20/12/2015 18:45,198,G,,
20/12/2015 19:00,200,G,,
20/12/2015 19:15,201,G,,
20/12/2015 19:30,203,G,,
20/12/2015 19:45,204,G,,
20/12/2015 20:00,206,G,,
20/12/2015 20:15,207,G,,
20/12/2015 20:30,207,G,,
20/12/2015 20:45,208,G,,
20/12/2015 21:00,209,G,,
20/12/2015 21:15,210,G,,
20/12/2015 21:30,211,G,,
20/12/2015 21:45,212,G,,
20/12/2015 22:00,213,G,,
20/12/2015 22:15,214,G,,
20/12/2015 22:30,215,G,,
20/12/2015 22:45,214,G,,
20/12/2015 23:00,216,G,,
20/12/2015 23:15,215,G,,
20/12/2015 23:30,216,G,,
20/12/2015 23:45,216,G,,
21/12/2015 00:00,217,G,,
21/12/2015 00:15,217,G,,
21/12/2015 00:30,218,G,,
21/12/2015 00:45,217,G,,
21/12/2015 01:00,217,G,,
21/12/2015 01:15,217,G,,
21/12/2015 01:30,217,G,,
21/12/2015 01:45,218,G,,
21/12/2015 02:00,217,G,,
21/12/2015 02:15,217,G,,
21/12/2015 02:30,217,G,,
21/12/2015 02:45,217,G,,
21/12/2015 03:00,216,G,,
21/12/2015 03:15,216,G,,
21/12/2015 03:30,216,G,,
21/12/2015 03:45,216,G,,
21/12/2015 04:00,215,G,,
21/12/2015 04:15,214,G,,
21/12/2015 04:30,214,G,,
21/12/2015 04:45,214,G,,
21/12/2015 05:00,213,G,,
21/12/2015 05:15,212,G,,
21/12/2015 05:30,212,G,,
21/12/2015 05:45,211,G,,
21/12/2015 06:00,210,G,,
21/12/2015 06:15,210,G,,
21/12/2015 06:30,209,G,,
21/12/2015 06:45,208,G,,
21/12/2015 07:00,207,G,,
21/12/2015 07:15,207,G,,
21/12/2015 07:30,206,G,,
21/12/2015 07:45,206,G,,
21/12/2015 08:00,205,G,,
21/12/2015 08:15,205,G,,
21/12/2015 08:30,204,G,,
21/12/2015 08:45,203,G,,
21/12/2015 09:00,203,G,,
21/12/2015 09:15,202,G,,
21/12/2015 09:30,201,G,,
21/12/2015 09:45,201,G,,
21/12/2015 10:00,199,G,,
21/12/2015 10:15,199,G,,
21/12/2015 10:30,199,G,,
21/12/2015 10:45,198,G,,
21/12/2015 11:00,198,G,,
21/12/2015 11:15,197,G,,
21/12/2015 11:30,196,G,,
21/12/2015 11:45,196,G,,
21/12/2015 12:00,195,G,,
21/12/2015 12:15,194,G,,
21/12/2015 12:30,194,G,,
21/12/2015 12:45,193,G,,
21/12/2015 13:00,193,G,,
21/12/2015 13:15,192,G,,
21/12/2015 13:30,191,G,,
21/12/2015 13:45,191,G,,
21/12/2015 14:00,191,G,,
21/12/2015 14:15,190,G,,
21/12/2015 14:30,190,G,,
21/12/2015 14:45,189,G,,
21/12/2015 15:00,188,G,,
21/12/2015 15:15,188,G,,
21/12/2015 15:30,187,G,,
21/12/2015 15:45,186,G,,
21/12/2015 16:00,186,G,,
21/12/2015 16:15,185,G,,
21/12/2015 16:30,185,G,,
21/12/2015 16:45,184,G,,
21/12/2015 17:00,184,G,,
21/12/2015 17:15,184,G,,
21/12/2015 17:30,184,G,,
21/12/2015 17:45,183,G,,
21/12/2015 18:00,182,G,,
21/12/2015 18:15,182,G,,
21/12/2015 18:30,182,G,,
21/12/2015 18:45,181,G,,
21/12/2015 19:00,181,G,,
21/12/2015 19:15,180,G,,
21/12/2015 19:30,180,G,,
21/12/2015 19:45,179,G,,
21/12/2015 20:00,180,G,,
21/12/2015 20:15,179,G,,
21/12/2015 20:30,179,G,,
21/12/2015 20:45,178,G,,
21/12/2015 21:00,178,G,,
21/12/2015 21:15,178,G,,
21/12/2015 21:30,178,G,,
21/12/2015 21:45,178,G,,
21/12/2015 22:00,177,G,,
21/12/2015 22:15,177,G,,
21/12/2015 22:30,177,G,,
21/12/2015 22:45,177,G,,
21/12/2015 23:00,177,G,,
21/12/2015 23:15,176,G,,
21/12/2015 23:30,176,G,,
21/12/2015 23:45,177,G,,
22/12/2015 00:00,177,G,,
22/12/2015 00:15,177,G,,
22/12/2015 00:30,177,G,,
22/12/2015 00:45,177,G,,
22/12/2015 01:00,178,G,,
22/12/2015 01:15,178,G,,
22/12/2015 01:30,178,G,,
22/12/2015 01:45,179,G,,
22/12/2015 02:00,179,G,,
22/12/2015 02:15,181,G,,
22/12/2015 02:30,182,G,,
22/12/2015 02:45,183,G,,
22/12/2015 03:00,183,G,,
22/12/2015 03:15,184,G,,
22/12/2015 03:30,185,G,,
22/12/2015 03:45,186,G,,
22/12/2015 04:00,187,G,,
22/12/2015 04:15,188,G,,
22/12/2015 04:30,189,G,,
22/12/2015 04:45,191,G,,
22/12/2015 05:00,191,G,,
22/12/2015 05:15,191,G,,
22/12/2015 05:30,192,G,,
22/12/2015 05:45,193,G,,
22/12/2015 06:00,193,G,,
22/12/2015 06:15,193,G,,
22/12/2015 06:30,193,G,,
22/12/2015 06:45,194,G,,
22/12/2015 07:00,194,G,,
22/12/2015 07:15,194,G,,
22/12/2015 07:30,195,G,,
22/12/2015 07:45,195,G,,
22/12/2015 08:00,195,G,,
22/12/2015 08:15,195,G,,
22/12/2015 08:30,195,G,,
22/12/2015 08:45,196,G,,
22/12/2015 09:00,196,G,,
22/12/2015 09:15,195,G,,
22/12/2015 09:30,195,G,,
22/12/2015 09:45,195,G,,
22/12/2015 10:00,195,G,,
22/12/2015 10:15,195,G,,
22/12/2015 10:30,195,G,,
22/12/2015 10:45,194,G,,
22/12/2015 11:00,195,G,,
22/12/2015 11:15,194,G,,
22/12/2015 11:30,193,G,,
22/12/2015 11:45,194,G,,
22/12/2015 12:00,194,G,,
22/12/2015 12:15,193,G,,
22/12/2015 12:30,193,G,,
22/12/2015 12:45,193,G,,
22/12/2015 13:00,192,G,,
22/12/2015 13:15,192,G,,
22/12/2015 13:30,192,G,,
22/12/2015 13:45,192,G,,
22/12/2015 14:00,191,G,,
22/12/2015 14:15,191,G,,
22/12/2015 14:30,191,G,,
22/12/2015 14:45,190,G,,
22/12/2015 15:00,190,G,,
22/12/2015 15:15,190,G,,
22/12/2015 15:30,189,G,,
22/12/2015 15:45,189,G,,
22/12/2015 16:00,189,G,,
22/12/2015 16:15,189,G,,
22/12/2015 16:30,189,G,,
22/12/2015 16:45,189,G,,
22/12/2015 17:00,189,G,,
22/12/2015 17:15,189,G,,
22/12/2015 17:30,189,G,,
22/12/2015 17:45,190,G,,
22/12/2015 18:00,191,G,,
22/12/2015 18:15,192,G,,
22/12/2015 18:30,193,G,,
22/12/2015 18:45,194,G,,
22/12/2015 19:00,195,G,,
22/12/2015 19:15,196,G,,
22/12/2015 19:30,197,G,,
22/12/2015 19:45,199,G,,
22/12/2015 20:00,199,G,,
22/12/2015 20:15,200,G,,
22/12/2015 20:30,201,G,,
22/12/2015 20:45,203,G,,
22/12/2015 21:00,205,G,,
22/12/2015 21:15,206,G,,
22/12/2015 21:30,208,G,,
22/12/2015 21:45,209,G,,
22/12/2015 22:00,212,G,,
22/12/2015 22:15,213,G,,
22/12/2015 22:30,215,G,,
22/12/2015 22:45,216,G,,
22/12/2015 23:00,217,G,,
22/12/2015 23:15,220,G,,
22/12/2015 23:30,222,G,,
22/12/2015 23:45,222,G,,
23/12/2015 00:00,221,G,,
23/12/2015 00:15,224,G,,
23/12/2015 00:30,225,G,,
23/12/2015 00:45,227,G,,
23/12/2015 01:00,228,G,,
23/12/2015 01:15,229,G,,
23/12/2015 01:30,231,G,,
23/12/2015 01:45,232,G,,
23/12/2015 02:00,233,G,,
23/12/2015 02:15,235,G,,
23/12/2015 02:30,235,G,,
23/12/2015 02:45,237,G,,
23/12/2015 03:00,237,G,,
23/12/2015 03:15,239,G,,
23/12/2015 03:30,239,G,,
23/12/2015 03:45,240,G,,
23/12/2015 04:00,241,G,,
23/12/2015 04:15,243,G,,
23/12/2015 04:30,244,G,,
23/12/2015 04:45,246,G,,
23/12/2015 05:00,247,G,,
23/12/2015 05:15,247,G,,
23/12/2015 05:30,249,G,,
23/12/2015 05:45,250,G,,
23/12/2015 06:00,251,G,,
23/12/2015 06:15,252,G,,
23/12/2015 06:30,253,G,,
23/12/2015 06:45,254,G,,
23/12/2015 07:00,255,G,,
23/12/2015 07:15,256,G,,
23/12/2015 07:30,256,G,,
23/12/2015 07:45,257,G,,
23/12/2015 08:00,260,G,,
23/12/2015 08:15,260,G,,
23/12/2015 08:30,262,G,,
23/12/2015 08:45,262,G,,
23/12/2015 09:00,264,G,,
23/12/2015 09:15,265,G,,
23/12/2015 09:30,266,G,,
23/12/2015 09:45,267,G,,
23/12/2015 10:00,269,G,,
23/12/2015 10:15,270,G,,
23/12/2015 10:30,272,G,,
23/12/2015 10:45,274,G,,
23/12/2015 11:00,273,G,,
23/12/2015 11:15,275,G,,
23/12/2015 11:30,275,G,,
23/12/2015 11:45,278,G,,
23/12/2015 12:00,279,G,,
23/12/2015 12:15,280,G,,
23/12/2015 12:30,281,G,,
23/12/2015 12:45,283,G,,
23/12/2015 13:00,282,G,,
23/12/2015 13:15,283,G,,
23/12/2015 13:30,284,G,,
23/12/2015 13:45,286,G,,
23/12/2015 14:00,287,G,,
23/12/2015 14:15,287,G,,
23/12/2015 14:30,289,G,,
23/12/2015 14:45,290,G,,
23/12/2015 15:00,289,G,,
23/12/2015 15:15,292,G,,
23/12/2015 15:30,291,G,,
23/12/2015 15:45,293,G,,
23/12/2015 16:00,293,G,,
23/12/2015 16:15,295,G,,
23/12/2015 16:30,295,G,,
23/12/2015 16:45,295,G,,
23/12/2015 17:00,295,G,,
23/12/2015 17:15,295,G,,
23/12/2015 17:30,296,G,,
23/12/2015 17:45,296,G,,
23/12/2015 18:00,297,G,,
23/12/2015 18:15,295,G,,
23/12/2015 18:30,294,G,,
23/12/2015 18:45,295,G,,
23/12/2015 19:00,294,G,,
23/12/2015 19:15,294,G,,
23/12/2015 19:30,294,G,,
23/12/2015 19:45,294,G,,
23/12/2015 20:00,295,G,,
23/12/2015 20:15,296,G,,
23/12/2015 20:30,296,G,,
23/12/2015 20:45,296,G,,
23/12/2015 21:00,294,G,,
23/12/2015 21:15,294,G,,
23/12/2015 21:30,296,G,,
23/12/2015 21:45,296,G,,
23/12/2015 22:00,295,G,,
23/12/2015 22:15,295,G,,
23/12/2015 22:30,296,G,,
23/12/2015 22:45,296,G,,
23/12/2015 23:00,294,G,,
23/12/2015 23:15,292,G,,
23/12/2015 23:30,292,G,,
23/12/2015 23:45,290,G,,
24/12/2015 00:00,288,G,,
24/12/2015 00:15,289,G,,
24/12/2015 00:30,289,G,,
24/12/2015 00:45,288,G,,
24/12/2015 01:00,288,G,,
24/12/2015 01:15,288,G,,
24/12/2015 01:30,287,G,,
24/12/2015 01:45,287,G,,
24/12/2015 02:00,289,G,,
24/12/2015 02:15,288,G,,
24/12/2015 02:30,288,G,,
24/12/2015 02:45,287,G,,
24/12/2015 03:00,286,G,,
24/12/2015 03:15,286,G,,
24/12/2015 03:30,284,G,,
24/12/2015 03:45,285,G,,
24/12/2015 04:00,286,G,,
24/12/2015 04:15,284,G,,
24/12/2015 04:30,285,G,,
24/12/2015 04:45,285,G,,
24/12/2015 05:00,283,G,,
24/12/2015 05:15,284,G,,
24/12/2015 05:30,283,G,,
24/12/2015 05:45,283,G,,
24/12/2015 06:00,283,G,,
24/12/2015 06:15,281,G,,
24/12/2015 06:30,281,G,,
24/12/2015 06:45,281,G,,
24/12/2015 07:00,281,G,,
24/12/2015 07:15,279,G,,
24/12/2015 07:30,279,G,,
24/12/2015 07:45,279,G,,
24/12/2015 08:00,278,G,,
24/12/2015 08:15,278,G,,
24/12/2015 08:30,277,G,,
24/12/2015 08:45,277,G,,
24/12/2015 09:00,276,G,,
24/12/2015 09:15,276,G,,
24/12/2015 09:30,274,G,,
24/12/2015 09:45,275,G,,
24/12/2015 10:00,276,G,,
24/12/2015 10:15,274,G,,
24/12/2015 10:30,273,G,,
24/12/2015 10:45,274,G,,
24/12/2015 11:00,272,G,,
24/12/2015 11:15,271,G,,
24/12/2015 11:30,272,G,,
24/12/2015 11:45,270,G,,
24/12/2015 12:00,271,G,,
24/12/2015 12:15,269,G,,
24/12/2015 12:30,269,G,,
24/12/2015 12:45,267,G,,
24/12/2015 13:00,267,G,,
24/12/2015 13:15,266,G,,
24/12/2015 13:30,265,G,,
24/12/2015 13:45,265,G,,
24/12/2015 14:00,265,G,,
24/12/2015 14:15,261,G,,
24/12/2015 14:30,262,G,,
24/12/2015 14:45,261,G,,
24/12/2015 15:00,260,G,,
24/12/2015 15:15,259,G,,
24/12/2015 15:30,259,G,,
24/12/2015 15:45,259,G,,
24/12/2015 16:00,257,G,,
24/12/2015 16:15,257,G,,
24/12/2015 16:30,255,G,,
24/12/2015 16:45,254,G,,
24/12/2015 17:00,254,G,,
24/12/2015 17:15,252,G,,
24/12/2015 17:30,253,G,,
24/12/2015 17:45,251,G,,
24/12/2015 18:00,250,G,,
24/12/2015 18:15,250,G,,
24/12/2015 18:30,248,G,,
24/12/2015 18:45,247,G,,
24/12/2015 19:00,247,G,,
24/12/2015 19:15,245,G,,
24/12/2015 19:30,245,G,,
24/12/2015 19:45,245,G,,
24/12/2015 20:00,243,G,,
24/12/2015 20:15,242,G,,
24/12/2015 20:30,242,G,,
24/12/2015 20:45,241,G,,
24/12/2015 21:00,241,G,,
24/12/2015 21:15,240,G,,
24/12/2015 21:30,238,G,,
24/12/2015 21:45,238,G,,
24/12/2015 22:00,237,G,,
24/12/2015 22:15,237,G,,
24/12/2015 22:30,236,G,,
24/12/2015 22:45,235,G,,
24/12/2015 23:00,234,G,,
24/12/2015 23:15,233,G,,
24/12/2015 23:30,233,G,,
24/12/2015 23:45,232,G,,
25/12/2015 00:00,231,G,,
25/12/2015 00:15,231,G,,
25/12/2015 00:30,230,G,,
25/12/2015 00:45,230,G,,
25/12/2015 01:00,230,G,,
25/12/2015 01:15,229,G,,
25/12/2015 01:30,228,G,,
25/12/2015 01:45,228,G,,
25/12/2015 02:00,227,G,,
25/12/2015 02:15,228,G,,
25/12/2015 02:30,227,G,,
25/12/2015 02:45,227,G,,
25/12/2015 03:00,227,G,,
25/12/2015 03:15,226,G,,
25/12/2015 03:30,225,G,,
25/12/2015 03:45,225,G,,
25/12/2015 04:00,225,G,,
25/12/2015 04:15,223,G,,
25/12/2015 04:30,224,G,,
25/12/2015 04:45,223,G,,
25/12/2015 05:00,223,G,,
25/12/2015 05:15,222,G,,
25/12/2015 05:30,222,G,,
25/12/2015 05:45,222,G,,
25/12/2015 06:00,221,G,,
25/12/2015 06:15,220,G,,
25/12/2015 06:30,219,G,,
25/12/2015 06:45,220,G,,
25/12/2015 07:00,218,G,,
25/12/2015 07:15,218,G,,
25/12/2015 07:30,217,G,,
25/12/2015 07:45,216,G,,
25/12/2015 08:00,216,G,,
25/12/2015 08:15,215,G,,
25/12/2015 08:30,215,G,,
25/12/2015 08:45,214,G,,
25/12/2015 09:00,214,G,,
25/12/2015 09:15,213,G,,
25/12/2015 09:30,212,G,,
25/12/2015 09:45,212,G,,
25/12/2015 10:00,211,G,,
25/12/2015 10:15,210,G,,
25/12/2015 10:30,209,G,,
25/12/2015 10:45,210,G,,
25/12/2015 11:00,210,G,,
25/12/2015 11:15,209,G,,
25/12/2015 11:30,209,G,,
25/12/2015 11:45,208,G,,
25/12/2015 12:00,207,G,,
25/12/2015 12:15,206,G,,
25/12/2015 12:30,206,G,,
25/12/2015 12:45,205,G,,
25/12/2015 13:00,204,G,,
25/12/2015 13:15,204,G,,
25/12/2015 13:30,204,G,,
25/12/2015 13:45,203,G,,
25/12/2015 14:00,202,G,,
25/12/2015 14:15,201,G,,
25/12/2015 14:30,202,G,,
25/12/2015 14:45,200,G,,
25/12/2015 15:00,200,G,,
25/12/2015 15:15,199,G,,
25/12/2015 15:30,200,G,,
25/12/2015 15:45,199,G,,
25/12/2015 16:00,199,G,,
25/12/2015 16:15,198,G,,
25/12/2015 16:30,198,G,,
25/12/2015 16:45,199,G,,
25/12/2015 17:00,198,G,,
25/12/2015 17:15,197,G,,
25/12/2015 17:30,197,G,,
25/12/2015 17:45,197,G,,
25/12/2015 18:00,197,G,,
25/12/2015 18:15,197,G,,
25/12/2015 18:30,197,G,,
25/12/2015 18:45,197,G,,
25/12/2015 19:00,197,G,,
25/12/2015 19:15,198,G,,
25/12/2015 19:30,200,G,,
25/12/2015 19:45,200,G,,
25/12/2015 20:00,199,G,,
25/12/2015 20:15,200,G,,
25/12/2015 20:30,200,G,,
25/12/2015 20:45,201,G,,
25/12/2015 21:00,201,G,,
25/12/2015 21:15,200,G,,
25/12/2015 21:30,203,G,,
25/12/2015 21:45,203,G,,
25/12/2015 22:00,202,G,,
25/12/2015 22:15,204,G,,
25/12/2015 22:30,205,G,,
25/12/2015 22:45,206,G,,
25/12/2015 23:00,206,G,,
25/12/2015 23:15,205,G,,
25/12/2015 23:30,206,G,,
25/12/2015 23:45,207,G,,
26/12/2015 00:00,208,G,,
26/12/2015 00:15,209,G,,
26/12/2015 00:30,210,G,,
26/12/2015 00:45,211,G,,
26/12/2015 01:00,211,G,,
26/12/2015 01:15,213,G,,
26/12/2015 01:30,214,G,,
26/12/2015 01:45,215,G,,
26/12/2015 02:00,217,G,,
26/12/2015 02:15,218,G,,
26/12/2015 02:30,219,G,,
26/12/2015 02:45,221,G,,
26/12/2015 03:00,223,G,,
26/12/2015 03:15,224,G,,
26/12/2015 03:30,226,G,,
26/12/2015 03:45,229,G,,
26/12/2015 04:00,229,G,,
26/12/2015 04:15,232,G,,
26/12/2015 04:30,234,G,,
26/12/2015 04:45,235,G,,
26/12/2015 05:00,237,G,,
26/12/2015 05:15,239,G,,
26/12/2015 05:30,241,G,,
26/12/2015 05:45,243,G,,
26/12/2015 06:00,244,G,,
26/12/2015 06:15,246,G,,
26/12/2015 06:30,250,G,,
26/12/2015 06:45,251,G,,
26/12/2015 07:00,254,G,,
26/12/2015 07:15,255,G,,
26/12/2015 07:30,257,G,,
26/12/2015 07:45,258,G,,
26/12/2015 08:00,261,G,,
26/12/2015 08:15,262,G,,
26/12/2015 08:30,264,G,,
26/12/2015 08:45,267,G,,
26/12/2015 09:00,268,G,,
26/12/2015 09:15,270,G,,
26/12/2015 09:30,273,G,,
26/12/2015 09:45,276,G,,
26/12/2015 10:00,279,G,,
26/12/2015 10:15,281,G,,
26/12/2015 10:30,284,G,,
26/12/2015 10:45,287,G,,
26/12/2015 11:00,287,G,,
26/12/2015 11:15,288,G,,
26/12/2015 11:30,291,G,,
26/12/2015 11:45,293,G,,
26/12/2015 12:00,296,G,,
26/12/2015 12:15,298,G,,
26/12/2015 12:30,299,G,,
26/12/2015 12:45,299,G,,
26/12/2015 13:00,300,G,,
26/12/2015 13:15,301,G,,
26/12/2015 13:30,303,G,,
26/12/2015 13:45,303,G,,
26/12/2015 14:00,303,G,,
26/12/2015 14:15,303,G,,
26/12/2015 14:30,302,G,,
26/12/2015 14:45,305,G,,
26/12/2015 15:00,306,G,,
26/12/2015 15:15,306,G,,
26/12/2015 15:30,305,G,,
26/12/2015 15:45,309,G,,
26/12/2015 16:00,309,G,,
26/12/2015 16:15,314,G,,
26/12/2015 16:30,319,G,,
26/12/2015 16:45,322,G,,
26/12/2015 17:00,326,G,,
26/12/2015 17:15,332,G,,
26/12/2015 17:30,335,G,,
26/12/2015 17:45,339,G,,
26/12/2015 18:00,345,G,,
26/12/2015 18:15,348,G,,
26/12/2015 18:30,352,G,,
26/12/2015 18:45,357,G,,
26/12/2015 19:00,363,G,,
26/12/2015 19:15,367,G,,
26/12/2015 19:30,371,G,,
26/12/2015 19:45,373,G,,
26/12/2015 20:00,380,G,,
26/12/2015 20:15,385,G,,
26/12/2015 20:30,390,G,,
26/12/2015 20:45,398,G,,
26/12/2015 21:00,402,G,,
26/12/2015 21:15,407,G,,
26/12/2015 21:30,417,G,,
26/12/2015 21:45,425,G,,
26/12/2015 22:00,429,G,,
26/12/2015 22:15,435,G,,
26/12/2015 22:30,442,G,,
26/12/2015 22:45,448,G,,
26/12/2015 23:00,454,G,,
26/12/2015 23:15,464,G,,
26/12/2015 23:30,467,G,,
26/12/2015 23:45,477,G,,
27/12/2015 00:00,485,G,,
27/12/2015 00:15,491,G,,"Increased velocities recorded by multiple paths as water released into Clifton Ings, increasing flow. "
27/12/2015 00:30,498,G,,"Increased velocities recorded by multiple paths as water released into Clifton Ings, increasing flow. "
27/12/2015 00:45,504,G,,"Increased velocities recorded by multiple paths as water released into Clifton Ings, increasing flow. "
27/12/2015 01:00,508,G,,"Increased velocities recorded by multiple paths as water released into Clifton Ings, increasing flow. "
27/12/2015 01:15,510,G,,"Increased velocities recorded by multiple paths as water released into Clifton Ings, increasing flow. "
27/12/2015 01:30,516,G,,"Increased velocities recorded by multiple paths as water released into Clifton Ings, increasing flow. "
27/12/2015 01:45,521,G,,"Increased velocities recorded by multiple paths as water released into Clifton Ings, increasing flow. "
27/12/2015 02:00,528,G,,"Increased velocities recorded by multiple paths as water released into Clifton Ings, increasing flow. "
27/12/2015 02:15,527,G,,"Increased velocities recorded by multiple paths as water released into Clifton Ings, increasing flow. "
27/12/2015 02:30,527,G,,"Increased velocities recorded by multiple paths as water released into Clifton Ings, increasing flow. "
27/12/2015 02:45,529,G,,"Increased velocities recorded by multiple paths as water released into Clifton Ings, increasing flow. "
27/12/2015 03:00,536,G,,"Increased velocities recorded by multiple paths as water released into Clifton Ings, increasing flow. "
27/12/2015 03:15,534,G,,"Increased velocities recorded by multiple paths as water released into Clifton Ings, increasing flow. "
27/12/2015 03:30,539,G,,"Increased velocities recorded by multiple paths as water released into Clifton Ings, increasing flow. "
27/12/2015 03:45,542,G,,"Increased velocities recorded by multiple paths as water released into Clifton Ings, increasing flow. "
27/12/2015 04:00,543,G,,"Increased velocities recorded by multiple paths as water released into Clifton Ings, increasing flow. "
27/12/2015 04:15,543,G,,"Clifton Ings suspected to start spilling after 04:00, increasing water levels downstream"
27/12/2015 04:30,544,G,,"Clifton Ings suspected to start spilling after 04:00, increasing water levels downstream"
27/12/2015 04:45,541,G,,"Clifton Ings suspected to start spilling after 04:00, increasing water levels downstream"
27/12/2015 05:00,529,G,,"Clifton Ings suspected to start spilling after 04:00, increasing water levels downstream"
27/12/2015 05:15,520,G,,"Clifton Ings suspected to start spilling after 04:00, increasing water levels downstream"
27/12/2015 05:30,515,G,,"Clifton Ings suspected to start spilling after 04:00, increasing water levels downstream"
27/12/2015 05:45,518,G,,"Clifton Ings suspected to start spilling after 04:00, increasing water levels downstream"
27/12/2015 06:00,514,G,,"Clifton Ings suspected to start spilling after 04:00, increasing water levels downstream"
27/12/2015 06:15,509,G,,"Clifton Ings suspected to start spilling after 04:00, increasing water levels downstream"
27/12/2015 06:30,513,G,,"Clifton Ings suspected to start spilling after 04:00, increasing water levels downstream"
27/12/2015 06:45,513,G,,"Clifton Ings suspected to start spilling after 04:00, increasing water levels downstream"
27/12/2015 07:00,511,G,,"Clifton Ings suspected to start spilling after 04:00, increasing water levels downstream"
27/12/2015 07:15,511,G,,"Clifton Ings suspected to start spilling after 04:00, increasing water levels downstream"
27/12/2015 07:30,508,G,,"Clifton Ings suspected to start spilling after 04:00, increasing water levels downstream"
27/12/2015 07:45,511,G,,"Clifton Ings suspected to start spilling after 04:00, increasing water levels downstream"
27/12/2015 08:00,507,G,,"Clifton Ings suspected to start spilling after 04:00, increasing water levels downstream"
27/12/2015 08:15,507,G,,"Clifton Ings suspected to start spilling after 04:00, increasing water levels downstream"
27/12/2015 08:30,506,G,,"Clifton Ings suspected to start spilling after 04:00, increasing water levels downstream"
27/12/2015 08:45,507,G,,"Clifton Ings suspected to start spilling after 04:00, increasing water levels downstream"
27/12/2015 09:00,506,G,,"Clifton Ings suspected to start spilling after 04:00, increasing water levels downstream"
27/12/2015 09:15,504,G,,"Clifton Ings suspected to start spilling after 04:00, increasing water levels downstream"
27/12/2015 09:30,506,G,,"Clifton Ings suspected to start spilling after 04:00, increasing water levels downstream"
27/12/2015 09:45,502,G,,"Clifton Ings suspected to start spilling after 04:00, increasing water levels downstream"
27/12/2015 10:00,500,G,,"Clifton Ings suspected to start spilling after 04:00, increasing water levels downstream"
27/12/2015 10:15,503,G,,"Clifton Ings suspected to start spilling after 04:00, increasing water levels downstream"
27/12/2015 10:30,501,G,,"Clifton Ings suspected to start spilling after 04:00, increasing water levels downstream"
27/12/2015 10:45,504,G,,"Clifton Ings suspected to start spilling after 04:00, increasing water levels downstream"
27/12/2015 11:00,506,G,,"Clifton Ings suspected to start spilling after 04:00, increasing water levels downstream"
27/12/2015 11:15,506,G,,
27/12/2015 11:30,508,G,,
27/12/2015 11:45,506,G,,
27/12/2015 12:00,504,G,,
27/12/2015 12:15,509,G,,
27/12/2015 12:30,507,G,,
27/12/2015 12:45,510,G,,
27/12/2015 13:00,509,G,,
27/12/2015 13:15,510,G,,
27/12/2015 13:30,508,G,,
27/12/2015 13:45,511,G,,
27/12/2015 14:00,509,G,,
27/12/2015 14:15,513,G,,
27/12/2015 14:30,512,G,,
27/12/2015 14:45,516,G,,ADCP gauging carried out. Gauged flow = 488.664m3/s. Stage rising.
27/12/2015 15:00,514,G,,ADCP gauging carried out. Gauged flow = 488.664m3/s. Stage rising.
27/12/2015 15:15,511,G,,ADCP gauging carried out. Gauged flow = 488.664m3/s. Stage rising.
27/12/2015 15:30,512,G,,
27/12/2015 15:45,516,G,,
27/12/2015 16:00,516,G,,
27/12/2015 16:15,518,G,,
27/12/2015 16:30,511,G,,
27/12/2015 16:45,522,G,,
27/12/2015 17:00,521,G,,
27/12/2015 17:15,519,G,,
27/12/2015 17:30,517,G,,
27/12/2015 17:45,519,G,,
27/12/2015 18:00,525,G,,
27/12/2015 18:15,517,G,,
27/12/2015 18:30,521,G,,
27/12/2015 18:45,523,G,,
27/12/2015 19:00,524,G,,
27/12/2015 19:15,528,G,,
27/12/2015 19:30,528,G,,
27/12/2015 19:45,527,G,,
27/12/2015 20:00,529,G,,
27/12/2015 20:15,531,G,,
27/12/2015 20:30,529,G,,
27/12/2015 20:45,528,G,,
27/12/2015 21:00,531,G,,
27/12/2015 21:15,529,G,,
27/12/2015 21:30,529,G,,
27/12/2015 21:45,530,G,,
27/12/2015 22:00,528,G,,
27/12/2015 22:15,530,G,,
27/12/2015 22:30,529,G,,
27/12/2015 22:45,533,G,,
27/12/2015 23:00,532,G,,
27/12/2015 23:15,532,G,,
27/12/2015 23:30,532,G,,
27/12/2015 23:45,533,G,,
28/12/2015 00:00,529,G,,
28/12/2015 00:15,529,G,,
28/12/2015 00:30,532,G,,
28/12/2015 00:45,529,G,,
28/12/2015 01:00,531,G,,
28/12/2015 01:15,528,G,,
28/12/2015 01:30,530,G,,
28/12/2015 01:45,529,G,,
28/12/2015 02:00,532,G,,
28/12/2015 02:15,531,G,,
28/12/2015 02:30,528,G,,
28/12/2015 02:45,527,G,,
28/12/2015 03:00,529,G,,
28/12/2015 03:15,528,G,,
28/12/2015 03:30,529,G,,
28/12/2015 03:45,527,G,,
28/12/2015 04:00,525,G,,
28/12/2015 04:15,526,G,,
28/12/2015 04:30,523,G,,
28/12/2015 04:45,521,G,,
28/12/2015 05:00,524,G,,
28/12/2015 05:15,524,G,,
28/12/2015 05:30,521,G,,
28/12/2015 05:45,518,G,,
28/12/2015 06:00,520,G,,
28/12/2015 06:15,517,G,,
28/12/2015 06:30,519,G,,
28/12/2015 06:45,517,G,,
28/12/2015 07:00,515,G,,
28/12/2015 07:15,522,G,,
28/12/2015 07:30,517,G,,
28/12/2015 07:45,516,G,,
28/12/2015 08:00,516,G,,
28/12/2015 08:15,513,G,,
28/12/2015 08:30,511,G,,
28/12/2015 08:45,515,G,,
28/12/2015 09:00,513,G,,
28/12/2015 09:15,509,G,,
28/12/2015 09:30,507,G,,
28/12/2015 09:45,509,G,,
28/12/2015 10:00,504,G,,
28/12/2015 10:15,508,G,,
28/12/2015 10:30,504,G,,
28/12/2015 10:45,501,G,,
28/12/2015 11:00,500,G,,
28/12/2015 11:15,499,G,,
28/12/2015 11:30,500,G,,
28/12/2015 11:45,506,G,,
28/12/2015 12:00,497,G,,
28/12/2015 12:15,499,G,,
28/12/2015 12:30,496,G,,
28/12/2015 12:45,494,G,,
28/12/2015 13:00,498,G,,
28/12/2015 13:15,492,G,,
28/12/2015 13:30,496,G,,
28/12/2015 13:45,493,G,,
28/12/2015 14:00,488,G,,
28/12/2015 14:15,493,G,,
28/12/2015 14:30,492,G,,
28/12/2015 14:45,487,G,,
28/12/2015 15:00,488,G,,
28/12/2015 15:15,487,G,,
28/12/2015 15:30,487,G,,
28/12/2015 15:45,484,G,,
28/12/2015 16:00,482,G,,
28/12/2015 16:15,482,G,,
28/12/2015 16:30,484,G,,
28/12/2015 16:45,482,G,,
28/12/2015 17:00,478,G,,
28/12/2015 17:15,477,G,,
28/12/2015 17:30,478,G,,
28/12/2015 17:45,475,G,,
28/12/2015 18:00,473,G,,
28/12/2015 18:15,472,G,,
28/12/2015 18:30,470,G,,
28/12/2015 18:45,466,G,,
28/12/2015 19:00,464,G,,
28/12/2015 19:15,466,G,,
28/12/2015 19:30,463,G,,
28/12/2015 19:45,463,G,,
28/12/2015 20:00,462,G,,
28/12/2015 20:15,462,G,,
28/12/2015 20:30,459,G,,
28/12/2015 20:45,459,G,,
28/12/2015 21:00,456,G,,
28/12/2015 21:15,456,G,,
28/12/2015 21:30,458,G,,
28/12/2015 21:45,455,G,,
28/12/2015 22:00,451,G,,
28/12/2015 22:15,451,G,,
28/12/2015 22:30,449,G,,
28/12/2015 22:45,446,G,,
28/12/2015 23:00,448,G,,
28/12/2015 23:15,448,G,,
28/12/2015 23:30,446,G,,
28/12/2015 23:45,444,G,,
29/12/2015 00:00,444,G,,
29/12/2015 00:15,440,G,,
29/12/2015 00:30,440,G,,
29/12/2015 00:45,439,G,,
29/12/2015 01:00,438,G,,
29/12/2015 01:15,437,G,,
29/12/2015 01:30,437,G,,
29/12/2015 01:45,434,G,,
29/12/2015 02:00,431,G,,
29/12/2015 02:15,429,G,,
29/12/2015 02:30,428,G,,
29/12/2015 02:45,429,G,,
29/12/2015 03:00,427,G,,
29/12/2015 03:15,424,G,,
29/12/2015 03:30,424,G,,
29/12/2015 03:45,427,G,,
29/12/2015 04:00,423,G,,
29/12/2015 04:15,422,G,,
29/12/2015 04:30,420,G,,
29/12/2015 04:45,420,G,,
29/12/2015 05:00,418,G,,
29/12/2015 05:15,417,G,,
29/12/2015 05:30,415,G,,
29/12/2015 05:45,412,G,,
29/12/2015 06:00,411,G,,
29/12/2015 06:15,408,G,,
29/12/2015 06:30,407,G,,
29/12/2015 06:45,402,G,,
29/12/2015 07:00,404,G,,
29/12/2015 07:15,404,G,,
29/12/2015 07:30,402,G,,
29/12/2015 07:45,400,G,,
29/12/2015 08:00,400,G,,
29/12/2015 08:15,399,G,,
29/12/2015 08:30,398,G,,
29/12/2015 08:45,397,G,,
29/12/2015 09:00,396,G,,
29/12/2015 09:15,392,G,,
29/12/2015 09:30,392,G,,
29/12/2015 09:45,393,G,,
29/12/2015 10:00,390,G,,
29/12/2015 10:15,387,G,,
29/12/2015 10:30,387,G,,
29/12/2015 10:45,387,G,,
29/12/2015 11:00,388,G,,
29/12/2015 11:15,383,G,,
29/12/2015 11:30,384,G,,
29/12/2015 11:45,381,G,,
29/12/2015 12:00,383,G,,
29/12/2015 12:15,379,G,,
29/12/2015 12:30,378,G,,
29/12/2015 12:45,377,G,,
29/12/2015 13:00,378,G,,
29/12/2015 13:15,376,G,,
29/12/2015 13:30,373,G,,
29/12/2015 13:45,376,G,,
29/12/2015 14:00,373,G,,
29/12/2015 14:15,372,G,,
29/12/2015 14:30,371,G,,
29/12/2015 14:45,371,G,,
29/12/2015 15:00,368,G,,
29/12/2015 15:15,366,G,,
29/12/2015 15:30,366,G,,
29/12/2015 15:45,364,G,,
29/12/2015 16:00,362,G,,
29/12/2015 16:15,364,G,,
29/12/2015 16:30,362,G,,
29/12/2015 16:45,360,G,,
29/12/2015 17:00,359,G,,
29/12/2015 17:15,359,G,,
29/12/2015 17:30,358,G,,
29/12/2015 17:45,356,G,,
29/12/2015 18:00,353,G,,
29/12/2015 18:15,353,G,,
29/12/2015 18:30,352,G,,
29/12/2015 18:45,351,G,,
29/12/2015 19:00,350,G,,
29/12/2015 19:15,350,G,,
29/12/2015 19:30,347,G,,
29/12/2015 19:45,347,G,,
29/12/2015 20:00,346,G,,
29/12/2015 20:15,343,G,,
29/12/2015 20:30,343,G,,
29/12/2015 20:45,342,G,,
29/12/2015 21:00,340,G,,
29/12/2015 21:15,340,G,,
29/12/2015 21:30,339,G,,
29/12/2015 21:45,337,G,,
29/12/2015 22:00,336,G,,
29/12/2015 22:15,336,G,,
29/12/2015 22:30,336,G,,
29/12/2015 22:45,335,G,,
29/12/2015 23:00,333,G,,
29/12/2015 23:15,332,G,,
29/12/2015 23:30,331,G,,
29/12/2015 23:45,329,G,,
30/12/2015 00:00,328,G,,
30/12/2015 00:15,325,G,,
30/12/2015 00:30,322,G,,
30/12/2015 00:45,321,G,,
30/12/2015 01:00,321,G,,
30/12/2015 01:15,321,G,,
30/12/2015 01:30,321,G,,
30/12/2015 01:45,319,G,,
30/12/2015 02:00,318,G,,
30/12/2015 02:15,318,G,,
30/12/2015 02:30,317,G,,
30/12/2015 02:45,315,G,,
30/12/2015 03:00,313,G,,
30/12/2015 03:15,312,G,,
30/12/2015 03:30,310,G,,
30/12/2015 03:45,309,G,,
30/12/2015 04:00,309,G,,
30/12/2015 04:15,309,G,,
30/12/2015 04:30,308,G,,
30/12/2015 04:45,307,G,,
30/12/2015 05:00,306,G,,
30/12/2015 05:15,306,G,,
30/12/2015 05:30,305,G,,
30/12/2015 05:45,303,G,,
30/12/2015 06:00,302,G,,
30/12/2015 06:15,300,G,,
30/12/2015 06:30,300,G,,
30/12/2015 06:45,300,G,,
30/12/2015 07:00,298,G,,
30/12/2015 07:15,299,G,,
30/12/2015 07:30,296,G,,
30/12/2015 07:45,297,G,,
30/12/2015 08:00,294,G,,
30/12/2015 08:15,294,G,,
30/12/2015 08:30,295,G,,
30/12/2015 08:45,294,G,,
30/12/2015 09:00,292,G,,
30/12/2015 09:15,292,G,,
30/12/2015 09:30,290,G,,
30/12/2015 09:45,290,G,,
30/12/2015 10:00,289,G,,
30/12/2015 10:15,289,G,,
30/12/2015 10:30,286,G,,
30/12/2015 10:45,286,G,,
30/12/2015 11:00,286,G,,
30/12/2015 11:15,287,G,,
30/12/2015 11:30,286,G,,
30/12/2015 11:45,285,G,,
30/12/2015 12:00,284,G,,
30/12/2015 12:15,284,G,,
30/12/2015 12:30,283,G,,
30/12/2015 12:45,283,G,,
30/12/2015 13:00,283,G,,
30/12/2015 13:15,281,G,,
30/12/2015 13:30,283,G,,
30/12/2015 13:45,281,G,,
30/12/2015 14:00,280,G,,
30/12/2015 14:15,279,G,,
30/12/2015 14:30,280,G,,
30/12/2015 14:45,278,G,,
30/12/2015 15:00,279,G,,
30/12/2015 15:15,278,G,,
30/12/2015 15:30,276,G,,
30/12/2015 15:45,276,G,,
30/12/2015 16:00,273,G,,
30/12/2015 16:15,273,G,,
30/12/2015 16:30,272,G,,
30/12/2015 16:45,272,G,,
30/12/2015 17:00,271,G,,
30/12/2015 17:15,271,G,,
30/12/2015 17:30,269,G,,
30/12/2015 17:45,270,G,,
30/12/2015 18:00,268,G,,
30/12/2015 18:15,267,G,,
30/12/2015 18:30,268,G,,
30/12/2015 18:45,269,G,,
30/12/2015 19:00,267,G,,
30/12/2015 19:15,267,G,,
30/12/2015 19:30,267,G,,
30/12/2015 19:45,266,G,,
30/12/2015 20:00,264,G,,
30/12/2015 20:15,264,G,,
30/12/2015 20:30,264,G,,
30/12/2015 20:45,263,G,,
30/12/2015 21:00,263,G,,
30/12/2015 21:15,262,G,,
30/12/2015 21:30,262,G,,
30/12/2015 21:45,261,G,,
30/12/2015 22:00,261,G,,
30/12/2015 22:15,260,G,,
30/12/2015 22:30,260,G,,
30/12/2015 22:45,259,G,,
30/12/2015 23:00,259,G,,
30/12/2015 23:15,258,G,,
30/12/2015 23:30,257,G,,
30/12/2015 23:45,259,G,,
31/12/2015 00:00,259,G,,
31/12/2015 00:15,258,G,,
31/12/2015 00:30,257,G,,
31/12/2015 00:45,258,G,,
31/12/2015 01:00,256,G,,
31/12/2015 01:15,256,G,,
31/12/2015 01:30,255,G,,
31/12/2015 01:45,256,G,,
31/12/2015 02:00,256,G,,
31/12/2015 02:15,255,G,,
31/12/2015 02:30,255,G,,
31/12/2015 02:45,257,G,,
31/12/2015 03:00,256,G,,
31/12/2015 03:15,256,G,,
31/12/2015 03:30,255,G,,
31/12/2015 03:45,257,G,,
31/12/2015 04:00,257,G,,
31/12/2015 04:15,258,G,,
31/12/2015 04:30,256,G,,
31/12/2015 04:45,257,G,,
31/12/2015 05:00,257,G,,
31/12/2015 05:15,258,G,,
31/12/2015 05:30,256,G,,
31/12/2015 05:45,258,G,,
31/12/2015 06:00,257,G,,
31/12/2015 06:15,259,G,,
31/12/2015 06:30,257,G,,
31/12/2015 06:45,258,G,,
31/12/2015 07:00,257,G,,
31/12/2015 07:15,258,G,,
31/12/2015 07:30,258,G,,
31/12/2015 07:45,258,G,,
31/12/2015 08:00,258,G,,
31/12/2015 08:15,258,G,,
31/12/2015 08:30,259,G,,
31/12/2015 08:45,258,G,,
31/12/2015 09:00,259,G,,
31/12/2015 09:15,258,G,,
31/12/2015 09:30,259,G,,
31/12/2015 09:45,258,G,,
31/12/2015 10:00,258,G,,
31/12/2015 10:15,257,G,,
31/12/2015 10:30,256,G,,
31/12/2015 10:45,259,G,,
31/12/2015 11:00,257,G,,
31/12/2015 11:15,257,G,,
31/12/2015 11:30,257,G,,
31/12/2015 11:45,257,G,,
31/12/2015 12:00,257,G,,
31/12/2015 12:15,257,G,,
31/12/2015 12:30,258,G,,
31/12/2015 12:45,259,G,,
31/12/2015 13:00,257,G,,
31/12/2015 13:15,259,G,,
31/12/2015 13:30,258,G,,
31/12/2015 13:45,258,G,,
31/12/2015 14:00,258,G,,
31/12/2015 14:15,259,G,,
31/12/2015 14:30,258,G,,
31/12/2015 14:45,258,G,,
31/12/2015 15:00,259,G,,
31/12/2015 15:15,259,G,,
31/12/2015 15:30,259,G,,
31/12/2015 15:45,258,G,,
31/12/2015 16:00,259,G,,
31/12/2015 16:15,258,G,,
31/12/2015 16:30,257,G,,
31/12/2015 16:45,257,G,,
31/12/2015 17:00,258,G,,
31/12/2015 17:15,258,G,,
31/12/2015 17:30,257,G,,
31/12/2015 17:45,257,G,,
31/12/2015 18:00,257,G,,
31/12/2015 18:15,257,G,,
31/12/2015 18:30,256,G,,
31/12/2015 18:45,256,G,,
31/12/2015 19:00,258,G,,
31/12/2015 19:15,257,G,,
31/12/2015 19:30,257,G,,
31/12/2015 19:45,257,G,,
31/12/2015 20:00,256,G,,
31/12/2015 20:15,257,G,,
31/12/2015 20:30,255,G,,
31/12/2015 20:45,255,G,,
31/12/2015 21:00,255,G,,
31/12/2015 21:15,256,G,,
31/12/2015 21:30,254,G,,
31/12/2015 21:45,254,G,,
31/12/2015 22:00,255,G,,
31/12/2015 22:15,254,G,,
31/12/2015 22:30,254,G,,
31/12/2015 22:45,254,G,,
31/12/2015 23:00,255,G,,
31/12/2015 23:15,254,G,,
31/12/2015 23:30,254,G,,
31/12/2015 23:45,253,G,,
01/01/2016 00:00,253,G,,
01/01/2016 00:15,253,G,,
01/01/2016 00:30,253,G,,
01/01/2016 00:45,253,G,,
01/01/2016 01:00,252,G,,
01/01/2016 01:15,252,G,,
01/01/2016 01:30,252,G,,
01/01/2016 01:45,252,G,,
01/01/2016 02:00,251,G,,
01/01/2016 02:15,251,G,,
01/01/2016 02:30,251,G,,
01/01/2016 02:45,251,G,,
01/01/2016 03:00,249,G,,
01/01/2016 03:15,250,G,,
01/01/2016 03:30,251,G,,
01/01/2016 03:45,249,G,,
01/01/2016 04:00,250,G,,
01/01/2016 04:15,249,G,,
01/01/2016 04:30,249,G,,
01/01/2016 04:45,250,G,,
01/01/2016 05:00,250,G,,
01/01/2016 05:15,249,G,,
01/01/2016 05:30,249,G,,
01/01/2016 05:45,248,G,,
01/01/2016 06:00,248,G,,
01/01/2016 06:15,248,G,,
01/01/2016 06:30,248,G,,
01/01/2016 06:45,247,G,,
01/01/2016 07:00,248,G,,
01/01/2016 07:15,247,G,,
01/01/2016 07:30,247,G,,
01/01/2016 07:45,247,G,,
01/01/2016 08:00,247,G,,
01/01/2016 08:15,247,G,,
01/01/2016 08:30,246,G,,
01/01/2016 08:45,246,G,,
01/01/2016 09:00,247,G,,
01/01/2016 09:15,247,G,,
01/01/2016 09:30,248,G,,
01/01/2016 09:45,246,G,,
01/01/2016 10:00,246,G,,
01/01/2016 10:15,247,G,,
01/01/2016 10:30,247,G,,
01/01/2016 10:45,247,G,,
01/01/2016 11:00,247,G,,
01/01/2016 11:15,247,G,,
01/01/2016 11:30,247,G,,
01/01/2016 11:45,246,G,,
01/01/2016 12:00,247,G,,
01/01/2016 12:15,246,G,,
01/01/2016 12:30,247,G,,
01/01/2016 12:45,246,G,,
01/01/2016 13:00,247,G,,
01/01/2016 13:15,246,G,,
01/01/2016 13:30,246,G,,
01/01/2016 13:45,247,G,,
01/01/2016 14:00,246,G,,
01/01/2016 14:15,246,G,,
01/01/2016 14:30,247,G,,
01/01/2016 14:45,246,G,,
01/01/2016 15:00,246,G,,
01/01/2016 15:15,246,G,,
01/01/2016 15:30,246,G,,
01/01/2016 15:45,246,G,,
01/01/2016 16:00,246,G,,
01/01/2016 16:15,246,G,,
01/01/2016 16:30,245,G,,
01/01/2016 16:45,245,G,,
01/01/2016 17:00,245,G,,
01/01/2016 17:15,245,G,,
01/01/2016 17:30,245,G,,
01/01/2016 17:45,245,G,,
01/01/2016 18:00,245,G,,
01/01/2016 18:15,245,G,,
01/01/2016 18:30,244,G,,
01/01/2016 18:45,243,G,,
01/01/2016 19:00,243,G,,
01/01/2016 19:15,243,G,,
01/01/2016 19:30,243,G,,
01/01/2016 19:45,243,G,,
01/01/2016 20:00,242,G,,
01/01/2016 20:15,242,G,,
01/01/2016 20:30,242,G,,
01/01/2016 20:45,242,G,,
01/01/2016 21:00,241,G,,
01/01/2016 21:15,241,G,,
01/01/2016 21:30,240,G,,
01/01/2016 21:45,240,G,,
01/01/2016 22:00,239,G,,
01/01/2016 22:15,239,G,,
01/01/2016 22:30,238,G,,
01/01/2016 22:45,239,G,,
01/01/2016 23:00,239,G,,
01/01/2016 23:15,238,G,,
01/01/2016 23:30,238,G,,
01/01/2016 23:45,237,G,,
02/01/2016 00:00,237,G,,
02/01/2016 00:15,237,G,,
02/01/2016 00:30,235,G,,
02/01/2016 00:45,236,G,,
02/01/2016 01:00,235,G,,
02/01/2016 01:15,235,G,,
02/01/2016 01:30,235,G,,
02/01/2016 01:45,234,G,,
02/01/2016 02:00,234,G,,
02/01/2016 02:15,233,G,,
02/01/2016 02:30,234,G,,
02/01/2016 02:45,233,G,,
02/01/2016 03:00,233,G,,
02/01/2016 03:15,232,G,,
02/01/2016 03:30,231,G,,
02/01/2016 03:45,231,G,,
02/01/2016 04:00,232,G,,
02/01/2016 04:15,230,G,,
02/01/2016 04:30,231,G,,
02/01/2016 04:45,231,G,,
02/01/2016 05:00,230,G,,
02/01/2016 05:15,229,G,,
02/01/2016 05:30,229,G,,
02/01/2016 05:45,229,G,,
02/01/2016 06:00,229,G,,
02/01/2016 06:15,228,G,,
02/01/2016 06:30,228,G,,
02/01/2016 06:45,227,G,,
02/01/2016 07:00,227,G,,
02/01/2016 07:15,227,G,,
02/01/2016 07:30,227,G,,
02/01/2016 07:45,227,G,,
02/01/2016 08:00,226,G,,
02/01/2016 08:15,225,G,,
02/01/2016 08:30,225,G,,
02/01/2016 08:45,225,G,,
02/01/2016 09:00,226,G,,
02/01/2016 09:15,225,G,,
02/01/2016 09:30,225,G,,
02/01/2016 09:45,225,G,,
02/01/2016 10:00,225,G,,
02/01/2016 10:15,225,G,,
02/01/2016 10:30,225,G,,
02/01/2016 10:45,225,G,,
02/01/2016 11:00,225,G,,
02/01/2016 11:15,225,G,,
02/01/2016 11:30,225,G,,
02/01/2016 11:45,224,G,,
02/01/2016 12:00,225,G,,
02/01/2016 12:15,225,G,,
02/01/2016 12:30,226,G,,
02/01/2016 12:45,225,G,,
02/01/2016 13:00,225,G,,
02/01/2016 13:15,225,G,,
02/01/2016 13:30,225,G,,
02/01/2016 13:45,225,G,,
02/01/2016 14:00,225,G,,
02/01/2016 14:15,226,G,,
02/01/2016 14:30,226,G,,
02/01/2016 14:45,226,G,,
02/01/2016 15:00,227,G,,
02/01/2016 15:15,226,G,,
02/01/2016 15:30,226,G,,
02/01/2016 15:45,227,G,,
02/01/2016 16:00,226,G,,
02/01/2016 16:15,227,G,,
02/01/2016 16:30,227,G,,
02/01/2016 16:45,227,G,,
02/01/2016 17:00,228,G,,
02/01/2016 17:15,228,G,,
02/01/2016 17:30,227,G,,
02/01/2016 17:45,227,G,,
02/01/2016 18:00,228,G,,
02/01/2016 18:15,228,G,,
02/01/2016 18:30,228,G,,
02/01/2016 18:45,229,G,,
02/01/2016 19:00,229,G,,
02/01/2016 19:15,228,G,,
02/01/2016 19:30,229,G,,
02/01/2016 19:45,229,G,,
02/01/2016 20:00,229,G,,
02/01/2016 20:15,229,G,,
02/01/2016 20:30,230,G,,
02/01/2016 20:45,229,G,,
02/01/2016 21:00,229,G,,
02/01/2016 21:15,229,G,,
02/01/2016 21:30,229,G,,
02/01/2016 21:45,229,G,,
02/01/2016 22:00,230,G,,
02/01/2016 22:15,230,G,,
02/01/2016 22:30,230,G,,
02/01/2016 22:45,229,G,,
02/01/2016 23:00,230,G,,
02/01/2016 23:15,231,G,,
02/01/2016 23:30,231,G,,
02/01/2016 23:45,230,G,,
03/01/2016 00:00,231,G,,
03/01/2016 00:15,230,G,,
03/01/2016 00:30,230,G,,
03/01/2016 00:45,231,G,,
03/01/2016 01:00,231,G,,
03/01/2016 01:15,230,G,,
03/01/2016 01:30,231,G,,
03/01/2016 01:45,231,G,,
03/01/2016 02:00,231,G,,
03/01/2016 02:15,231,G,,
03/01/2016 02:30,231,G,,
03/01/2016 02:45,231,G,,
03/01/2016 03:00,231,G,,
03/01/2016 03:15,231,G,,
03/01/2016 03:30,231,G,,
03/01/2016 03:45,231,G,,
03/01/2016 04:00,232,G,,
03/01/2016 04:15,231,G,,
03/01/2016 04:30,232,G,,
03/01/2016 04:45,231,G,,
03/01/2016 05:00,232,G,,
03/01/2016 05:15,231,G,,
03/01/2016 05:30,232,G,,
03/01/2016 05:45,231,G,,
03/01/2016 06:00,231,G,,
03/01/2016 06:15,232,G,,
03/01/2016 06:30,231,G,,
03/01/2016 06:45,232,G,,
03/01/2016 07:00,232,G,,
03/01/2016 07:15,232,G,,
03/01/2016 07:30,232,G,,
03/01/2016 07:45,232,G,,
03/01/2016 08:00,232,G,,
03/01/2016 08:15,232,G,,
03/01/2016 08:30,232,G,,
03/01/2016 08:45,232,G,,
03/01/2016 09:00,233,G,,
03/01/2016 09:15,232,G,,
03/01/2016 09:30,232,G,,
03/01/2016 09:45,233,G,,
03/01/2016 10:00,232,G,,
03/01/2016 10:15,233,G,,
03/01/2016 10:30,233,G,,
03/01/2016 10:45,233,G,,
03/01/2016 11:00,233,G,,
03/01/2016 11:15,233,G,,
03/01/2016 11:30,233,G,,
03/01/2016 11:45,233,G,,
03/01/2016 12:00,234,G,,
03/01/2016 12:15,234,G,,
03/01/2016 12:30,234,G,,
03/01/2016 12:45,234,G,,
03/01/2016 13:00,234,G,,
03/01/2016 13:15,234,G,,
03/01/2016 13:30,234,G,,
03/01/2016 13:45,234,G,,
03/01/2016 14:00,234,G,,
03/01/2016 14:15,234,G,,
03/01/2016 14:30,234,G,,
03/01/2016 14:45,234,G,,
03/01/2016 15:00,234,G,,
03/01/2016 15:15,234,G,,
03/01/2016 15:30,235,G,,
03/01/2016 15:45,234,G,,
03/01/2016 16:00,235,G,,
03/01/2016 16:15,235,G,,
03/01/2016 16:30,235,G,,
03/01/2016 16:45,235,G,,
03/01/2016 17:00,234,G,,
03/01/2016 17:15,235,G,,
03/01/2016 17:30,235,G,,
03/01/2016 17:45,235,G,,
03/01/2016 18:00,236,G,,
03/01/2016 18:15,236,G,,
03/01/2016 18:30,237,G,,
03/01/2016 18:45,237,G,,
03/01/2016 19:00,238,G,,
03/01/2016 19:15,237,G,,
03/01/2016 19:30,238,G,,
03/01/2016 19:45,238,G,,
03/01/2016 20:00,238,G,,
03/01/2016 20:15,238,G,,
03/01/2016 20:30,240,G,,
03/01/2016 20:45,240,G,,
03/01/2016 21:00,241,G,,
03/01/2016 21:15,241,G,,
03/01/2016 21:30,241,G,,
03/01/2016 21:45,241,G,,
03/01/2016 22:00,242,G,,
03/01/2016 22:15,242,G,,
03/01/2016 22:30,244,G,,
03/01/2016 22:45,244,G,,
03/01/2016 23:00,244,G,,
03/01/2016 23:15,245,G,,
03/01/2016 23:30,245,G,,
03/01/2016 23:45,246,G,,
04/01/2016 00:00,246,G,,
04/01/2016 00:15,247,G,,
04/01/2016 00:30,247,G,,
04/01/2016 00:45,247,G,,
04/01/2016 01:00,248,G,,
04/01/2016 01:15,248,G,,
04/01/2016 01:30,250,G,,
04/01/2016 01:45,250,G,,
04/01/2016 02:00,251,G,,
04/01/2016 02:15,251,G,,
04/01/2016 02:30,252,G,,
04/01/2016 02:45,253,G,,
04/01/2016 03:00,254,G,,
04/01/2016 03:15,254,G,,
04/01/2016 03:30,256,G,,
04/01/2016 03:45,256,G,,
04/01/2016 04:00,257,G,,
04/01/2016 04:15,259,G,,
04/01/2016 04:30,259,G,,
04/01/2016 04:45,260,G,,
04/01/2016 05:00,261,G,,
04/01/2016 05:15,262,G,,
04/01/2016 05:30,263,G,,
04/01/2016 05:45,264,G,,
04/01/2016 06:00,265,G,,
04/01/2016 06:15,267,G,,
04/01/2016 06:30,267,G,,
04/01/2016 06:45,269,G,,
04/01/2016 07:00,271,G,,
04/01/2016 07:15,272,G,,
04/01/2016 07:30,272,G,,
04/01/2016 07:45,274,G,,
04/01/2016 08:00,274,G,,
04/01/2016 08:15,276,G,,
04/01/2016 08:30,277,G,,
04/01/2016 08:45,279,G,,
04/01/2016 09:00,279,G,,
04/01/2016 09:15,281,G,,
04/01/2016 09:30,282,G,,
04/01/2016 09:45,283,G,,
04/01/2016 10:00,284,G,,
04/01/2016 10:15,285,G,,
04/01/2016 10:30,286,G,,
04/01/2016 10:45,285,G,,
04/01/2016 11:00,286,G,,
04/01/2016 11:15,286,G,,
04/01/2016 11:30,288,G,,
04/01/2016 11:45,289,G,,
04/01/2016 12:00,289,G,,
04/01/2016 12:15,290,G,,
04/01/2016 12:30,291,G,,
04/01/2016 12:45,291,G,,
04/01/2016 13:00,293,G,,
04/01/2016 13:15,292,G,,
04/01/2016 13:30,293,G,,
04/01/2016 13:45,295,G,,
04/01/2016 14:00,296,G,,
04/01/2016 14:15,295,G,,
04/01/2016 14:30,297,G,,
04/01/2016 14:45,297,G,,
04/01/2016 15:00,298,G,,
04/01/2016 15:15,298,G,,
04/01/2016 15:30,299,G,,
04/01/2016 15:45,298,G,,
04/01/2016 16:00,298,G,,
04/01/2016 16:15,297,G,,
04/01/2016 16:30,299,G,,
04/01/2016 16:45,299,G,,
04/01/2016 17:00,299,G,,
04/01/2016 17:15,300,G,,
04/01/2016 17:30,300,G,,
04/01/2016 17:45,298,G,,
04/01/2016 18:00,299,G,,
04/01/2016 18:15,298,G,,
04/01/2016 18:30,299,G,,
04/01/2016 18:45,299,G,,
04/01/2016 19:00,298,G,,
04/01/2016 19:15,299,G,,
04/01/2016 19:30,297,G,,
04/01/2016 19:45,298,G,,
04/01/2016 20:00,298,G,,
04/01/2016 20:15,296,G,,
04/01/2016 20:30,295,G,,
04/01/2016 20:45,296,G,,
04/01/2016 21:00,296,G,,
04/01/2016 21:15,296,G,,
04/01/2016 21:30,294,G,,
04/01/2016 21:45,295,G,,
04/01/2016 22:00,295,G,,
04/01/2016 22:15,295,G,,
04/01/2016 22:30,293,G,,
04/01/2016 22:45,293,G,,
04/01/2016 23:00,292,G,,
04/01/2016 23:15,291,G,,
04/01/2016 23:30,291,G,,
04/01/2016 23:45,291,G,,
05/01/2016 00:00,291,G,,
05/01/2016 00:15,292,G,,
05/01/2016 00:30,290,G,,
05/01/2016 00:45,289,G,,
05/01/2016 01:00,290,G,,
05/01/2016 01:15,289,G,,
05/01/2016 01:30,290,G,,
05/01/2016 01:45,290,G,,
05/01/2016 02:00,289,G,,
05/01/2016 02:15,288,G,,
05/01/2016 02:30,288,G,,
05/01/2016 02:45,288,G,,
05/01/2016 03:00,287,G,,
05/01/2016 03:15,287,G,,
05/01/2016 03:30,286,G,,
05/01/2016 03:45,285,G,,
05/01/2016 04:00,286,G,,
05/01/2016 04:15,286,G,,
05/01/2016 04:30,283,G,,
05/01/2016 04:45,283,G,,
05/01/2016 05:00,283,G,,
05/01/2016 05:15,283,G,,
05/01/2016 05:30,281,G,,
05/01/2016 05:45,281,G,,
05/01/2016 06:00,282,G,,
05/01/2016 06:15,281,G,,
05/01/2016 06:30,280,G,,
05/01/2016 06:45,281,G,,
05/01/2016 07:00,279,G,,
05/01/2016 07:15,279,G,,
05/01/2016 07:30,279,G,,
05/01/2016 07:45,279,G,,
05/01/2016 08:00,279,G,,
05/01/2016 08:15,277,G,,
05/01/2016 08:30,276,G,,
05/01/2016 08:45,276,G,,
05/01/2016 09:00,276,G,,
05/01/2016 09:15,276,G,,
05/01/2016 09:30,274,G,,
05/01/2016 09:45,275,G,,
05/01/2016 10:00,275,G,,
05/01/2016 10:15,274,G,,
05/01/2016 10:30,274,G,,
05/01/2016 10:45,274,G,,
05/01/2016 11:00,273,G,,
05/01/2016 11:15,273,G,,
05/01/2016 11:30,273,G,,
05/01/2016 11:45,273,G,,
05/01/2016 12:00,272,G,,
05/01/2016 12:15,272,G,,
05/01/2016 12:30,273,G,,
05/01/2016 12:45,271,G,,
05/01/2016 13:00,272,G,,
05/01/2016 13:15,271,G,,
05/01/2016 13:30,273,G,,
05/01/2016 13:45,274,G,,
05/01/2016 14:00,274,G,,
05/01/2016 14:15,274,G,,
05/01/2016 14:30,274,G,,
05/01/2016 14:45,275,G,,
05/01/2016 15:00,274,G,,
05/01/2016 15:15,275,G,,
05/01/2016 15:30,274,G,,
05/01/2016 15:45,274,G,,
05/01/2016 16:00,274,G,,
05/01/2016 16:15,274,G,,
05/01/2016 16:30,276,G,,
05/01/2016 16:45,276,G,,
05/01/2016 17:00,277,G,,
05/01/2016 17:15,277,G,,
05/01/2016 17:30,277,G,,
05/01/2016 17:45,276,G,,
05/01/2016 18:00,275,G,,
05/01/2016 18:15,276,G,,
05/01/2016 18:30,276,G,,
05/01/2016 18:45,276,G,,
05/01/2016 19:00,277,G,,
05/01/2016 19:15,278,G,,
05/01/2016 19:30,277,G,,
05/01/2016 19:45,278,G,,
05/01/2016 20:00,279,G,,
05/01/2016 20:15,279,G,,
05/01/2016 20:30,279,G,,
05/01/2016 20:45,279,G,,
05/01/2016 21:00,281,G,,
05/01/2016 21:15,282,G,,
05/01/2016 21:30,281,G,,
05/01/2016 21:45,282,G,,
05/01/2016 22:00,283,G,,
05/01/2016 22:15,283,G,,
05/01/2016 22:30,283,G,,
05/01/2016 22:45,283,G,,
05/01/2016 23:00,283,G,,
05/01/2016 23:15,284,G,,
05/01/2016 23:30,283,G,,
05/01/2016 23:45,284,G,,
06/01/2016 00:00,286,G,,
06/01/2016 00:15,285,G,,
06/01/2016 00:30,285,G,,
06/01/2016 00:45,286,G,,
06/01/2016 01:00,287,G,,
06/01/2016 01:15,287,G,,
06/01/2016 01:30,287,G,,
06/01/2016 01:45,287,G,,
06/01/2016 02:00,287,G,,
06/01/2016 02:15,288,G,,
06/01/2016 02:30,287,G,,
06/01/2016 02:45,287,G,,
06/01/2016 03:00,288,G,,
06/01/2016 03:15,288,G,,
06/01/2016 03:30,289,G,,
06/01/2016 03:45,287,G,,
06/01/2016 04:00,288,G,,
06/01/2016 04:15,289,G,,
06/01/2016 04:30,287,G,,
06/01/2016 04:45,287,G,,
06/01/2016 05:00,287,G,,
06/01/2016 05:15,286,G,,
06/01/2016 05:30,287,G,,
06/01/2016 05:45,287,G,,
06/01/2016 06:00,287,G,,
06/01/2016 06:15,286,G,,
06/01/2016 06:30,286,G,,
06/01/2016 06:45,287,G,,
06/01/2016 07:00,288,G,,
06/01/2016 07:15,286,G,,
06/01/2016 07:30,286,G,,
06/01/2016 07:45,286,G,,
06/01/2016 08:00,286,G,,
06/01/2016 08:15,285,G,,
06/01/2016 08:30,286,G,,
06/01/2016 08:45,285,G,,
06/01/2016 09:00,285,G,,
06/01/2016 09:15,285,G,,
06/01/2016 09:30,284,G,,
06/01/2016 09:45,284,G,,
06/01/2016 10:00,283,G,,
06/01/2016 10:15,285,G,,
06/01/2016 10:30,283,G,,
06/01/2016 10:45,283,G,,
06/01/2016 11:00,283,G,,
06/01/2016 11:15,283,G,,
06/01/2016 11:30,282,G,,
06/01/2016 11:45,281,G,,
06/01/2016 12:00,282,G,,
06/01/2016 12:15,281,G,,
06/01/2016 12:30,282,G,,
06/01/2016 12:45,281,G,,
06/01/2016 13:00,280,G,,
06/01/2016 13:15,280,G,,
06/01/2016 13:30,279,G,,
06/01/2016 13:45,279,G,,
06/01/2016 14:00,279,G,,
06/01/2016 14:15,278,G,,
06/01/2016 14:30,279,G,,
06/01/2016 14:45,277,G,,
06/01/2016 15:00,277,G,,
06/01/2016 15:15,276,G,,
06/01/2016 15:30,277,G,,
06/01/2016 15:45,278,G,,
06/01/2016 16:00,276,G,,
06/01/2016 16:15,275,G,,
06/01/2016 16:30,276,G,,
06/01/2016 16:45,275,G,,
06/01/2016 17:00,274,G,,
06/01/2016 17:15,273,G,,
06/01/2016 17:30,274,G,,
06/01/2016 17:45,274,G,,
06/01/2016 18:00,273,G,,
06/01/2016 18:15,274,G,,
06/01/2016 18:30,274,G,,
06/01/2016 18:45,275,G,,
06/01/2016 19:00,275,G,,
06/01/2016 19:15,274,G,,
06/01/2016 19:30,273,G,,
06/01/2016 19:45,273,G,,
06/01/2016 20:00,273,G,,
06/01/2016 20:15,272,G,,
06/01/2016 20:30,272,G,,
06/01/2016 20:45,271,G,,
06/01/2016 21:00,272,G,,
06/01/2016 21:15,271,G,,
06/01/2016 21:30,271,G,,
06/01/2016 21:45,271,G,,
06/01/2016 22:00,270,G,,
06/01/2016 22:15,270,G,,
06/01/2016 22:30,269,G,,
06/01/2016 22:45,269,G,,
06/01/2016 23:00,269,G,,
06/01/2016 23:15,268,G,,
06/01/2016 23:30,268,G,,
06/01/2016 23:45,268,G,,
07/01/2016 00:00,268,G,,
07/01/2016 00:15,267,G,,
07/01/2016 00:30,267,G,,
07/01/2016 00:45,267,G,,
07/01/2016 01:00,266,G,,
07/01/2016 01:15,266,G,,
07/01/2016 01:30,265,G,,
07/01/2016 01:45,266,G,,
07/01/2016 02:00,265,G,,
07/01/2016 02:15,264,G,,
07/01/2016 02:30,263,G,,
07/01/2016 02:45,264,G,,
07/01/2016 03:00,263,G,,
07/01/2016 03:15,263,G,,
07/01/2016 03:30,264,G,,
07/01/2016 03:45,263,G,,
07/01/2016 04:00,262,G,,
07/01/2016 04:15,262,G,,
07/01/2016 04:30,262,G,,
07/01/2016 04:45,260,G,,
07/01/2016 05:00,260,G,,
07/01/2016 05:15,260,G,,
07/01/2016 05:30,260,G,,
07/01/2016 05:45,259,G,,
07/01/2016 06:00,260,G,,
07/01/2016 06:15,259,G,,
07/01/2016 06:30,259,G,,
07/01/2016 06:45,258,G,,
07/01/2016 07:00,259,G,,
07/01/2016 07:15,259,G,,
07/01/2016 07:30,259,G,,
07/01/2016 07:45,259,G,,
07/01/2016 08:00,258,G,,
07/01/2016 08:15,258,G,,
07/01/2016 08:30,257,G,,
07/01/2016 08:45,258,G,,
07/01/2016 09:00,258,G,,
07/01/2016 09:15,257,G,,
07/01/2016 09:30,257,G,,
07/01/2016 09:45,257,G,,
07/01/2016 10:00,257,G,,
07/01/2016 10:15,257,G,,
07/01/2016 10:30,257,G,,
07/01/2016 10:45,257,G,,
07/01/2016 11:00,257,G,,
07/01/2016 11:15,257,G,,
07/01/2016 11:30,257,G,,
07/01/2016 11:45,256,G,,
07/01/2016 12:00,257,G,,
07/01/2016 12:15,256,G,,
07/01/2016 12:30,255,G,,
07/01/2016 12:45,255,G,,
07/01/2016 13:00,254,G,,
07/01/2016 13:15,254,G,,
07/01/2016 13:30,254,G,,
07/01/2016 13:45,254,G,,
07/01/2016 14:00,254,G,,
07/01/2016 14:15,254,G,,
07/01/2016 14:30,255,G,,
07/01/2016 14:45,255,G,,
07/01/2016 15:00,255,G,,
07/01/2016 15:15,256,G,,
07/01/2016 15:30,256,G,,
07/01/2016 15:45,255,G,,
07/01/2016 16:00,256,G,,
07/01/2016 16:15,256,G,,
07/01/2016 16:30,256,G,,
07/01/2016 16:45,257,G,,
07/01/2016 17:00,258,G,,
07/01/2016 17:15,258,G,,
07/01/2016 17:30,258,G,,
07/01/2016 17:45,260,G,,
07/01/2016 18:00,260,G,,
07/01/2016 18:15,259,G,,
07/01/2016 18:30,261,G,,
07/01/2016 18:45,261,G,,
07/01/2016 19:00,262,G,,
07/01/2016 19:15,262,G,,
07/01/2016 19:30,264,G,,
07/01/2016 19:45,264,G,,
07/01/2016 20:00,266,G,,
07/01/2016 20:15,265,G,,
07/01/2016 20:30,266,G,,
07/01/2016 20:45,268,G,,
07/01/2016 21:00,268,G,,
07/01/2016 21:15,268,G,,
07/01/2016 21:30,269,G,,
07/01/2016 21:45,270,G,,
07/01/2016 22:00,271,G,,
07/01/2016 22:15,272,G,,
07/01/2016 22:30,273,G,,
07/01/2016 22:45,273,G,,
07/01/2016 23:00,275,G,,
07/01/2016 23:15,276,G,,
07/01/2016 23:30,274,G,,
07/01/2016 23:45,275,G,,
08/01/2016 00:00,277,G,,
08/01/2016 00:15,276,G,,
08/01/2016 00:30,279,G,,
08/01/2016 00:45,279,G,,
08/01/2016 01:00,278,G,,
08/01/2016 01:15,279,G,,
08/01/2016 01:30,280,G,,
08/01/2016 01:45,281,G,,
08/01/2016 02:00,282,G,,
08/01/2016 02:15,282,G,,
08/01/2016 02:30,281,G,,
08/01/2016 02:45,284,G,,
08/01/2016 03:00,283,G,,
08/01/2016 03:15,283,G,,
08/01/2016 03:30,285,G,,
08/01/2016 03:45,285,G,,
08/01/2016 04:00,284,G,,
08/01/2016 04:15,285,G,,
08/01/2016 04:30,286,G,,
08/01/2016 04:45,287,G,,
08/01/2016 05:00,287,G,,
08/01/2016 05:15,287,G,,
08/01/2016 05:30,287,G,,
08/01/2016 05:45,289,G,,
08/01/2016 06:00,287,G,,
08/01/2016 06:15,288,G,,
08/01/2016 06:30,289,G,,
08/01/2016 06:45,287,G,,
08/01/2016 07:00,288,G,,
08/01/2016 07:15,289,G,,
08/01/2016 07:30,288,G,,
08/01/2016 07:45,288,G,,
08/01/2016 08:00,288,G,,
08/01/2016 08:15,288,G,,
08/01/2016 08:30,288,G,,
08/01/2016 08:45,288,G,,
08/01/2016 09:00,288,G,,
08/01/2016 09:15,287,G,,
08/01/2016 09:30,287,G,,
08/01/2016 09:45,288,G,,
08/01/2016 10:00,286,G,,
08/01/2016 10:15,287,G,,
08/01/2016 10:30,286,G,,
08/01/2016 10:45,285,G,,
08/01/2016 11:00,286,G,,
08/01/2016 11:15,285,G,,
08/01/2016 11:30,284,G,,
08/01/2016 11:45,284,G,,
08/01/2016 12:00,283,G,,
08/01/2016 12:15,282,G,,
08/01/2016 12:30,284,G,,
08/01/2016 12:45,283,G,,
08/01/2016 13:00,282,G,,
08/01/2016 13:15,281,G,,
08/01/2016 13:30,279,G,,
08/01/2016 13:45,280,G,,
08/01/2016 14:00,279,G,,
08/01/2016 14:15,280,G,,
08/01/2016 14:30,278,G,,
08/01/2016 14:45,278,G,,
08/01/2016 15:00,277,G,,
08/01/2016 15:15,277,G,,
08/01/2016 15:30,277,G,,
08/01/2016 15:45,276,G,,
08/01/2016 16:00,275,G,,
08/01/2016 16:15,274,G,,
08/01/2016 16:30,274,G,,
08/01/2016 16:45,275,G,,
08/01/2016 17:00,274,G,,
08/01/2016 17:15,273,G,,
08/01/2016 17:30,272,G,,
08/01/2016 17:45,272,G,,
08/01/2016 18:00,272,G,,
08/01/2016 18:15,272,G,,
08/01/2016 18:30,270,G,,
08/01/2016 18:45,270,G,,
08/01/2016 19:00,270,G,,
08/01/2016 19:15,270,G,,
08/01/2016 19:30,268,G,,
08/01/2016 19:45,268,G,,
08/01/2016 20:00,269,G,,
08/01/2016 20:15,268,G,,
08/01/2016 20:30,267,G,,
08/01/2016 20:45,268,G,,
08/01/2016 21:00,270,G,,
08/01/2016 21:15,269,G,,
08/01/2016 21:30,269,G,,
08/01/2016 21:45,267,G,,
08/01/2016 22:00,267,G,,
08/01/2016 22:15,267,G,,
08/01/2016 22:30,265,G,,
08/01/2016 22:45,266,G,,
08/01/2016 23:00,265,G,,
08/01/2016 23:15,265,G,,
08/01/2016 23:30,264,G,,
08/01/2016 23:45,265,G,,
09/01/2016 00:00,263,G,,
09/01/2016 00:15,264,G,,
09/01/2016 00:30,263,G,,
09/01/2016 00:45,263,G,,
09/01/2016 01:00,262,G,,
09/01/2016 01:15,262,G,,
09/01/2016 01:30,262,G,,
09/01/2016 01:45,262,G,,
09/01/2016 02:00,261,G,,
09/01/2016 02:15,261,G,,
09/01/2016 02:30,259,G,,
09/01/2016 02:45,260,G,,
09/01/2016 03:00,260,G,,
09/01/2016 03:15,259,G,,
09/01/2016 03:30,259,G,,
09/01/2016 03:45,258,G,,
09/01/2016 04:00,259,G,,
09/01/2016 04:15,258,G,,
09/01/2016 04:30,256,G,,
09/01/2016 04:45,256,G,,
09/01/2016 05:00,255,G,,
09/01/2016 05:15,256,G,,
09/01/2016 05:30,256,G,,
09/01/2016 05:45,255,G,,
09/01/2016 06:00,256,G,,
09/01/2016 06:15,255,G,,
09/01/2016 06:30,254,G,,
09/01/2016 06:45,255,G,,
09/01/2016 07:00,254,G,,
09/01/2016 07:15,255,G,,
09/01/2016 07:30,254,G,,
09/01/2016 07:45,253,G,,
09/01/2016 08:00,252,G,,
09/01/2016 08:15,253,G,,
09/01/2016 08:30,253,G,,
09/01/2016 08:45,253,G,,
09/01/2016 09:00,252,G,,
09/01/2016 09:15,252,G,,
09/01/2016 09:30,252,G,,
09/01/2016 09:45,252,G,,
09/01/2016 10:00,251,G,,
09/01/2016 10:15,252,G,,
09/01/2016 10:30,251,G,,
09/01/2016 10:45,251,G,,
09/01/2016 11:00,251,G,,
09/01/2016 11:15,251,G,,
09/01/2016 11:30,251,G,,
09/01/2016 11:45,251,G,,
09/01/2016 12:00,251,G,,
09/01/2016 12:15,250,G,,
09/01/2016 12:30,250,G,,
09/01/2016 12:45,251,G,,
09/01/2016 13:00,250,G,,
09/01/2016 13:15,250,G,,
09/01/2016 13:30,250,G,,
09/01/2016 13:45,249,G,,
09/01/2016 14:00,248,G,,
09/01/2016 14:15,248,G,,
09/01/2016 14:30,249,G,,
09/01/2016 14:45,248,G,,
09/01/2016 15:00,249,G,,
09/01/2016 15:15,248,G,,
09/01/2016 15:30,249,G,,
09/01/2016 15:45,248,G,,
09/01/2016 16:00,248,G,,
09/01/2016 16:15,248,G,,
09/01/2016 16:30,248,G,,
09/01/2016 16:45,249,G,,
09/01/2016 17:00,247,G,,
09/01/2016 17:15,248,G,,
09/01/2016 17:30,248,G,,
09/01/2016 17:45,247,G,,
09/01/2016 18:00,248,G,,
09/01/2016 18:15,247,G,,
09/01/2016 18:30,248,G,,
09/01/2016 18:45,247,G,,
09/01/2016 19:00,248,G,,
09/01/2016 19:15,247,G,,
09/01/2016 19:30,248,G,,
09/01/2016 19:45,248,G,,
09/01/2016 20:00,247,G,,
09/01/2016 20:15,247,G,,
09/01/2016 20:30,246,G,,
09/01/2016 20:45,246,G,,
09/01/2016 21:00,246,G,,
09/01/2016 21:15,247,G,,
09/01/2016 21:30,246,G,,
09/01/2016 21:45,247,G,,
09/01/2016 22:00,247,G,,
09/01/2016 22:15,247,G,,
09/01/2016 22:30,246,G,,
09/01/2016 22:45,247,G,,
09/01/2016 23:00,247,G,,
09/01/2016 23:15,247,G,,
09/01/2016 23:30,247,G,,
09/01/2016 23:45,247,G,,
10/01/2016 00:00,247,G,,
10/01/2016 00:15,248,G,,
10/01/2016 00:30,247,G,,
10/01/2016 00:45,247,G,,
10/01/2016 01:00,248,G,,
10/01/2016 01:15,247,G,,
10/01/2016 01:30,247,G,,
10/01/2016 01:45,248,G,,
10/01/2016 02:00,248,G,,
10/01/2016 02:15,248,G,,
10/01/2016 02:30,248,G,,
10/01/2016 02:45,248,G,,
10/01/2016 03:00,249,G,,
10/01/2016 03:15,249,G,,
10/01/2016 03:30,250,G,,
10/01/2016 03:45,250,G,,
10/01/2016 04:00,251,G,,
10/01/2016 04:15,251,G,,
10/01/2016 04:30,251,G,,
10/01/2016 04:45,252,G,,
10/01/2016 05:00,252,G,,
10/01/2016 05:15,252,G,,
10/01/2016 05:30,252,G,,
10/01/2016 05:45,253,G,,
10/01/2016 06:00,253,G,,
10/01/2016 06:15,254,G,,
10/01/2016 06:30,255,G,,
10/01/2016 06:45,255,G,,
10/01/2016 07:00,255,G,,
10/01/2016 07:15,257,G,,
10/01/2016 07:30,257,G,,
10/01/2016 07:45,258,G,,
10/01/2016 08:00,258,G,,
10/01/2016 08:15,259,G,,
10/01/2016 08:30,260,G,,
10/01/2016 08:45,261,G,,
10/01/2016 09:00,262,G,,
10/01/2016 09:15,263,G,,
10/01/2016 09:30,264,G,,
10/01/2016 09:45,264,G,,
10/01/2016 10:00,266,G,,
10/01/2016 10:15,266,G,,
10/01/2016 10:30,269,G,,
10/01/2016 10:45,269,G,,
10/01/2016 11:00,270,G,,
10/01/2016 11:15,270,G,,
10/01/2016 11:30,272,G,,
10/01/2016 11:45,273,G,,
10/01/2016 12:00,275,G,,
10/01/2016 12:15,275,G,,
10/01/2016 12:30,276,G,,
10/01/2016 12:45,277,G,,
10/01/2016 13:00,277,G,,
10/01/2016 13:15,279,G,,
10/01/2016 13:30,280,G,,
10/01/2016 13:45,281,G,,
10/01/2016 14:00,281,G,,
10/01/2016 14:15,280,G,,
10/01/2016 14:30,281,G,,
10/01/2016 14:45,283,G,,
10/01/2016 15:00,283,G,,
10/01/2016 15:15,284,G,,
10/01/2016 15:30,284,G,,
10/01/2016 15:45,285,G,,
10/01/2016 16:00,286,G,,
10/01/2016 16:15,287,G,,
10/01/2016 16:30,286,G,,
10/01/2016 16:45,287,G,,
10/01/2016 17:00,290,G,,
10/01/2016 17:15,289,G,,
10/01/2016 17:30,290,G,,
10/01/2016 17:45,290,G,,
10/01/2016 18:00,291,G,,
10/01/2016 18:15,291,G,,
10/01/2016 18:30,293,G,,
10/01/2016 18:45,292,G,,
10/01/2016 19:00,293,G,,
10/01/2016 19:15,293,G,,
10/01/2016 19:30,296,G,,
10/01/2016 19:45,295,G,,
10/01/2016 20:00,296,G,,
10/01/2016 20:15,297,G,,
10/01/2016 20:30,298,G,,
10/01/2016 20:45,297,G,,
10/01/2016 21:00,298,G,,
10/01/2016 21:15,297,G,,
10/01/2016 21:30,297,G,,
10/01/2016 21:45,298,G,,
10/01/2016 22:00,299,G,,
10/01/2016 22:15,298,G,,
10/01/2016 22:30,298,G,,
10/01/2016 22:45,299,G,,
10/01/2016 23:00,301,G,,
10/01/2016 23:15,300,G,,
10/01/2016 23:30,302,G,,
10/01/2016 23:45,300,G,,
11/01/2016 00:00,302,G,,
11/01/2016 00:15,302,G,,
11/01/2016 00:30,303,G,,
11/01/2016 00:45,305,G,,
11/01/2016 01:00,305,G,,
11/01/2016 01:15,306,G,,
11/01/2016 01:30,307,G,,
11/01/2016 01:45,307,G,,
11/01/2016 02:00,307,G,,
11/01/2016 02:15,309,G,,
11/01/2016 02:30,308,G,,
11/01/2016 02:45,309,G,,
11/01/2016 03:00,309,G,,
11/01/2016 03:15,311,G,,
11/01/2016 03:30,310,G,,
11/01/2016 03:45,311,G,,
11/01/2016 04:00,311,G,,
11/01/2016 04:15,313,G,,
11/01/2016 04:30,314,G,,
11/01/2016 04:45,313,G,,
11/01/2016 05:00,314,G,,
11/01/2016 05:15,313,G,,
11/01/2016 05:30,314,G,,
11/01/2016 05:45,312,G,,
11/01/2016 06:00,312,G,,
11/01/2016 06:15,313,G,,
11/01/2016 06:30,313,G,,
11/01/2016 06:45,313,G,,
11/01/2016 07:00,313,G,,
11/01/2016 07:15,313,G,,
11/01/2016 07:30,312,G,,
11/01/2016 07:45,312,G,,
11/01/2016 08:00,312,G,,
11/01/2016 08:15,313,G,,
11/01/2016 08:30,313,G,,
11/01/2016 08:45,312,G,,
11/01/2016 09:00,313,G,,
11/01/2016 09:15,314,G,,
11/01/2016 09:30,312,G,,
11/01/2016 09:45,312,G,,
11/01/2016 10:00,313,G,,
11/01/2016 10:15,314,G,,
11/01/2016 10:30,313,G,,
11/01/2016 10:45,312,G,,
11/01/2016 11:00,313,G,,
11/01/2016 11:15,313,G,,
11/01/2016 11:30,311,G,,
11/01/2016 11:45,312,G,,
11/01/2016 12:00,311,G,,
11/01/2016 12:15,311,G,,
11/01/2016 12:30,310,G,,
11/01/2016 12:45,311,G,,
11/01/2016 13:00,310,G,,
11/01/2016 13:15,310,G,,
11/01/2016 13:30,308,G,,
11/01/2016 13:45,309,G,,
11/01/2016 14:00,310,G,,
11/01/2016 14:15,307,G,,
11/01/2016 14:30,308,G,,
11/01/2016 14:45,307,G,,
11/01/2016 15:00,307,G,,
11/01/2016 15:15,306,G,,
11/01/2016 15:30,306,G,,
11/01/2016 15:45,306,G,,
11/01/2016 16:00,304,G,,
11/01/2016 16:15,304,G,,
11/01/2016 16:30,304,G,,
11/01/2016 16:45,304,G,,
11/01/2016 17:00,303,G,,
11/01/2016 17:15,305,G,,
11/01/2016 17:30,304,G,,
11/01/2016 17:45,303,G,,
11/01/2016 18:00,301,G,,
11/01/2016 18:15,303,G,,
11/01/2016 18:30,302,G,,
11/01/2016 18:45,301,G,,
11/01/2016 19:00,300,G,,
11/01/2016 19:15,300,G,,
11/01/2016 19:30,300,G,,
11/01/2016 19:45,296,G,,
11/01/2016 20:00,297,G,,
11/01/2016 20:15,296,G,,
11/01/2016 20:30,295,G,,
11/01/2016 20:45,295,G,,
11/01/2016 21:00,294,G,,
11/01/2016 21:15,294,G,,
11/01/2016 21:30,292,G,,
11/01/2016 21:45,292,G,,
11/01/2016 22:00,291,G,,
11/01/2016 22:15,290,G,,
11/01/2016 22:30,290,G,,
11/01/2016 22:45,290,G,,
11/01/2016 23:00,289,G,,
11/01/2016 23:15,287,G,,
11/01/2016 23:30,287,G,,
11/01/2016 23:45,286,G,,
12/01/2016 00:00,285,G,,
12/01/2016 00:15,284,G,,
12/01/2016 00:30,283,G,,
12/01/2016 00:45,283,G,,
12/01/2016 01:00,283,G,,
12/01/2016 01:15,282,G,,
12/01/2016 01:30,280,G,,
12/01/2016 01:45,278,G,,
12/01/2016 02:00,278,G,,
12/01/2016 02:15,279,G,,
12/01/2016 02:30,278,G,,
12/01/2016 02:45,277,G,,
12/01/2016 03:00,276,G,,
12/01/2016 03:15,276,G,,
12/01/2016 03:30,274,G,,
12/01/2016 03:45,273,G,,
12/01/2016 04:00,273,G,,
12/01/2016 04:15,272,G,,
12/01/2016 04:30,270,G,,
12/01/2016 04:45,270,G,,
12/01/2016 05:00,269,G,,
12/01/2016 05:15,267,G,,
12/01/2016 05:30,268,G,,
12/01/2016 05:45,268,G,,
12/01/2016 06:00,265,G,,
12/01/2016 06:15,265,G,,
12/01/2016 06:30,266,G,,
12/01/2016 06:45,265,G,,
12/01/2016 07:00,265,G,,
12/01/2016 07:15,264,G,,
12/01/2016 07:30,263,G,,
12/01/2016 07:45,265,G,,
12/01/2016 08:00,264,G,,
12/01/2016 08:15,263,G,,
12/01/2016 08:30,262,G,,
12/01/2016 08:45,262,G,,
12/01/2016 09:00,262,G,,
12/01/2016 09:15,262,G,,
12/01/2016 09:30,261,G,,
12/01/2016 09:45,260,G,,
12/01/2016 10:00,260,G,,
12/01/2016 10:15,258,G,,
12/01/2016 10:30,258,G,,
12/01/2016 10:45,258,G,,
12/01/2016 11:00,257,G,,
12/01/2016 11:15,256,G,,
12/01/2016 11:30,256,G,,
12/01/2016 11:45,254,G,,
12/01/2016 12:00,254,G,,
12/01/2016 12:15,254,G,,
12/01/2016 12:30,253,G,,
12/01/2016 12:45,251,G,,
12/01/2016 13:00,251,G,,
12/01/2016 13:15,250,G,,
12/01/2016 13:30,249,G,,
12/01/2016 13:45,249,G,,
12/01/2016 14:00,248,G,,
12/01/2016 14:15,248,G,,
12/01/2016 14:30,247,G,,
12/01/2016 14:45,246,G,,
12/01/2016 15:00,245,G,,
12/01/2016 15:15,245,G,,
12/01/2016 15:30,245,G,,
12/01/2016 15:45,243,G,,
12/01/2016 16:00,242,G,,
12/01/2016 16:15,242,G,,
12/01/2016 16:30,241,G,,
12/01/2016 16:45,241,G,,
12/01/2016 17:00,240,G,,
12/01/2016 17:15,239,G,,
12/01/2016 17:30,239,G,,
12/01/2016 17:45,238,G,,
12/01/2016 18:00,237,G,,
12/01/2016 18:15,237,G,,
12/01/2016 18:30,236,G,,
12/01/2016 18:45,236,G,,
12/01/2016 19:00,235,G,,
12/01/2016 19:15,234,G,,
12/01/2016 19:30,234,G,,
12/01/2016 19:45,234,G,,
12/01/2016 20:00,232,G,,
12/01/2016 20:15,233,G,,
12/01/2016 20:30,231,G,,
12/01/2016 20:45,231,G,,
12/01/2016 21:00,231,G,,
12/01/2016 21:15,230,G,,
12/01/2016 21:30,230,G,,
12/01/2016 21:45,229,G,,
12/01/2016 22:00,228,G,,
12/01/2016 22:15,227,G,,
12/01/2016 22:30,227,G,,
12/01/2016 22:45,227,G,,
12/01/2016 23:00,226,G,,
12/01/2016 23:15,226,G,,
12/01/2016 23:30,225,G,,
12/01/2016 23:45,224,G,,
13/01/2016 00:00,224,G,,
13/01/2016 00:15,223,G,,
13/01/2016 00:30,222,G,,
13/01/2016 00:45,222,G,,
13/01/2016 01:00,221,G,,
13/01/2016 01:15,220,G,,
13/01/2016 01:30,220,G,,
13/01/2016 01:45,220,G,,
13/01/2016 02:00,219,G,,
13/01/2016 02:15,219,G,,
13/01/2016 02:30,218,G,,
13/01/2016 02:45,217,G,,
13/01/2016 03:00,217,G,,
13/01/2016 03:15,216,G,,
13/01/2016 03:30,216,G,,
13/01/2016 03:45,215,G,,
13/01/2016 04:00,215,G,,
13/01/2016 04:15,214,G,,
13/01/2016 04:30,213,G,,
13/01/2016 04:45,213,G,,
13/01/2016 05:00,212,G,,
13/01/2016 05:15,212,G,,
13/01/2016 05:30,211,G,,
13/01/2016 05:45,211,G,,
13/01/2016 06:00,210,G,,
13/01/2016 06:15,209,G,,
13/01/2016 06:30,208,G,,
13/01/2016 06:45,208,G,,
13/01/2016 07:00,207,G,,
13/01/2016 07:15,207,G,,
13/01/2016 07:30,207,G,,
13/01/2016 07:45,206,G,,
13/01/2016 08:00,205,G,,
13/01/2016 08:15,205,G,,
13/01/2016 08:30,204,G,,
13/01/2016 08:45,204,G,,
13/01/2016 09:00,204,G,,
13/01/2016 09:15,203,G,,
13/01/2016 09:30,202,G,,
13/01/2016 09:45,200,G,,
13/01/2016 10:00,200,G,,
13/01/2016 10:15,200,G,,
13/01/2016 10:30,199,G,,
13/01/2016 10:45,199,G,,
13/01/2016 11:00,198,G,,
13/01/2016 11:15,198,G,,
13/01/2016 11:30,197,G,,
13/01/2016 11:45,196,G,,
13/01/2016 12:00,196,G,,
13/01/2016 12:15,195,G,,
13/01/2016 12:30,195,G,,
13/01/2016 12:45,194,G,,
13/01/2016 13:00,194,G,,
13/01/2016 13:15,193,G,,
13/01/2016 13:30,194,G,,
13/01/2016 13:45,193,G,,
13/01/2016 14:00,194,G,,
13/01/2016 14:15,193,G,,
13/01/2016 14:30,193,G,,
13/01/2016 14:45,192,G,,
13/01/2016 15:00,192,G,,
13/01/2016 15:15,191,G,,
13/01/2016 15:30,191,G,,
13/01/2016 15:45,191,G,,
13/01/2016 16:00,190,G,,
13/01/2016 16:15,190,G,,
13/01/2016 16:30,189,G,,
13/01/2016 16:45,189,G,,
13/01/2016 17:00,188,G,,
13/01/2016 17:15,188,G,,
13/01/2016 17:30,188,G,,
13/01/2016 17:45,189,G,,
13/01/2016 18:00,189,G,,
13/01/2016 18:15,190,G,,
13/01/2016 18:30,189,G,,
13/01/2016 18:45,189,G,,
13/01/2016 19:00,189,G,,
13/01/2016 19:15,188,G,,
13/01/2016 19:30,188,G,,
13/01/2016 19:45,187,G,,
13/01/2016 20:00,187,G,,
13/01/2016 20:15,186,G,,
13/01/2016 20:30,185,G,,
13/01/2016 20:45,185,G,,
13/01/2016 21:00,184,G,,
13/01/2016 21:15,185,G,,
13/01/2016 21:30,183,G,,
13/01/2016 21:45,183,G,,
13/01/2016 22:00,183,G,,
13/01/2016 22:15,182,G,,
13/01/2016 22:30,181,G,,
13/01/2016 22:45,182,G,,
13/01/2016 23:00,181,G,,
13/01/2016 23:15,181,G,,
13/01/2016 23:30,180,G,,
13/01/2016 23:45,179,G,,
14/01/2016 00:00,178,G,,
14/01/2016 00:15,178,G,,
14/01/2016 00:30,177,G,,
14/01/2016 00:45,177,G,,
14/01/2016 01:00,175,G,,
14/01/2016 01:15,175,G,,
14/01/2016 01:30,175,G,,
14/01/2016 01:45,174,G,,
14/01/2016 02:00,174,G,,
14/01/2016 02:15,173,G,,
14/01/2016 02:30,172,G,,
14/01/2016 02:45,172,G,,
14/01/2016 03:00,171,G,,
14/01/2016 03:15,171,G,,
14/01/2016 03:30,170,G,,
14/01/2016 03:45,170,G,,
14/01/2016 04:00,170,G,,
14/01/2016 04:15,169,G,,
14/01/2016 04:30,170,G,,
14/01/2016 04:45,169,G,,
14/01/2016 05:00,169,G,,
14/01/2016 05:15,168,G,,
14/01/2016 05:30,168,G,,
14/01/2016 05:45,168,G,,
14/01/2016 06:00,168,G,,
14/01/2016 06:15,167,G,,
14/01/2016 06:30,167,G,,
14/01/2016 06:45,166,G,,
14/01/2016 07:00,166,G,,
14/01/2016 07:15,166,G,,
14/01/2016 07:30,165,G,,
14/01/2016 07:45,165,G,,
14/01/2016 08:00,165,G,,
14/01/2016 08:15,165,G,,
14/01/2016 08:30,165,G,,
14/01/2016 08:45,164,G,,
14/01/2016 09:00,164,G,,
14/01/2016 09:15,163,G,,
14/01/2016 09:30,163,G,,
14/01/2016 09:45,163,G,,
14/01/2016 10:00,164,G,,
14/01/2016 10:15,162,G,,
14/01/2016 10:30,162,G,,
14/01/2016 10:45,163,G,,
14/01/2016 11:00,163,G,,
14/01/2016 11:15,162,G,,
14/01/2016 11:30,162,G,,
14/01/2016 11:45,162,G,,
14/01/2016 12:00,162,G,,
14/01/2016 12:15,161,G,,
14/01/2016 12:30,161,G,,
14/01/2016 12:45,160,G,,
14/01/2016 13:00,160,G,,
14/01/2016 13:15,160,G,,
14/01/2016 13:30,159,G,,
14/01/2016 13:45,159,G,,
14/01/2016 14:00,159,G,,
14/01/2016 14:15,158,G,,
14/01/2016 14:30,158,G,,
14/01/2016 14:45,158,G,,
14/01/2016 15:00,158,G,,
14/01/2016 15:15,158,G,,
14/01/2016 15:30,158,G,,
14/01/2016 15:45,158,G,,
14/01/2016 16:00,158,G,,
14/01/2016 16:15,158,G,,
14/01/2016 16:30,158,G,,
14/01/2016 16:45,158,G,,
14/01/2016 17:00,158,G,,
14/01/2016 17:15,158,G,,
14/01/2016 17:30,158,G,,
14/01/2016 17:45,158,G,,
14/01/2016 18:00,158,G,,
14/01/2016 18:15,158,G,,
14/01/2016 18:30,158,G,,
14/01/2016 18:45,158,G,,
14/01/2016 19:00,158,G,,
14/01/2016 19:15,158,G,,
14/01/2016 19:30,158,G,,
14/01/2016 19:45,157,G,,
14/01/2016 20:00,157,G,,
14/01/2016 20:15,157,G,,
14/01/2016 20:30,157,G,,
14/01/2016 20:45,157,G,,
14/01/2016 21:00,157,G,,
14/01/2016 21:15,156,G,,
14/01/2016 21:30,157,G,,
14/01/2016 21:45,156,G,,
14/01/2016 22:00,157,G,,
14/01/2016 22:15,156,G,,
14/01/2016 22:30,156,G,,
14/01/2016 22:45,156,G,,
14/01/2016 23:00,156,G,,
14/01/2016 23:15,156,G,,
14/01/2016 23:30,155,G,,
14/01/2016 23:45,155,G,,
15/01/2016 00:00,154,G,,
15/01/2016 00:15,155,G,,
15/01/2016 00:30,154,G,,
15/01/2016 00:45,153,G,,
15/01/2016 01:00,153,G,,
15/01/2016 01:15,152,G,,
15/01/2016 01:30,152,G,,
15/01/2016 01:45,152,G,,
15/01/2016 02:00,151,G,,
15/01/2016 02:15,151,G,,
15/01/2016 02:30,151,G,,
15/01/2016 02:45,151,G,,
15/01/2016 03:00,151,G,,
15/01/2016 03:15,150,G,,
15/01/2016 03:30,151,G,,
15/01/2016 03:45,150,G,,
15/01/2016 04:00,150,G,,
15/01/2016 04:15,150,G,,
15/01/2016 04:30,150,G,,
15/01/2016 04:45,149,G,,
15/01/2016 05:00,149,G,,
15/01/2016 05:15,149,G,,
15/01/2016 05:30,148,G,,
15/01/2016 05:45,148,G,,
15/01/2016 06:00,148,G,,
15/01/2016 06:15,148,G,,
15/01/2016 06:30,147,G,,
15/01/2016 06:45,147,G,,
15/01/2016 07:00,146,G,,
15/01/2016 07:15,146,G,,
15/01/2016 07:30,145,G,,
15/01/2016 07:45,145,G,,
15/01/2016 08:00,145,G,,
15/01/2016 08:15,144,G,,
15/01/2016 08:30,144,G,,
15/01/2016 08:45,144,G,,
15/01/2016 09:00,143,G,,
15/01/2016 09:15,143,G,,
15/01/2016 09:30,143,G,,
15/01/2016 09:45,142,G,,
15/01/2016 10:00,142,G,,
15/01/2016 10:15,141,G,,
15/01/2016 10:30,140,G,,
15/01/2016 10:45,140,G,,
15/01/2016 11:00,139,G,,
15/01/2016 11:15,139,G,,
15/01/2016 11:30,139,G,,
15/01/2016 11:45,138,G,,
15/01/2016 12:00,138,G,,
15/01/2016 12:15,137,G,,
15/01/2016 12:30,136,G,,
15/01/2016 12:45,136,G,,
15/01/2016 13:00,135,G,,
15/01/2016 13:15,134,G,,
15/01/2016 13:30,134,G,,
15/01/2016 13:45,132,G,,
15/01/2016 14:00,130,G,,
15/01/2016 14:15,130,G,,
15/01/2016 14:30,130,G,,
15/01/2016 14:45,130,G,,
15/01/2016 15:00,129,G,,
15/01/2016 15:15,128,G,,
15/01/2016 15:30,128,G,,
15/01/2016 15:45,127,G,,
15/01/2016 16:00,127,G,,
15/01/2016 16:15,127,G,,
15/01/2016 16:30,127,G,,
15/01/2016 16:45,127,G,,
15/01/2016 17:00,126,G,,
15/01/2016 17:15,126,G,,
15/01/2016 17:30,126,G,,
15/01/2016 17:45,126,G,,
15/01/2016 18:00,125,G,,
15/01/2016 18:15,125,G,,
15/01/2016 18:30,124,G,,
15/01/2016 18:45,124,G,,
15/01/2016 19:00,124,G,,
15/01/2016 19:15,124,G,,
15/01/2016 19:30,123,G,,
15/01/2016 19:45,123,G,,
15/01/2016 20:00,122,G,,
15/01/2016 20:15,122,G,,
15/01/2016 20:30,122,G,,
15/01/2016 20:45,122,G,,
15/01/2016 21:00,121,G,,
15/01/2016 21:15,121,G,,
15/01/2016 21:30,120,G,,
15/01/2016 21:45,119,G,,
15/01/2016 22:00,119,G,,
15/01/2016 22:15,119,G,,
15/01/2016 22:30,119,G,,
15/01/2016 22:45,118,G,,
15/01/2016 23:00,118,G,,
15/01/2016 23:15,118,G,,
15/01/2016 23:30,117,G,,
15/01/2016 23:45,117,G,,
