Station name,York Viking Recorder,,,,
Station number,L2406,,,,
External number,---,,,,
River,River Ouse,,,,
Operator,---,,,,
NGR,SE6010951782,,,,
Easting,460109,,,,
Northing,451782,,,,
Parameter-name,SG [Stage],,Gauge zero datum,,5 mAOD
Parameter Type,Stage,,,,
Time series name,YOR/L2406/SG/15m.Cmd.RelAbs.P,,,,
Time series unit,m,,,,
Time level,High-resolution,,,,
Time series type,Other,,,,
Equidistant time series,yes,,,,
Time series value distance,15 minute,,,,
Time series quality,Production,,,,
Time series measuring method,---,,,,
Period of record in file: 20/12/2015 00:00:00 to 15/01/2016 23:45:00,,,,,
Quality code description, G = good; E = estimated; S = suspect; U = unchecked; M = missing; C = complete; I = incomplete; Ed = edited; WR = within rating; NR = no rating; EX> = extrapolated upper part; EX< = extrapolated lower part; BL> = beyond upper limit; BL< = beyond lower limit; MH = weir modular (head); NH = weir non modular (head); EH = weir extremely non modular (head); MT = weir modular (tail); NT = weir non modular (tail); ET = weir extremely non modular (tail); MC = weir modular (crest); NC = weir non modular (crest); EC = weir extremely non modular (crest); -H = weir head only; RAS = rastered time stamp; A = apportioned/interpolated; D = dry; SN = snow; T = trace,,,,
Time stamp,Value[m],State of value,Tags,Comments,
20/12/2015 00:00,1.507,G,,,
20/12/2015 00:15,1.504,G,,,
20/12/2015 00:30,1.496,G,,,
20/12/2015 00:45,1.494,G,,,
20/12/2015 01:00,1.491,G,,,
20/12/2015 01:15,1.487,G,,,
20/12/2015 01:30,1.479,G,,,
20/12/2015 01:45,1.484,G,,,
20/12/2015 02:00,1.471,G,,,
20/12/2015 02:15,1.472,G,,,
20/12/2015 02:30,1.465,G,,,
20/12/2015 02:45,1.464,G,,,
20/12/2015 03:00,1.463,G,,,
20/12/2015 03:15,1.463,G,,,
20/12/2015 03:30,1.456,G,,,
20/12/2015 03:45,1.454,G,,,
20/12/2015 04:00,1.453,G,,,
20/12/2015 04:15,1.455,G,,,
20/12/2015 04:30,1.444,G,,,
20/12/2015 04:45,1.456,G,,,
20/12/2015 05:00,1.448,G,,,
20/12/2015 05:15,1.452,G,,,
20/12/2015 05:30,1.453,G,,,
20/12/2015 05:45,1.452,G,,,
20/12/2015 06:00,1.446,G,,,
20/12/2015 06:15,1.442,G,,,
20/12/2015 06:30,1.448,G,,,
20/12/2015 06:45,1.444,G,,,
20/12/2015 07:00,1.444,G,,,
20/12/2015 07:15,1.448,G,,,
20/12/2015 07:30,1.452,G,,,
20/12/2015 07:45,1.458,G,,,
20/12/2015 08:00,1.465,G,,,
20/12/2015 08:15,1.475,G,,,
20/12/2015 08:30,1.487,G,,,
20/12/2015 08:45,1.498,G,,,
20/12/2015 09:00,1.514,G,,,
20/12/2015 09:15,1.527,G,,,
20/12/2015 09:30,1.544,G,,,
20/12/2015 09:45,1.561,G,,,
20/12/2015 10:00,1.58,G,,,
20/12/2015 10:15,1.599,G,,,
20/12/2015 10:30,1.616,G,,,
20/12/2015 10:45,1.64,G,,,
20/12/2015 11:00,1.654,G,,,
20/12/2015 11:15,1.68,G,,,
20/12/2015 11:30,1.704,G,,,
20/12/2015 11:45,1.727,G,,,
20/12/2015 12:00,1.746,G,,,
20/12/2015 12:15,1.766,G,,,
20/12/2015 12:30,1.796,G,,,
20/12/2015 12:45,1.81,G,,,
20/12/2015 13:00,1.835,G,,,
20/12/2015 13:15,1.853,G,,,
20/12/2015 13:30,1.877,G,,,
20/12/2015 13:45,1.907,G,,,
20/12/2015 14:00,1.925,G,,,
20/12/2015 14:15,1.944,G,,,
20/12/2015 14:30,1.961,G,,,
20/12/2015 14:45,1.983,G,,,
20/12/2015 15:00,2.007,G,,,
20/12/2015 15:15,2.029,G,,,
20/12/2015 15:30,2.052,G,,,
20/12/2015 15:45,2.074,G,,,
20/12/2015 16:00,2.093,G,,,
20/12/2015 16:15,2.119,G,,,
20/12/2015 16:30,2.145,G,,,
20/12/2015 16:45,2.171,G,,,
20/12/2015 17:00,2.199,G,,,
20/12/2015 17:15,2.219,G,,,
20/12/2015 17:30,2.241,G,,,
20/12/2015 17:45,2.264,G,,,
20/12/2015 18:00,2.291,G,,,
20/12/2015 18:15,2.312,G,,,
20/12/2015 18:30,2.336,G,,,
20/12/2015 18:45,2.356,G,,,
20/12/2015 19:00,2.38,G,,,
20/12/2015 19:15,2.398,G,,,
20/12/2015 19:30,2.42,G,,,
20/12/2015 19:45,2.437,G,,,
20/12/2015 20:00,2.457,G,,,
20/12/2015 20:15,2.478,G,,,
20/12/2015 20:30,2.493,G,,,
20/12/2015 20:45,2.509,G,,,
20/12/2015 21:00,2.524,G,,,
20/12/2015 21:15,2.543,G,,,
20/12/2015 21:30,2.558,G,,,
20/12/2015 21:45,2.573,G,,,
20/12/2015 22:00,2.587,G,,,
20/12/2015 22:15,2.6,G,,,
20/12/2015 22:30,2.613,G,,,
20/12/2015 22:45,2.625,G,,,
20/12/2015 23:00,2.637,G,,,
20/12/2015 23:15,2.647,G,,,
20/12/2015 23:30,2.654,G,,,
20/12/2015 23:45,2.666,G,,,
21/12/2015 00:00,2.676,G,,,
21/12/2015 00:15,2.681,G,,,
21/12/2015 00:30,2.684,G,,,
21/12/2015 00:45,2.707,G,,,
21/12/2015 01:00,2.712,G,,,
21/12/2015 01:15,2.717,G,,,
21/12/2015 01:30,2.72,G,,,
21/12/2015 01:45,2.722,G,,,
21/12/2015 02:00,2.727,G,,,
21/12/2015 02:15,2.727,G,,,
21/12/2015 02:30,2.728,G,,,
21/12/2015 02:45,2.739,G,,,
21/12/2015 03:00,2.731,G,,,
21/12/2015 03:15,2.729,G,,,
21/12/2015 03:30,2.733,G,,,
21/12/2015 03:45,2.733,G,,,
21/12/2015 04:00,2.733,G,,,
21/12/2015 04:15,2.729,G,,,
21/12/2015 04:30,2.734,G,,,
21/12/2015 04:45,2.735,G,,,
21/12/2015 05:00,2.732,G,,,
21/12/2015 05:15,2.741,G,,,
21/12/2015 05:30,2.738,G,,,
21/12/2015 05:45,2.737,G,,,
21/12/2015 06:00,2.734,G,,,
21/12/2015 06:15,2.736,G,,,
21/12/2015 06:30,2.73,G,,,
21/12/2015 06:45,2.732,G,,,
21/12/2015 07:00,2.728,G,,,
21/12/2015 07:15,2.734,G,,,
21/12/2015 07:30,2.73,G,,,
21/12/2015 07:45,2.721,G,,,
21/12/2015 08:00,2.717,G,,,
21/12/2015 08:15,2.711,G,,,
21/12/2015 08:30,2.71,G,,,
21/12/2015 08:45,2.705,G,,,
21/12/2015 09:00,2.697,G,,,
21/12/2015 09:15,2.692,G,,,
21/12/2015 09:30,2.684,G,,,
21/12/2015 09:45,2.679,G,,,
21/12/2015 10:00,2.669,G,,,
21/12/2015 10:15,2.658,G,,,
21/12/2015 10:30,2.655,G,,,
21/12/2015 10:45,2.649,G,,,
21/12/2015 11:00,2.646,G,,,
21/12/2015 11:15,2.637,G,,,
21/12/2015 11:30,2.633,G,,,
21/12/2015 11:45,2.626,G,,,
21/12/2015 12:00,2.625,G,,,
21/12/2015 12:15,2.621,G,,,
21/12/2015 12:30,2.603,G,,,
21/12/2015 12:45,2.602,G,,,
21/12/2015 13:00,2.594,G,,,
21/12/2015 13:15,2.581,G,,,
21/12/2015 13:30,2.573,G,,,
21/12/2015 13:45,2.566,G,,,
21/12/2015 14:00,2.558,G,,,
21/12/2015 14:15,2.552,G,,,
21/12/2015 14:30,2.552,G,,,
21/12/2015 14:45,2.537,G,,,
21/12/2015 15:00,2.53,G,,,
21/12/2015 15:15,2.525,G,,,
21/12/2015 15:30,2.514,G,,,
21/12/2015 15:45,2.517,G,,,
21/12/2015 16:00,2.512,G,,,
21/12/2015 16:15,2.501,G,,,
21/12/2015 16:30,2.489,G,,,
21/12/2015 16:45,2.488,G,,,
21/12/2015 17:00,2.475,G,,,
21/12/2015 17:15,2.47,G,,,
21/12/2015 17:30,2.466,G,,,
21/12/2015 17:45,2.469,G,,,
21/12/2015 18:00,2.47,G,,,
21/12/2015 18:15,2.461,G,,,
21/12/2015 18:30,2.458,G,,,
21/12/2015 18:45,2.452,G,,,
21/12/2015 19:00,2.453,G,,,
21/12/2015 19:15,2.438,G,,,
21/12/2015 19:30,2.436,G,,,
21/12/2015 19:45,2.429,G,,,
21/12/2015 20:00,2.426,G,,,
21/12/2015 20:15,2.42,G,,,
21/12/2015 20:30,2.406,G,,,
21/12/2015 20:45,2.407,G,,,
21/12/2015 21:00,2.395,G,,,
21/12/2015 21:15,2.397,G,,,
21/12/2015 21:30,2.389,G,,,
21/12/2015 21:45,2.385,G,,,
21/12/2015 22:00,2.379,G,,,
21/12/2015 22:15,2.374,G,,,
21/12/2015 22:30,2.37,G,,,
21/12/2015 22:45,2.363,G,,,
21/12/2015 23:00,2.352,G,,,
21/12/2015 23:15,2.352,G,,,
21/12/2015 23:30,2.347,G,,,
21/12/2015 23:45,2.34,G,,,
22/12/2015 00:00,2.337,G,,,
22/12/2015 00:15,2.328,G,,,
22/12/2015 00:30,2.324,G,,,
22/12/2015 00:45,2.322,G,,,
22/12/2015 01:00,2.323,G,,,
22/12/2015 01:15,2.322,G,,,
22/12/2015 01:30,2.321,G,,,
22/12/2015 01:45,2.321,G,,,
22/12/2015 02:00,2.323,G,,,
22/12/2015 02:15,2.317,G,,,
22/12/2015 02:30,2.322,G,,,
22/12/2015 02:45,2.323,G,,,
22/12/2015 03:00,2.32,G,,,
22/12/2015 03:15,2.335,G,,,
22/12/2015 03:30,2.338,G,,,
22/12/2015 03:45,2.344,G,,,
22/12/2015 04:00,2.337,G,,,
22/12/2015 04:15,2.349,G,,,
22/12/2015 04:30,2.361,G,,,
22/12/2015 04:45,2.371,G,,,
22/12/2015 05:00,2.376,G,,,
22/12/2015 05:15,2.392,G,,,
22/12/2015 05:30,2.4,G,,,
22/12/2015 05:45,2.419,G,,,
22/12/2015 06:00,2.425,G,,,
22/12/2015 06:15,2.439,G,,,
22/12/2015 06:30,2.449,G,,,
22/12/2015 06:45,2.457,G,,,
22/12/2015 07:00,2.474,G,,,
22/12/2015 07:15,2.484,G,,,
22/12/2015 07:30,2.489,G,,,
22/12/2015 07:45,2.5,G,,,
22/12/2015 08:00,2.514,G,,,
22/12/2015 08:15,2.509,G,,,
22/12/2015 08:30,2.532,G,,,
22/12/2015 08:45,2.533,G,,,
22/12/2015 09:00,2.543,G,,,
22/12/2015 09:15,2.552,G,,,
22/12/2015 09:30,2.549,G,,,
22/12/2015 09:45,2.554,G,,,
22/12/2015 10:00,2.554,G,,,
22/12/2015 10:15,2.559,G,,,
22/12/2015 10:30,2.57,G,,,
22/12/2015 10:45,2.567,G,,,
22/12/2015 11:00,2.556,G,,,
22/12/2015 11:15,2.567,G,,,
22/12/2015 11:30,2.559,G,,,
22/12/2015 11:45,2.561,G,,,
22/12/2015 12:00,2.562,G,,,
22/12/2015 12:15,2.566,G,,,
22/12/2015 12:30,2.56,G,,,
22/12/2015 12:45,2.559,G,,,
22/12/2015 13:00,2.552,G,,,
22/12/2015 13:15,2.548,G,,,
22/12/2015 13:30,2.546,G,,,
22/12/2015 13:45,2.538,G,,,
22/12/2015 14:00,2.538,G,,,
22/12/2015 14:15,2.534,G,,,
22/12/2015 14:30,2.528,G,,,
22/12/2015 14:45,2.525,G,,,
22/12/2015 15:00,2.522,G,,,
22/12/2015 15:15,2.521,G,,,
22/12/2015 15:30,2.518,G,,,
22/12/2015 15:45,2.512,G,,,
22/12/2015 16:00,2.509,G,,,
22/12/2015 16:15,2.506,G,,,
22/12/2015 16:30,2.495,G,,,
22/12/2015 16:45,2.5,G,,,
22/12/2015 17:00,2.495,G,,,
22/12/2015 17:15,2.49,G,,,
22/12/2015 17:30,2.485,G,,,
22/12/2015 17:45,2.486,G,,,
22/12/2015 18:00,2.486,G,,,
22/12/2015 18:15,2.49,G,,,
22/12/2015 18:30,2.493,G,,,
22/12/2015 18:45,2.5,G,,,
22/12/2015 19:00,2.501,G,,,
22/12/2015 19:15,2.512,G,,,
22/12/2015 19:30,2.52,G,,,
22/12/2015 19:45,2.529,G,,,
22/12/2015 20:00,2.539,G,,,
22/12/2015 20:15,2.539,G,,,
22/12/2015 20:30,2.562,G,,,
22/12/2015 20:45,2.573,G,,,
22/12/2015 21:00,2.576,G,,,
22/12/2015 21:15,2.588,G,,,
22/12/2015 21:30,2.602,G,,,
22/12/2015 21:45,2.62,G,,,
22/12/2015 22:00,2.635,G,,,
22/12/2015 22:15,2.646,G,,,
22/12/2015 22:30,2.659,G,,,
22/12/2015 22:45,2.674,G,,,
22/12/2015 23:00,2.688,G,,,
22/12/2015 23:15,2.701,G,,,
22/12/2015 23:30,2.714,G,,,
22/12/2015 23:45,2.729,G,,,
23/12/2015 00:00,2.745,G,,,
23/12/2015 00:15,2.759,G,,,
23/12/2015 00:30,2.776,G,,,
23/12/2015 00:45,2.793,G,,,
23/12/2015 01:00,2.81,G,,,
23/12/2015 01:15,2.828,G,,,
23/12/2015 01:30,2.843,G,,,
23/12/2015 01:45,2.861,G,,,
23/12/2015 02:00,2.874,G,,,
23/12/2015 02:15,2.89,G,,,
23/12/2015 02:30,2.906,G,,,
23/12/2015 02:45,2.917,G,,,
23/12/2015 03:00,2.932,G,,,
23/12/2015 03:15,2.943,G,,,
23/12/2015 03:30,2.961,G,,,
23/12/2015 03:45,2.978,G,,,
23/12/2015 04:00,2.991,G,,,
23/12/2015 04:15,2.999,G,,,
23/12/2015 04:30,3.021,G,,,
23/12/2015 04:45,3.031,G,,,
23/12/2015 05:00,3.047,G,,,
23/12/2015 05:15,3.057,G,,,
23/12/2015 05:30,3.072,G,,,
23/12/2015 05:45,3.086,G,,,
23/12/2015 06:00,3.097,G,,,
23/12/2015 06:15,3.11,G,,,
23/12/2015 06:30,3.12,G,,,
23/12/2015 06:45,3.138,G,,,
23/12/2015 07:00,3.154,G,,,
23/12/2015 07:15,3.166,G,,,
23/12/2015 07:30,3.174,G,,,
23/12/2015 07:45,3.189,G,,,
23/12/2015 08:00,3.203,G,,,
23/12/2015 08:15,3.212,G,,,
23/12/2015 08:30,3.221,G,,,
23/12/2015 08:45,3.235,G,,,
23/12/2015 09:00,3.234,G,,,
23/12/2015 09:15,3.246,G,,,
23/12/2015 09:30,3.258,G,,,
23/12/2015 09:45,3.262,G,,,
23/12/2015 10:00,3.272,G,,,
23/12/2015 10:15,3.286,G,,,
23/12/2015 10:30,3.292,G,,,
23/12/2015 10:45,3.303,G,,,
23/12/2015 11:00,3.308,G,,,
23/12/2015 11:15,3.32,G,,,
23/12/2015 11:30,3.33,G,,,
23/12/2015 11:45,3.338,G,,,
23/12/2015 12:00,3.348,G,,,
23/12/2015 12:15,3.356,G,,,
23/12/2015 12:30,3.363,G,,,
23/12/2015 12:45,3.377,G,,,
23/12/2015 13:00,3.383,G,,,
23/12/2015 13:15,3.389,G,,,
23/12/2015 13:30,3.402,G,,,
23/12/2015 13:45,3.413,G,,,
23/12/2015 14:00,3.422,G,,,
23/12/2015 14:15,3.429,G,,,
23/12/2015 14:30,3.435,G,,,
23/12/2015 14:45,3.441,G,,,
23/12/2015 15:00,3.446,G,,,
23/12/2015 15:15,3.453,G,,,
23/12/2015 15:30,3.459,G,,,
23/12/2015 15:45,3.471,G,,,
23/12/2015 16:00,3.482,G,,,
23/12/2015 16:15,3.49,G,,,
23/12/2015 16:30,3.498,G,,,
23/12/2015 16:45,3.504,G,,,
23/12/2015 17:00,3.51,G,,,
23/12/2015 17:15,3.514,G,,,
23/12/2015 17:30,3.521,G,,,
23/12/2015 17:45,3.526,G,,,
23/12/2015 18:00,3.523,G,,,
23/12/2015 18:15,3.532,G,,,
23/12/2015 18:30,3.532,G,,,
23/12/2015 18:45,3.54,G,,,
23/12/2015 19:00,3.545,G,,,
23/12/2015 19:15,3.546,G,,,
23/12/2015 19:30,3.542,G,,,
23/12/2015 19:45,3.544,G,,,
23/12/2015 20:00,3.551,G,,,
23/12/2015 20:15,3.552,G,,,
23/12/2015 20:30,3.559,G,,,
23/12/2015 20:45,3.563,G,,,
23/12/2015 21:00,3.57,G,,,
23/12/2015 21:15,3.574,G,,,
23/12/2015 21:30,3.577,G,,,
23/12/2015 21:45,3.585,G,,,
23/12/2015 22:00,3.591,G,,,
23/12/2015 22:15,3.59,G,,,
23/12/2015 22:30,3.594,G,,,
23/12/2015 22:45,3.595,G,,,
23/12/2015 23:00,3.595,G,,,
23/12/2015 23:15,3.601,G,,,
23/12/2015 23:30,3.6,G,,,
23/12/2015 23:45,3.602,G,,,
24/12/2015 00:00,3.609,G,,,
24/12/2015 00:15,3.611,G,,,
24/12/2015 00:30,3.609,G,,,
24/12/2015 00:45,3.608,G,,,
24/12/2015 01:00,3.616,G,,,
24/12/2015 01:15,3.614,G,,,
24/12/2015 01:30,3.618,G,,,
24/12/2015 01:45,3.621,G,,,
24/12/2015 02:00,3.625,G,,,
24/12/2015 02:15,3.626,G,,,
24/12/2015 02:30,3.631,G,,,
24/12/2015 02:45,3.622,G,,,
24/12/2015 03:00,3.622,G,,,
24/12/2015 03:15,3.622,G,,,
24/12/2015 03:30,3.622,G,,,
24/12/2015 03:45,3.624,G,,,
24/12/2015 04:00,3.629,G,,,
24/12/2015 04:15,3.625,G,,,
24/12/2015 04:30,3.627,G,,,
24/12/2015 04:45,3.623,G,,,
24/12/2015 05:00,3.621,G,,,
24/12/2015 05:15,3.626,G,,,
24/12/2015 05:30,3.624,G,,,
24/12/2015 05:45,3.63,G,,,
24/12/2015 06:00,3.628,G,,,
24/12/2015 06:15,3.622,G,,,
24/12/2015 06:30,3.622,G,,,
24/12/2015 06:45,3.623,G,,,
24/12/2015 07:00,3.626,G,,,
24/12/2015 07:15,3.62,G,,,
24/12/2015 07:30,3.622,G,,,
24/12/2015 07:45,3.623,G,,,
24/12/2015 08:00,3.621,G,,,
24/12/2015 08:15,3.611,G,,,
24/12/2015 08:30,3.612,G,,,
24/12/2015 08:45,3.61,G,,,
24/12/2015 09:00,3.614,G,,,
24/12/2015 09:15,3.615,G,,,
24/12/2015 09:30,3.606,G,,,
24/12/2015 09:45,3.603,G,,,
24/12/2015 10:00,3.601,G,,,
24/12/2015 10:15,3.601,G,,,
24/12/2015 10:30,3.605,G,,,
24/12/2015 10:45,3.606,G,,,
24/12/2015 11:00,3.601,G,,,
24/12/2015 11:15,3.6,G,,,
24/12/2015 11:30,3.595,G,,,
24/12/2015 11:45,3.593,G,,,
24/12/2015 12:00,3.591,G,,,
24/12/2015 12:15,3.584,G,,,
24/12/2015 12:30,3.58,G,,,
24/12/2015 12:45,3.576,G,,,
24/12/2015 13:00,3.574,G,,,
24/12/2015 13:15,3.567,G,,,
24/12/2015 13:30,3.565,G,,,
24/12/2015 13:45,3.555,G,,,
24/12/2015 14:00,3.551,G,,,
24/12/2015 14:15,3.549,G,,,
24/12/2015 14:30,3.542,G,,,
24/12/2015 14:45,3.542,G,,,
24/12/2015 15:00,3.534,G,,,
24/12/2015 15:15,3.532,G,,,
24/12/2015 15:30,3.525,G,,,
24/12/2015 15:45,3.522,G,,,
24/12/2015 16:00,3.514,G,,,
24/12/2015 16:15,3.512,G,,,
24/12/2015 16:30,3.502,G,,,
24/12/2015 16:45,3.505,G,,,
24/12/2015 17:00,3.496,G,,,
24/12/2015 17:15,3.494,G,,,
24/12/2015 17:30,3.484,G,,,
24/12/2015 17:45,3.481,G,,,
24/12/2015 18:00,3.476,G,,,
24/12/2015 18:15,3.471,G,,,
24/12/2015 18:30,3.461,G,,,
24/12/2015 18:45,3.455,G,,,
24/12/2015 19:00,3.448,G,,,
24/12/2015 19:15,3.443,G,,,
24/12/2015 19:30,3.438,G,,,
24/12/2015 19:45,3.425,G,,,
24/12/2015 20:00,3.418,G,,,
24/12/2015 20:15,3.413,G,,,
24/12/2015 20:30,3.408,G,,,
24/12/2015 20:45,3.403,G,,,
24/12/2015 21:00,3.395,G,,,
24/12/2015 21:15,3.391,G,,,
24/12/2015 21:30,3.38,G,,,
24/12/2015 21:45,3.378,G,,,
24/12/2015 22:00,3.371,G,,,
24/12/2015 22:15,3.366,G,,,
24/12/2015 22:30,3.359,G,,,
24/12/2015 22:45,3.353,G,,,
24/12/2015 23:00,3.346,G,,,
24/12/2015 23:15,3.337,G,,,
24/12/2015 23:30,3.33,G,,,
24/12/2015 23:45,3.328,G,,,
25/12/2015 00:00,3.322,G,,,
25/12/2015 00:15,3.315,G,,,
25/12/2015 00:30,3.311,G,,,
25/12/2015 00:45,3.3,G,,,
25/12/2015 01:00,3.295,G,,,
25/12/2015 01:15,3.295,G,,,
25/12/2015 01:30,3.289,G,,,
25/12/2015 01:45,3.283,G,,,
25/12/2015 02:00,3.278,G,,,
25/12/2015 02:15,3.273,G,,,
25/12/2015 02:30,3.265,G,,,
25/12/2015 02:45,3.264,G,,,
25/12/2015 03:00,3.261,G,,,
25/12/2015 03:15,3.249,G,,,
25/12/2015 03:30,3.249,G,,,
25/12/2015 03:45,3.238,G,,,
25/12/2015 04:00,3.234,G,,,
25/12/2015 04:15,3.229,G,,,
25/12/2015 04:30,3.228,G,,,
25/12/2015 04:45,3.218,G,,,
25/12/2015 05:00,3.212,G,,,
25/12/2015 05:15,3.212,G,,,
25/12/2015 05:30,3.204,G,,,
25/12/2015 05:45,3.198,G,,,
25/12/2015 06:00,3.194,G,,,
25/12/2015 06:15,3.188,G,,,
25/12/2015 06:30,3.187,G,,,
25/12/2015 06:45,3.181,G,,,
25/12/2015 07:00,3.175,G,,,
25/12/2015 07:15,3.166,G,,,
25/12/2015 07:30,3.161,G,,,
25/12/2015 07:45,3.15,G,,,
25/12/2015 08:00,3.151,G,,,
25/12/2015 08:15,3.143,G,,,
25/12/2015 08:30,3.138,G,,,
25/12/2015 08:45,3.132,G,,,
25/12/2015 09:00,3.124,G,,,
25/12/2015 09:15,3.121,G,,,
25/12/2015 09:30,3.115,G,,,
25/12/2015 09:45,3.114,G,,,
25/12/2015 10:00,3.106,G,,,
25/12/2015 10:15,3.102,G,,,
25/12/2015 10:30,3.098,G,,,
25/12/2015 10:45,3.093,G,,,
25/12/2015 11:00,3.088,G,,,
25/12/2015 11:15,3.082,G,,,
25/12/2015 11:30,3.078,G,,,
25/12/2015 11:45,3.066,G,,,
25/12/2015 12:00,3.062,G,,,
25/12/2015 12:15,3.059,G,,,
25/12/2015 12:30,3.054,G,,,
25/12/2015 12:45,3.049,G,,,
25/12/2015 13:00,3.041,G,,,
25/12/2015 13:15,3.037,G,,,
25/12/2015 13:30,3.031,G,,,
25/12/2015 13:45,3.023,G,,,
25/12/2015 14:00,3.022,G,,,
25/12/2015 14:15,3.02,G,,,
25/12/2015 14:30,3.015,G,,,
25/12/2015 14:45,3.006,G,,,
25/12/2015 15:00,2.997,G,,,
25/12/2015 15:15,2.995,G,,,
25/12/2015 15:30,2.99,G,,,
25/12/2015 15:45,2.98,G,,,
25/12/2015 16:00,2.98,G,,,
25/12/2015 16:15,2.977,G,,,
25/12/2015 16:30,2.977,G,,,
25/12/2015 16:45,2.975,G,,,
25/12/2015 17:00,2.973,G,,,
25/12/2015 17:15,2.977,G,,,
25/12/2015 17:30,2.975,G,,,
25/12/2015 17:45,2.976,G,,,
25/12/2015 18:00,2.973,G,,,
25/12/2015 18:15,2.971,G,,,
25/12/2015 18:30,2.967,G,,,
25/12/2015 18:45,2.965,G,,,
25/12/2015 19:00,2.958,G,,,
25/12/2015 19:15,2.956,G,,,
25/12/2015 19:30,2.954,G,,,
25/12/2015 19:45,2.943,G,,,
25/12/2015 20:00,2.952,G,,,
25/12/2015 20:15,2.949,G,,,
25/12/2015 20:30,2.95,G,,,
25/12/2015 20:45,2.958,G,,,
25/12/2015 21:00,2.965,G,,,
25/12/2015 21:15,2.964,G,,,
25/12/2015 21:30,2.973,G,,,
25/12/2015 21:45,2.984,G,,,
25/12/2015 22:00,2.99,G,,,
25/12/2015 22:15,2.992,G,,,
25/12/2015 22:30,3.004,G,,,
25/12/2015 22:45,3.019,G,,,
25/12/2015 23:00,3.019,G,,,
25/12/2015 23:15,3.022,G,,,
25/12/2015 23:30,3.027,G,,,
25/12/2015 23:45,3.036,G,,,
26/12/2015 00:00,3.042,G,,,
26/12/2015 00:15,3.047,G,,,
26/12/2015 00:30,3.056,G,,,
26/12/2015 00:45,3.064,G,,,
26/12/2015 01:00,3.071,G,,,
26/12/2015 01:15,3.079,G,,,
26/12/2015 01:30,3.087,G,,,
26/12/2015 01:45,3.094,G,,,
26/12/2015 02:00,3.109,G,,,
26/12/2015 02:15,3.12,G,,,
26/12/2015 02:30,3.125,G,,,
26/12/2015 02:45,3.135,G,,,
26/12/2015 03:00,3.145,G,,,
26/12/2015 03:15,3.156,G,,,
26/12/2015 03:30,3.168,G,,,
26/12/2015 03:45,3.181,G,,,
26/12/2015 04:00,3.191,G,,,
26/12/2015 04:15,3.204,G,,,
26/12/2015 04:30,3.219,G,,,
26/12/2015 04:45,3.23,G,,,
26/12/2015 05:00,3.242,G,,,
26/12/2015 05:15,3.254,G,,,
26/12/2015 05:30,3.276,G,,,
26/12/2015 05:45,3.29,G,,,
26/12/2015 06:00,3.298,G,,,
26/12/2015 06:15,3.317,G,,,
26/12/2015 06:30,3.335,G,,,
26/12/2015 06:45,3.351,G,,,
26/12/2015 07:00,3.369,G,,,
26/12/2015 07:15,3.378,G,,,
26/12/2015 07:30,3.396,G,,,
26/12/2015 07:45,3.409,G,,,
26/12/2015 08:00,3.425,G,,,
26/12/2015 08:15,3.444,G,,,
26/12/2015 08:30,3.465,G,,,
26/12/2015 08:45,3.486,G,,,
26/12/2015 09:00,3.503,G,,,
26/12/2015 09:15,3.518,G,,,
26/12/2015 09:30,3.537,G,,,
26/12/2015 09:45,3.558,G,,,
26/12/2015 10:00,3.574,G,,,
26/12/2015 10:15,3.586,G,,,
26/12/2015 10:30,3.612,G,,,
26/12/2015 10:45,3.629,G,,,
26/12/2015 11:00,3.646,G,,,
26/12/2015 11:15,3.664,G,,,
26/12/2015 11:30,3.679,G,,,
26/12/2015 11:45,3.693,G,,,
26/12/2015 12:00,3.709,G,,,
26/12/2015 12:15,3.725,G,,,
26/12/2015 12:30,3.742,G,,,
26/12/2015 12:45,3.756,G,,,
26/12/2015 13:00,3.77,G,,,
26/12/2015 13:15,3.782,G,,,
26/12/2015 13:30,3.797,G,,,
26/12/2015 13:45,3.807,G,,,
26/12/2015 14:00,3.817,G,,,
26/12/2015 14:15,3.827,G,,,
26/12/2015 14:30,3.839,G,,,
26/12/2015 14:45,3.85,G,,,
26/12/2015 15:00,3.861,G,,,
26/12/2015 15:15,3.872,G,,,
26/12/2015 15:30,3.88,G,,,
26/12/2015 15:45,3.89,G,,,
26/12/2015 16:00,3.901,G,,,
26/12/2015 16:15,3.909,G,,,
26/12/2015 16:30,3.919,G,,,
26/12/2015 16:45,3.934,G,,,
26/12/2015 17:00,3.949,G,,,
26/12/2015 17:15,3.958,G,,,
26/12/2015 17:30,3.976,G,,,
26/12/2015 17:45,3.991,G,,,
26/12/2015 18:00,4.008,G,,,
26/12/2015 18:15,4.021,G,,,
26/12/2015 18:30,4.037,G,,,
26/12/2015 18:45,4.055,G,,,
26/12/2015 19:00,4.053,G,,,
26/12/2015 19:15,4.091,G,,,
26/12/2015 19:30,4.107,G,,,
26/12/2015 19:45,4.129,G,,,
26/12/2015 20:00,4.149,G,,,
26/12/2015 20:15,4.164,G,,,
26/12/2015 20:30,4.186,G,,,
26/12/2015 20:45,4.198,G,,,
26/12/2015 21:00,4.219,G,,,
26/12/2015 21:15,4.242,G,,,
26/12/2015 21:30,4.262,G,,,
26/12/2015 21:45,4.28,G,,,
26/12/2015 22:00,4.294,G,,,
26/12/2015 22:15,4.31,G,,,
26/12/2015 22:30,4.327,G,,,
26/12/2015 22:45,4.342,G,,,
26/12/2015 23:00,4.354,G,,,
26/12/2015 23:15,4.367,G,,,
26/12/2015 23:30,4.381,G,,,
26/12/2015 23:45,4.422,G,,,
27/12/2015 00:00,4.431,G,,,
27/12/2015 00:15,4.444,G,,,
27/12/2015 00:30,4.47,G,,,
27/12/2015 00:45,4.486,G,,,
27/12/2015 01:00,4.515,G,,,
27/12/2015 01:15,4.529,G,,,
27/12/2015 01:30,4.543,G,,,
27/12/2015 01:45,4.556,G,,,
27/12/2015 02:00,4.563,G,,,
27/12/2015 02:15,4.575,G,,,
27/12/2015 02:30,4.589,G,,,
27/12/2015 02:45,4.604,G,,,
27/12/2015 03:00,4.614,G,,,
27/12/2015 03:15,4.624,G,,,
27/12/2015 03:30,4.634,G,,,
27/12/2015 03:45,4.644,G,,,
27/12/2015 04:00,4.65,G,,,
27/12/2015 04:15,4.659,G,,,
27/12/2015 04:30,4.675,G,,,
27/12/2015 04:45,4.708,G,,,
27/12/2015 05:00,4.742,G,,,
27/12/2015 05:15,4.775,G,,,
27/12/2015 05:30,4.8,G,,,
27/12/2015 05:45,4.824,G,,,
27/12/2015 06:00,4.844,G,,,
27/12/2015 06:15,4.862,G,,,
27/12/2015 06:30,4.885,G,,,
27/12/2015 06:45,4.901,G,,,
27/12/2015 07:00,4.918,G,,,
27/12/2015 07:15,4.925,G,,,
27/12/2015 07:30,4.944,G,,,
27/12/2015 07:45,4.957,G,,,
27/12/2015 08:00,4.96,G,,,
27/12/2015 08:15,4.978,G,,,
27/12/2015 08:30,4.981,G,,,
27/12/2015 08:45,4.992,G,,,
27/12/2015 09:00,4.993,G,,,
27/12/2015 09:15,5.008,G,,,
27/12/2015 09:30,5.016,G,,,
27/12/2015 09:45,5.027,G,,,
27/12/2015 10:00,5.027,G,,,
27/12/2015 10:15,5.031,G,,,
27/12/2015 10:30,5.043,G,,,
27/12/2015 10:45,5.05,G,,,
27/12/2015 11:00,5.05,G,,,
27/12/2015 11:15,5.056,G,,,
27/12/2015 11:30,5.062,G,,,
27/12/2015 11:45,5.067,G,,,
27/12/2015 12:00,5.07,G,,,
27/12/2015 12:15,5.076,G,,,
27/12/2015 12:30,5.081,G,,,
27/12/2015 12:45,5.087,G,,,
27/12/2015 13:00,5.092,G,,,
27/12/2015 13:15,5.091,G,,,
27/12/2015 13:30,5.095,G,,,
27/12/2015 13:45,5.107,G,,,
27/12/2015 14:00,5.108,G,,,
27/12/2015 14:15,5.11,G,,,
27/12/2015 14:30,5.113,G,,,
27/12/2015 14:45,5.117,G,,,
27/12/2015 15:00,5.12,G,,,
27/12/2015 15:15,5.122,G,,,
27/12/2015 15:30,5.123,G,,,
27/12/2015 15:45,5.129,G,,,
27/12/2015 16:00,5.129,G,,,
27/12/2015 16:15,5.133,G,,,
27/12/2015 16:30,5.134,G,,,
27/12/2015 16:45,5.138,G,,,
27/12/2015 17:00,5.137,G,,,
27/12/2015 17:15,5.142,G,,,
27/12/2015 17:30,5.145,G,,,
27/12/2015 17:45,5.146,G,,,
27/12/2015 18:00,5.147,G,,,
27/12/2015 18:15,5.152,G,,,
27/12/2015 18:30,5.152,G,,,
27/12/2015 18:45,5.155,G,,,
27/12/2015 19:00,5.158,G,,,
27/12/2015 19:15,5.159,G,,,
27/12/2015 19:30,5.165,G,,,
27/12/2015 19:45,5.157,G,,,
27/12/2015 20:00,5.166,G,,,
27/12/2015 20:15,5.173,G,,,
27/12/2015 20:30,5.174,G,,,
27/12/2015 20:45,5.167,G,,,
27/12/2015 21:00,5.177,G,,,
27/12/2015 21:15,5.176,G,,,
27/12/2015 21:30,5.178,G,,,
27/12/2015 21:45,5.175,G,,,
27/12/2015 22:00,5.184,G,,,
27/12/2015 22:15,5.179,G,,,
27/12/2015 22:30,5.189,G,,,
27/12/2015 22:45,5.182,G,,,
27/12/2015 23:00,5.187,G,,,
27/12/2015 23:15,5.183,G,,,
27/12/2015 23:30,5.187,G,,,
27/12/2015 23:45,5.188,G,,,
28/12/2015 00:00,5.189,G,,,
28/12/2015 00:15,5.186,G,,,
28/12/2015 00:30,5.187,G,,,
28/12/2015 00:45,5.189,G,,,
28/12/2015 01:00,5.188,G,,,
28/12/2015 01:15,5.182,G,,,
28/12/2015 01:30,5.185,G,,,
28/12/2015 01:45,5.185,G,,,
28/12/2015 02:00,5.178,G,,,
28/12/2015 02:15,5.185,G,,,
28/12/2015 02:30,5.177,G,,,
28/12/2015 02:45,5.178,G,,,
28/12/2015 03:00,5.173,G,,,
28/12/2015 03:15,5.171,G,,,
28/12/2015 03:30,5.166,G,,,
28/12/2015 03:45,5.171,G,,,
28/12/2015 04:00,5.169,G,,,
28/12/2015 04:15,5.16,G,,,
28/12/2015 04:30,5.173,G,,,
28/12/2015 04:45,5.164,G,,,
28/12/2015 05:00,5.161,G,,,
28/12/2015 05:15,5.158,G,,,
28/12/2015 05:30,5.156,G,,,
28/12/2015 05:45,5.155,G,,,
28/12/2015 06:00,5.144,G,,,
28/12/2015 06:15,5.148,G,,,
28/12/2015 06:30,5.144,G,,,
28/12/2015 06:45,5.143,G,,,
28/12/2015 07:00,5.139,G,,,
28/12/2015 07:15,5.138,G,,,
28/12/2015 07:30,5.133,G,,,
28/12/2015 07:45,5.13,G,,,
28/12/2015 08:00,5.121,G,,,
28/12/2015 08:15,5.122,G,,,
28/12/2015 08:30,5.122,G,,,
28/12/2015 08:45,5.12,G,,,
28/12/2015 09:00,5.11,G,,,
28/12/2015 09:15,5.113,G,,,
28/12/2015 09:30,5.105,G,,,
28/12/2015 09:45,5.101,G,,,
28/12/2015 10:00,5.096,G,,,
28/12/2015 10:15,5.094,G,,,
28/12/2015 10:30,5.087,G,,,
28/12/2015 10:45,5.086,G,,,
28/12/2015 11:00,5.084,G,,,
28/12/2015 11:15,5.075,G,,,
28/12/2015 11:30,5.075,G,,,
28/12/2015 11:45,5.066,G,,,
28/12/2015 12:00,5.065,G,,,
28/12/2015 12:15,5.062,G,,,
28/12/2015 12:30,5.056,G,,,
28/12/2015 12:45,5.054,G,,,
28/12/2015 13:00,5.051,G,,,
28/12/2015 13:15,5.043,G,,,
28/12/2015 13:30,5.043,G,,,
28/12/2015 13:45,5.032,G,,,
28/12/2015 14:00,5.032,G,,,
28/12/2015 14:15,5.025,G,,,
28/12/2015 14:30,5.022,G,,,
28/12/2015 14:45,5.012,G,,,
28/12/2015 15:00,5.014,G,,,
28/12/2015 15:15,5.007,G,,,
28/12/2015 15:30,5.004,G,,,
28/12/2015 15:45,4.996,G,,,
28/12/2015 16:00,4.992,G,,,
28/12/2015 16:15,4.988,G,,,
28/12/2015 16:30,4.98,G,,,
28/12/2015 16:45,4.978,G,,,
28/12/2015 17:00,4.968,G,,,
28/12/2015 17:15,4.963,G,,,
28/12/2015 17:30,4.965,G,,,
28/12/2015 17:45,4.955,G,,,
28/12/2015 18:00,4.948,G,,,
28/12/2015 18:15,4.946,G,,,
28/12/2015 18:30,4.943,G,,,
28/12/2015 18:45,4.934,G,,,
28/12/2015 19:00,4.928,G,,,
28/12/2015 19:15,4.926,G,,,
28/12/2015 19:30,4.916,G,,,
28/12/2015 19:45,4.917,G,,,
28/12/2015 20:00,4.904,G,,,
28/12/2015 20:15,4.906,G,,,
28/12/2015 20:30,4.896,G,,,
28/12/2015 20:45,4.898,G,,,
28/12/2015 21:00,4.892,G,,,
28/12/2015 21:15,4.883,G,,,
28/12/2015 21:30,4.881,G,,,
28/12/2015 21:45,4.876,G,,,
28/12/2015 22:00,4.868,G,,,
28/12/2015 22:15,4.865,G,,,
28/12/2015 22:30,4.858,G,,,
28/12/2015 22:45,4.855,G,,,
28/12/2015 23:00,4.843,G,,,
28/12/2015 23:15,4.838,G,,,
28/12/2015 23:30,4.832,G,,,
28/12/2015 23:45,4.825,G,,,
29/12/2015 00:00,4.822,G,,,
29/12/2015 00:15,4.816,G,,,
29/12/2015 00:30,4.812,G,,,
29/12/2015 00:45,4.803,G,,,
29/12/2015 01:00,4.8,G,,,
29/12/2015 01:15,4.799,G,,,
29/12/2015 01:30,4.79,G,,,
29/12/2015 01:45,4.783,G,,,
29/12/2015 02:00,4.778,G,,,
29/12/2015 02:15,4.773,G,,,
29/12/2015 02:30,4.77,G,,,
29/12/2015 02:45,4.761,G,,,
29/12/2015 03:00,4.754,G,,,
29/12/2015 03:15,4.748,G,,,
29/12/2015 03:30,4.743,G,,,
29/12/2015 03:45,4.736,G,,,
29/12/2015 04:00,4.731,G,,,
29/12/2015 04:15,4.725,G,,,
29/12/2015 04:30,4.719,G,,,
29/12/2015 04:45,4.714,G,,,
29/12/2015 05:00,4.704,G,,,
29/12/2015 05:15,4.698,G,,,
29/12/2015 05:30,4.691,G,,,
29/12/2015 05:45,4.688,G,,,
29/12/2015 06:00,4.681,G,,,
29/12/2015 06:15,4.676,G,,,
29/12/2015 06:30,4.668,G,,,
29/12/2015 06:45,4.664,G,,,
29/12/2015 07:00,4.654,G,,,
29/12/2015 07:15,4.647,G,,,
29/12/2015 07:30,4.639,G,,,
29/12/2015 07:45,4.635,G,,,
29/12/2015 08:00,4.627,G,,,
29/12/2015 08:15,4.618,G,,,
29/12/2015 08:30,4.614,G,,,
29/12/2015 08:45,4.607,G,,,
29/12/2015 09:00,4.601,G,,,
29/12/2015 09:15,4.592,G,,,
29/12/2015 09:30,4.589,G,,,
29/12/2015 09:45,4.583,G,,,
29/12/2015 10:00,4.574,G,,,
29/12/2015 10:15,4.569,G,,,
29/12/2015 10:30,4.563,G,,,
29/12/2015 10:45,4.556,G,,,
29/12/2015 11:00,4.546,G,,,
29/12/2015 11:15,4.544,G,,,
29/12/2015 11:30,4.534,G,,,
29/12/2015 11:45,4.53,G,,,
29/12/2015 12:00,4.524,G,,,
29/12/2015 12:15,4.519,G,,,
29/12/2015 12:30,4.516,G,,,
29/12/2015 12:45,4.51,G;Ed,,Missing value infilled.,
29/12/2015 13:00,4.503,G;Ed,,Missing value infilled.,
29/12/2015 13:15,4.495,G;Ed,,"Missing value infilled.;Site visit at 13:10. GB = 4.490m, Instrument = 4.490m. PSTN replaced with GSM due to a comms failure on 27/12/2015. BT line is now working but is intermittant. Cable joint may have taken in water.",
29/12/2015 13:30,4.487,G,,Missing value infilled.,
29/12/2015 13:45,4.48,G,,,
29/12/2015 14:00,4.476,G,,,
29/12/2015 14:15,4.47,G,,,
29/12/2015 14:30,4.467,G,,,
29/12/2015 14:45,4.458,G,,,
29/12/2015 15:00,4.451,G,,,
29/12/2015 15:15,4.447,G,,,
29/12/2015 15:30,4.444,G,,,
29/12/2015 15:45,4.436,G,,,
29/12/2015 16:00,4.43,G,,,
29/12/2015 16:15,4.423,G,,,
29/12/2015 16:30,4.417,G,,,
29/12/2015 16:45,4.409,G,,,
29/12/2015 17:00,4.404,G,,,
29/12/2015 17:15,4.398,G,,,
29/12/2015 17:30,4.394,G,,,
29/12/2015 17:45,4.387,G,,,
29/12/2015 18:00,4.38,G,,,
29/12/2015 18:15,4.375,G,,,
29/12/2015 18:30,4.367,G,,,
29/12/2015 18:45,4.355,G,,,
29/12/2015 19:00,4.352,G,,,
29/12/2015 19:15,4.347,G,,,
29/12/2015 19:30,4.337,G,,,
29/12/2015 19:45,4.329,G,,,
29/12/2015 20:00,4.322,G,,,
29/12/2015 20:15,4.312,G,,,
29/12/2015 20:30,4.306,G,,,
29/12/2015 20:45,4.304,G,,,
29/12/2015 21:00,4.293,G,,,
29/12/2015 21:15,4.284,G,,,
29/12/2015 21:30,4.277,G,,,
29/12/2015 21:45,4.268,G,,,
29/12/2015 22:00,4.262,G,,,
29/12/2015 22:15,4.256,G,,,
29/12/2015 22:30,4.247,G,,,
29/12/2015 22:45,4.245,G,,,
29/12/2015 23:00,4.244,G,,,
29/12/2015 23:15,4.24,G,,,
29/12/2015 23:30,4.237,G,,,
29/12/2015 23:45,4.229,G,,,
30/12/2015 00:00,4.227,G,,,
30/12/2015 00:15,4.219,G,,,
30/12/2015 00:30,4.216,G,,,
30/12/2015 00:45,4.208,G,,,
30/12/2015 01:00,4.202,G,,,
30/12/2015 01:15,4.198,G,,,
30/12/2015 01:30,4.188,G,,,
30/12/2015 01:45,4.182,G,,,
30/12/2015 02:00,4.173,G,,,
30/12/2015 02:15,4.173,G,,,
30/12/2015 02:30,4.166,G,,,
30/12/2015 02:45,4.168,G,,,
30/12/2015 03:00,4.156,G,,,
30/12/2015 03:15,4.156,G,,,
30/12/2015 03:30,4.146,G,,,
30/12/2015 03:45,4.14,G,,,
30/12/2015 04:00,4.137,G,,,
30/12/2015 04:15,4.129,G,,,
30/12/2015 04:30,4.122,G,,,
30/12/2015 04:45,4.117,G,,,
30/12/2015 05:00,4.111,G,,,
30/12/2015 05:15,4.106,G,,,
30/12/2015 05:30,4.1,G,,,
30/12/2015 05:45,4.1,G,,,
30/12/2015 06:00,4.089,G,,,
30/12/2015 06:15,4.084,G,,,
30/12/2015 06:30,4.081,G,,,
30/12/2015 06:45,4.073,G,,,
30/12/2015 07:00,4.07,G,,,
30/12/2015 07:15,4.064,G,,,
30/12/2015 07:30,4.053,G,,,
30/12/2015 07:45,4.046,G,,,
30/12/2015 08:00,4.041,G,,,
30/12/2015 08:15,4.039,G,,,
30/12/2015 08:30,4.033,G,,,
30/12/2015 08:45,4.03,G,,,
30/12/2015 09:00,4.024,G,,,
30/12/2015 09:15,4.02,G,,,
30/12/2015 09:30,4.015,G,,,
30/12/2015 09:45,4.01,G,,,
30/12/2015 10:00,4.001,G,,,
30/12/2015 10:15,3.997,G,,,
30/12/2015 10:30,3.987,G,,,
30/12/2015 10:45,3.984,G,,,
30/12/2015 11:00,3.979,G,,,
30/12/2015 11:15,3.975,G,,,
30/12/2015 11:30,3.973,G,,,
30/12/2015 11:45,3.958,G,,,
30/12/2015 12:00,3.956,G,,,
30/12/2015 12:15,3.95,G,,,
30/12/2015 12:30,3.944,G,,,
30/12/2015 12:45,3.944,G,,,
30/12/2015 13:00,3.934,G,,,
30/12/2015 13:15,3.928,G,,,
30/12/2015 13:30,3.924,G,,,
30/12/2015 13:45,3.921,G,,,
30/12/2015 14:00,3.918,G,,,
30/12/2015 14:15,3.912,G,,,
30/12/2015 14:30,3.907,G,,,
30/12/2015 14:45,3.903,G,,,
30/12/2015 15:00,3.894,G,,,
30/12/2015 15:15,3.891,G,,,
30/12/2015 15:30,3.892,G,,,
30/12/2015 15:45,3.881,G,,,
30/12/2015 16:00,3.878,G,,,
30/12/2015 16:15,3.88,G,,,
30/12/2015 16:30,3.872,G,,,
30/12/2015 16:45,3.864,G,,,
30/12/2015 17:00,3.861,G,,,
30/12/2015 17:15,3.856,G,,,
30/12/2015 17:30,3.851,G,,,
30/12/2015 17:45,3.843,G,,,
30/12/2015 18:00,3.842,G,,,
30/12/2015 18:15,3.832,G,,,
30/12/2015 18:30,3.821,G,,,
30/12/2015 18:45,3.814,G,,,
30/12/2015 19:00,3.81,G,,,
30/12/2015 19:15,3.803,G,,,
30/12/2015 19:30,3.796,G,,,
30/12/2015 19:45,3.786,G,,,
30/12/2015 20:00,3.787,G,,,
30/12/2015 20:15,3.781,G,,,
30/12/2015 20:30,3.773,G,,,
30/12/2015 20:45,3.769,G,,,
30/12/2015 21:00,3.765,G,,,
30/12/2015 21:15,3.767,G,,,
30/12/2015 21:30,3.759,G,,,
30/12/2015 21:45,3.754,G,,,
30/12/2015 22:00,3.752,G,,,
30/12/2015 22:15,3.75,G,,,
30/12/2015 22:30,3.746,G,,,
30/12/2015 22:45,3.738,G,,,
30/12/2015 23:00,3.736,G,,,
30/12/2015 23:15,3.734,G,,,
30/12/2015 23:30,3.725,G,,,
30/12/2015 23:45,3.72,G,,,
31/12/2015 00:00,3.717,G,,,
31/12/2015 00:15,3.717,G,,,
31/12/2015 00:30,3.711,G,,,
31/12/2015 00:45,3.707,G,,,
31/12/2015 01:00,3.705,G,,,
31/12/2015 01:15,3.697,G,,,
31/12/2015 01:30,3.695,G,,,
31/12/2015 01:45,3.694,G,,,
31/12/2015 02:00,3.689,G,,,
31/12/2015 02:15,3.688,G,,,
31/12/2015 02:30,3.677,G,,,
31/12/2015 02:45,3.675,G,,,
31/12/2015 03:00,3.67,G,,,
31/12/2015 03:15,3.673,G,,,
31/12/2015 03:30,3.67,G,,,
31/12/2015 03:45,3.67,G,,,
31/12/2015 04:00,3.665,G,,,
31/12/2015 04:15,3.664,G,,,
31/12/2015 04:30,3.663,G,,,
31/12/2015 04:45,3.661,G,,,
31/12/2015 05:00,3.657,G,,,
31/12/2015 05:15,3.656,G,,,
31/12/2015 05:30,3.656,G,,,
31/12/2015 05:45,3.654,G,,,
31/12/2015 06:00,3.648,G,,,
31/12/2015 06:15,3.648,G,,,
31/12/2015 06:30,3.647,G,,,
31/12/2015 06:45,3.646,G,,,
31/12/2015 07:00,3.646,G,,,
31/12/2015 07:15,3.644,G,,,
31/12/2015 07:30,3.643,G,,,
31/12/2015 07:45,3.643,G,,,
31/12/2015 08:00,3.642,G,,,
31/12/2015 08:15,3.643,G,,,
31/12/2015 08:30,3.641,G,,,
31/12/2015 08:45,3.637,G,,,
31/12/2015 09:00,3.641,G,,,
31/12/2015 09:15,3.636,G,,,
31/12/2015 09:30,3.638,G,,,
31/12/2015 09:45,3.636,G,,,
31/12/2015 10:00,3.634,G,,,
31/12/2015 10:15,3.634,G,,Site visit at 1019. GB = 8.641m. Instrument reading = 3.633m.;Missing value infilled by linear interpolation,
31/12/2015 10:30,3.632,G;Ed,,Missing value infilled by linear interpolation,
31/12/2015 10:45,3.631,G,,"Missing value infilled by linear interpolation;Site check at 1047. GB = 8.635m, Instrument = 3.629m.",
31/12/2015 11:00,3.635,G,,Missing value infilled by linear interpolation,
31/12/2015 11:15,3.631,G,,,
31/12/2015 11:30,3.633,G,,,
31/12/2015 11:45,3.633,G,,,
31/12/2015 12:00,3.63,G,,,
31/12/2015 12:15,3.627,G,,,
31/12/2015 12:30,3.627,G,,,
31/12/2015 12:45,3.625,G,,,
31/12/2015 13:00,3.627,G,,,
31/12/2015 13:15,3.625,G,,,
31/12/2015 13:30,3.618,G,,,
31/12/2015 13:45,3.619,G,,,
31/12/2015 14:00,3.621,G,,,
31/12/2015 14:15,3.621,G,,,
31/12/2015 14:30,3.619,G,,,
31/12/2015 14:45,3.616,G,,,
31/12/2015 15:00,3.616,G,,,
31/12/2015 15:15,3.619,G,,,
31/12/2015 15:30,3.616,G,,,
31/12/2015 15:45,3.615,G,,,
31/12/2015 16:00,3.613,G,,,
31/12/2015 16:15,3.61,G,,,
31/12/2015 16:30,3.609,G,,,
31/12/2015 16:45,3.612,G,,,
31/12/2015 17:00,3.614,G,,,
31/12/2015 17:15,3.616,G,,,
31/12/2015 17:30,3.611,G,,,
31/12/2015 17:45,3.607,G,,,
31/12/2015 18:00,3.61,G,,,
31/12/2015 18:15,3.609,G,,,
31/12/2015 18:30,3.604,G,,,
31/12/2015 18:45,3.606,G,,,
31/12/2015 19:00,3.604,G,,,
31/12/2015 19:15,3.599,G,,,
31/12/2015 19:30,3.602,G,,,
31/12/2015 19:45,3.598,G,,,
31/12/2015 20:00,3.595,G,,,
31/12/2015 20:15,3.597,G,,,
31/12/2015 20:30,3.594,G,,,
31/12/2015 20:45,3.592,G,,,
31/12/2015 21:00,3.592,G,,,
31/12/2015 21:15,3.59,G,,,
31/12/2015 21:30,3.588,G,,,
31/12/2015 21:45,3.582,G,,,
31/12/2015 22:00,3.587,G,,,
31/12/2015 22:15,3.583,G,,,
31/12/2015 22:30,3.577,G,,,
31/12/2015 22:45,3.576,G,,,
31/12/2015 23:00,3.575,G,,,
31/12/2015 23:15,3.573,G,,,
31/12/2015 23:30,3.567,G,,,
31/12/2015 23:45,3.563,G,,,
01/01/2016 00:00,3.56,G,,,
01/01/2016 00:15,3.553,G,,,
01/01/2016 00:30,3.557,G,,,
01/01/2016 00:45,3.553,G,,,
01/01/2016 01:00,3.547,G,,,
01/01/2016 01:15,3.545,G,,,
01/01/2016 01:30,3.543,G,,,
01/01/2016 01:45,3.542,G,,,
01/01/2016 02:00,3.539,G,,,
01/01/2016 02:15,3.533,G,,,
01/01/2016 02:30,3.535,G,,,
01/01/2016 02:45,3.535,G,,,
01/01/2016 03:00,3.527,G,,,
01/01/2016 03:15,3.526,G,,,
01/01/2016 03:30,3.52,G,,,
01/01/2016 03:45,3.522,G,,,
01/01/2016 04:00,3.516,G,,,
01/01/2016 04:15,3.513,G,,,
01/01/2016 04:30,3.511,G,,,
01/01/2016 04:45,3.508,G,,,
01/01/2016 05:00,3.5,G,,,
01/01/2016 05:15,3.499,G,,,
01/01/2016 05:30,3.5,G,,,
01/01/2016 05:45,3.497,G,,,
01/01/2016 06:00,3.495,G,,,
01/01/2016 06:15,3.491,G,,,
01/01/2016 06:30,3.487,G,,,
01/01/2016 06:45,3.485,G,,,
01/01/2016 07:00,3.481,G,,,
01/01/2016 07:15,3.48,G,,,
01/01/2016 07:30,3.478,G,,,
01/01/2016 07:45,3.475,G,,,
01/01/2016 08:00,3.475,G,,,
01/01/2016 08:15,3.471,G,,,
01/01/2016 08:30,3.47,G,,,
01/01/2016 08:45,3.466,G,,,
01/01/2016 09:00,3.466,G,,,
01/01/2016 09:15,3.467,G,,,
01/01/2016 09:30,3.468,G,,,
01/01/2016 09:45,3.462,G,,,
01/01/2016 10:00,3.459,G,,,
01/01/2016 10:15,3.457,G,,,
01/01/2016 10:30,3.459,G,,,
01/01/2016 10:45,3.456,G,,,
01/01/2016 11:00,3.452,G,,,
01/01/2016 11:15,3.455,G,,,
01/01/2016 11:30,3.451,G,,,
01/01/2016 11:45,3.449,G,,,
01/01/2016 12:00,3.447,G,,,
01/01/2016 12:15,3.447,G,,,
01/01/2016 12:30,3.445,G,,,
01/01/2016 12:45,3.443,G,,,
01/01/2016 13:00,3.438,G,,,
01/01/2016 13:15,3.442,G,,,
01/01/2016 13:30,3.444,G,,,
01/01/2016 13:45,3.438,G,,,
01/01/2016 14:00,3.438,G,,,
01/01/2016 14:15,3.433,G,,,
01/01/2016 14:30,3.433,G,,,
01/01/2016 14:45,3.435,G,,,
01/01/2016 15:00,3.43,G,,,
01/01/2016 15:15,3.43,G,,,
01/01/2016 15:30,3.43,G,,,
01/01/2016 15:45,3.43,G,,,
01/01/2016 16:00,3.428,G,,,
01/01/2016 16:15,3.425,G,,,
01/01/2016 16:30,3.43,G,,,
01/01/2016 16:45,3.423,G,,,
01/01/2016 17:00,3.424,G,,,
01/01/2016 17:15,3.415,G,,,
01/01/2016 17:30,3.413,G,,,
01/01/2016 17:45,3.411,G,,,
01/01/2016 18:00,3.409,G,,,
01/01/2016 18:15,3.417,G,,,
01/01/2016 18:30,3.409,G,,,
01/01/2016 18:45,3.407,G,,,
01/01/2016 19:00,3.405,G,,,
01/01/2016 19:15,3.405,G,,,
01/01/2016 19:30,3.403,G,,,
01/01/2016 19:45,3.401,G,,,
01/01/2016 20:00,3.399,G,,,
01/01/2016 20:15,3.398,G,,,
01/01/2016 20:30,3.397,G,,,
01/01/2016 20:45,3.394,G,,,
01/01/2016 21:00,3.395,G,,,
01/01/2016 21:15,3.386,G,,,
01/01/2016 21:30,3.387,G,,,
01/01/2016 21:45,3.388,G,,,
01/01/2016 22:00,3.385,G,,,
01/01/2016 22:15,3.383,G,,,
01/01/2016 22:30,3.38,G,,,
01/01/2016 22:45,3.381,G,,,
01/01/2016 23:00,3.371,G,,,
01/01/2016 23:15,3.372,G,,,
01/01/2016 23:30,3.373,G,,,
01/01/2016 23:45,3.363,G,,,
02/01/2016 00:00,3.361,G,,,
02/01/2016 00:15,3.362,G,,,
02/01/2016 00:30,3.352,G,,,
02/01/2016 00:45,3.355,G,,,
02/01/2016 01:00,3.353,G,,,
02/01/2016 01:15,3.348,G,,,
02/01/2016 01:30,3.346,G,,,
02/01/2016 01:45,3.344,G,,,
02/01/2016 02:00,3.341,G,,,
02/01/2016 02:15,3.335,G,,,
02/01/2016 02:30,3.329,G,,,
02/01/2016 02:45,3.33,G,,,
02/01/2016 03:00,3.324,G,,,
02/01/2016 03:15,3.328,G,,,
02/01/2016 03:30,3.323,G,,,
02/01/2016 03:45,3.316,G,,,
02/01/2016 04:00,3.316,G,,,
02/01/2016 04:15,3.314,G,,,
02/01/2016 04:30,3.31,G,,,
02/01/2016 04:45,3.308,G,,,
02/01/2016 05:00,3.305,G,,,
02/01/2016 05:15,3.303,G,,,
02/01/2016 05:30,3.299,G,,,
02/01/2016 05:45,3.298,G,,,
02/01/2016 06:00,3.295,G,,,
02/01/2016 06:15,3.291,G,,,
02/01/2016 06:30,3.288,G,,,
02/01/2016 06:45,3.281,G,,,
02/01/2016 07:00,3.283,G,,,
02/01/2016 07:15,3.279,G,,,
02/01/2016 07:30,3.286,G,,,
02/01/2016 07:45,3.288,G,,,
02/01/2016 08:00,3.289,G,,,
02/01/2016 08:15,3.282,G,,,
02/01/2016 08:30,3.275,G,,,
02/01/2016 08:45,3.272,G,,,
02/01/2016 09:00,3.268,G,,,
02/01/2016 09:15,3.273,G,,,
02/01/2016 09:30,3.267,G,,,
02/01/2016 09:45,3.264,G,,,
02/01/2016 10:00,3.262,G,,,
02/01/2016 10:15,3.257,G,,,
02/01/2016 10:30,3.257,G,,,
02/01/2016 10:45,3.255,G,,,
02/01/2016 11:00,3.252,G,,,
02/01/2016 11:15,3.253,G,,,
02/01/2016 11:30,3.247,G,,,
02/01/2016 11:45,3.25,G,,,
02/01/2016 12:00,3.246,G,,,
02/01/2016 12:15,3.246,G,,,
02/01/2016 12:30,3.245,G,,,
02/01/2016 12:45,3.248,G,,,
02/01/2016 13:00,3.247,G,,,
02/01/2016 13:15,3.244,G,,,
02/01/2016 13:30,3.243,G,,,
02/01/2016 13:45,3.241,G,,,
02/01/2016 14:00,3.24,G,,,
02/01/2016 14:15,3.24,G,,,
02/01/2016 14:30,3.24,G,,,
02/01/2016 14:45,3.243,G,,,
02/01/2016 15:00,3.241,G,,,
02/01/2016 15:15,3.238,G,,,
02/01/2016 15:30,3.242,G,,,
02/01/2016 15:45,3.242,G,,,
02/01/2016 16:00,3.239,G,,,
02/01/2016 16:15,3.242,G,,,
02/01/2016 16:30,3.24,G,,,
02/01/2016 16:45,3.241,G,,,
02/01/2016 17:00,3.241,G,,,
02/01/2016 17:15,3.245,G,,,
02/01/2016 17:30,3.242,G,,,
02/01/2016 17:45,3.246,G,,,
02/01/2016 18:00,3.241,G,,,
02/01/2016 18:15,3.243,G,,,
02/01/2016 18:30,3.244,G,,,
02/01/2016 18:45,3.247,G,,,
02/01/2016 19:00,3.244,G,,,
02/01/2016 19:15,3.243,G,,,
02/01/2016 19:30,3.243,G,,,
02/01/2016 19:45,3.245,G,,,
02/01/2016 20:00,3.246,G,,,
02/01/2016 20:15,3.247,G,,,
02/01/2016 20:30,3.246,G,,,
02/01/2016 20:45,3.25,G,,,
02/01/2016 21:00,3.252,G,,,
02/01/2016 21:15,3.246,G,,,
02/01/2016 21:30,3.247,G,,,
02/01/2016 21:45,3.242,G,,,
02/01/2016 22:00,3.245,G,,,
02/01/2016 22:15,3.246,G,,,
02/01/2016 22:30,3.249,G,,,
02/01/2016 22:45,3.245,G,,,
02/01/2016 23:00,3.242,G,,,
02/01/2016 23:15,3.248,G,,,
02/01/2016 23:30,3.248,G,,,
02/01/2016 23:45,3.249,G,,,
03/01/2016 00:00,3.248,G,,,
03/01/2016 00:15,3.249,G,,,
03/01/2016 00:30,3.249,G,,,
03/01/2016 00:45,3.25,G,,,
03/01/2016 01:00,3.251,G,,,
03/01/2016 01:15,3.246,G,,,
03/01/2016 01:30,3.25,G,,,
03/01/2016 01:45,3.252,G,,,
03/01/2016 02:00,3.251,G,,,
03/01/2016 02:15,3.253,G,,,
03/01/2016 02:30,3.255,G,,,
03/01/2016 02:45,3.253,G,,,
03/01/2016 03:00,3.255,G,,,
03/01/2016 03:15,3.252,G,,,
03/01/2016 03:30,3.251,G,,,
03/01/2016 03:45,3.256,G,,,
03/01/2016 04:00,3.249,G,,,
03/01/2016 04:15,3.253,G,,,
03/01/2016 04:30,3.255,G,,,
03/01/2016 04:45,3.257,G,,,
03/01/2016 05:00,3.257,G,,,
03/01/2016 05:15,3.253,G,,,
03/01/2016 05:30,3.258,G,,,
03/01/2016 05:45,3.256,G,,,
03/01/2016 06:00,3.256,G,,,
03/01/2016 06:15,3.256,G,,,
03/01/2016 06:30,3.256,G,,,
03/01/2016 06:45,3.256,G,,,
03/01/2016 07:00,3.257,G,,,
03/01/2016 07:15,3.253,G,,,
03/01/2016 07:30,3.258,G,,,
03/01/2016 07:45,3.256,G,,,
03/01/2016 08:00,3.257,G,,,
03/01/2016 08:15,3.264,G,,,
03/01/2016 08:30,3.262,G,,,
03/01/2016 08:45,3.26,G,,,
03/01/2016 09:00,3.261,G,,,
03/01/2016 09:15,3.257,G,,,
03/01/2016 09:30,3.261,G,,,
03/01/2016 09:45,3.26,G,,,
03/01/2016 10:00,3.261,G,,,
03/01/2016 10:15,3.263,G,,,
03/01/2016 10:30,3.262,G,,,
03/01/2016 10:45,3.263,G,,,
03/01/2016 11:00,3.264,G,,,
03/01/2016 11:15,3.264,G,,,
03/01/2016 11:30,3.262,G,,,
03/01/2016 11:45,3.264,G,,,
03/01/2016 12:00,3.266,G,,,
03/01/2016 12:15,3.264,G,,,
03/01/2016 12:30,3.268,G,,,
03/01/2016 12:45,3.268,G,,,
03/01/2016 13:00,3.276,G,,,
03/01/2016 13:15,3.275,G,,,
03/01/2016 13:30,3.277,G,,,
03/01/2016 13:45,3.279,G,,,
03/01/2016 14:00,3.284,G,,,
03/01/2016 14:15,3.284,G,,,
03/01/2016 14:30,3.287,G,,,
03/01/2016 14:45,3.287,G,,,
03/01/2016 15:00,3.295,G,,,
03/01/2016 15:15,3.295,G,,,
03/01/2016 15:30,3.297,G,,,
03/01/2016 15:45,3.302,G,,,
03/01/2016 16:00,3.302,G,,,
03/01/2016 16:15,3.311,G,,,
03/01/2016 16:30,3.315,G,,,
03/01/2016 16:45,3.318,G,,,
03/01/2016 17:00,3.319,G,,,
03/01/2016 17:15,3.326,G,,,
03/01/2016 17:30,3.329,G,,,
03/01/2016 17:45,3.327,G,,,
03/01/2016 18:00,3.334,G,,,
03/01/2016 18:15,3.333,G,,,
03/01/2016 18:30,3.342,G,,,
03/01/2016 18:45,3.343,G,,,
03/01/2016 19:00,3.347,G,,,
03/01/2016 19:15,3.348,G,,,
03/01/2016 19:30,3.349,G,,,
03/01/2016 19:45,3.354,G,,,
03/01/2016 20:00,3.354,G,,,
03/01/2016 20:15,3.349,G,,,
03/01/2016 20:30,3.353,G,,,
03/01/2016 20:45,3.36,G,,,
03/01/2016 21:00,3.363,G,,,
03/01/2016 21:15,3.363,G,,,
03/01/2016 21:30,3.366,G,,,
03/01/2016 21:45,3.368,G,,,
03/01/2016 22:00,3.37,G,,,
03/01/2016 22:15,3.371,G,,,
03/01/2016 22:30,3.374,G,,,
03/01/2016 22:45,3.37,G,,,
03/01/2016 23:00,3.375,G,,,
03/01/2016 23:15,3.38,G,,,
03/01/2016 23:30,3.384,G,,,
03/01/2016 23:45,3.386,G,,,
04/01/2016 00:00,3.39,G,,,
04/01/2016 00:15,3.395,G,,,
04/01/2016 00:30,3.398,G,,,
04/01/2016 00:45,3.402,G,,,
04/01/2016 01:00,3.404,G,,,
04/01/2016 01:15,3.409,G,,,
04/01/2016 01:30,3.417,G,,,
04/01/2016 01:45,3.419,G,,,
04/01/2016 02:00,3.424,G,,,
04/01/2016 02:15,3.428,G,,,
04/01/2016 02:30,3.432,G,,,
04/01/2016 02:45,3.435,G,,,
04/01/2016 03:00,3.442,G,,,
04/01/2016 03:15,3.448,G,,,
04/01/2016 03:30,3.452,G,,,
04/01/2016 03:45,3.46,G,,,
04/01/2016 04:00,3.463,G,,,
04/01/2016 04:15,3.467,G,,,
04/01/2016 04:30,3.477,G,,,
04/01/2016 04:45,3.481,G,,,
04/01/2016 05:00,3.483,G,,,
04/01/2016 05:15,3.492,G,,,
04/01/2016 05:30,3.495,G,,,
04/01/2016 05:45,3.506,G,,,
04/01/2016 06:00,3.511,G,,,
04/01/2016 06:15,3.514,G,,,
04/01/2016 06:30,3.523,G,,,
04/01/2016 06:45,3.531,G,,,
04/01/2016 07:00,3.53,G,,,
04/01/2016 07:15,3.535,G,,,
04/01/2016 07:30,3.546,G,,,
04/01/2016 07:45,3.553,G,,,
04/01/2016 08:00,3.559,G,,,
04/01/2016 08:15,3.565,G,,,
04/01/2016 08:30,3.567,G,,,
04/01/2016 08:45,3.576,G,,,
04/01/2016 09:00,3.582,G,,,
04/01/2016 09:15,3.592,G,,,
04/01/2016 09:30,3.598,G,,,
04/01/2016 09:45,3.602,G,,,
04/01/2016 10:00,3.609,G,,,
04/01/2016 10:15,3.615,G,,,
04/01/2016 10:30,3.621,G,,,
04/01/2016 10:45,3.629,G,,,
04/01/2016 11:00,3.636,G,,,
04/01/2016 11:15,3.648,G,,,
04/01/2016 11:30,3.654,G,,,
04/01/2016 11:45,3.655,G,,,
04/01/2016 12:00,3.663,G,,,
04/01/2016 12:15,3.669,G,,,
04/01/2016 12:30,3.675,G,,,
04/01/2016 12:45,3.681,G,,,
04/01/2016 13:00,3.686,G,,,
04/01/2016 13:15,3.692,G,,,
04/01/2016 13:30,3.697,G,,,
04/01/2016 13:45,3.703,G,,,
04/01/2016 14:00,3.707,G,,,
04/01/2016 14:15,3.708,G,,,
04/01/2016 14:30,3.712,G,,,
04/01/2016 14:45,3.715,G,,,
04/01/2016 15:00,3.725,G,,,
04/01/2016 15:15,3.731,G,,,
04/01/2016 15:30,3.733,G,,,
04/01/2016 15:45,3.736,G,,,
04/01/2016 16:00,3.741,G,,,
04/01/2016 16:15,3.743,G,,,
04/01/2016 16:30,3.747,G,,,
04/01/2016 16:45,3.751,G,,,
04/01/2016 17:00,3.756,G,,,
04/01/2016 17:15,3.758,G,,,
04/01/2016 17:30,3.761,G,,,
04/01/2016 17:45,3.762,G,,,
04/01/2016 18:00,3.759,G,,,
04/01/2016 18:15,3.766,G,,,
04/01/2016 18:30,3.771,G,,,
04/01/2016 18:45,3.77,G,,,
04/01/2016 19:00,3.77,G,,,
04/01/2016 19:15,3.77,G,,,
04/01/2016 19:30,3.773,G,,,
04/01/2016 19:45,3.777,G,,,
04/01/2016 20:00,3.777,G,,,
04/01/2016 20:15,3.775,G,,,
04/01/2016 20:30,3.778,G,,,
04/01/2016 20:45,3.78,G,,,
04/01/2016 21:00,3.781,G,,,
04/01/2016 21:15,3.778,G,,,
04/01/2016 21:30,3.776,G,,,
04/01/2016 21:45,3.779,G,,,
04/01/2016 22:00,3.778,G,,,
04/01/2016 22:15,3.78,G,,,
04/01/2016 22:30,3.776,G,,,
04/01/2016 22:45,3.778,G,,,
04/01/2016 23:00,3.781,G,,,
04/01/2016 23:15,3.775,G,,,
04/01/2016 23:30,3.772,G,,,
04/01/2016 23:45,3.777,G,,,
05/01/2016 00:00,3.775,G,,,
05/01/2016 00:15,3.769,G,,,
05/01/2016 00:30,3.769,G,,,
05/01/2016 00:45,3.77,G,,,
05/01/2016 01:00,3.766,G,,,
05/01/2016 01:15,3.764,G,,,
05/01/2016 01:30,3.757,G,,,
05/01/2016 01:45,3.761,G,,,
05/01/2016 02:00,3.758,G,,,
05/01/2016 02:15,3.757,G,,,
05/01/2016 02:30,3.756,G,,,
05/01/2016 02:45,3.751,G,,,
05/01/2016 03:00,3.748,G,,,
05/01/2016 03:15,3.746,G,,,
05/01/2016 03:30,3.745,G,,,
05/01/2016 03:45,3.743,G,,,
05/01/2016 04:00,3.744,G,,,
05/01/2016 04:15,3.743,G,,,
05/01/2016 04:30,3.736,G,,,
05/01/2016 04:45,3.733,G,,,
05/01/2016 05:00,3.73,G,,,
05/01/2016 05:15,3.73,G,,,
05/01/2016 05:30,3.727,G,,,
05/01/2016 05:45,3.725,G,,,
05/01/2016 06:00,3.724,G,,,
05/01/2016 06:15,3.724,G,,,
05/01/2016 06:30,3.72,G,,,
05/01/2016 06:45,3.716,G,,,
05/01/2016 07:00,3.716,G,,,
05/01/2016 07:15,3.713,G,,,
05/01/2016 07:30,3.71,G,,,
05/01/2016 07:45,3.708,G,,,
05/01/2016 08:00,3.704,G,,,
05/01/2016 08:15,3.702,G,,,
05/01/2016 08:30,3.697,G,,,
05/01/2016 08:45,3.697,G,,,
05/01/2016 09:00,3.694,G,,,
05/01/2016 09:15,3.689,G,,,
05/01/2016 09:30,3.687,G,,,
05/01/2016 09:45,3.686,G,,,
05/01/2016 10:00,3.683,G,,,
05/01/2016 10:15,3.681,G,,,
05/01/2016 10:30,3.682,G,,,
05/01/2016 10:45,3.672,G,,,
05/01/2016 11:00,3.669,G,,,
05/01/2016 11:15,3.665,G,,,
05/01/2016 11:30,3.662,G,,,
05/01/2016 11:45,3.664,G,,,
05/01/2016 12:00,3.662,G,,,
05/01/2016 12:15,3.661,G,,,
05/01/2016 12:30,3.658,G,,,
05/01/2016 12:45,3.654,G,,,
05/01/2016 13:00,3.652,G,,,
05/01/2016 13:15,3.653,G,,,
05/01/2016 13:30,3.651,G,,,
05/01/2016 13:45,3.649,G,,,
05/01/2016 14:00,3.646,G,,,
05/01/2016 14:15,3.647,G,,,
05/01/2016 14:30,3.644,G,,,
05/01/2016 14:45,3.642,G,,,
05/01/2016 15:00,3.64,G,,,
05/01/2016 15:15,3.639,G,,,
05/01/2016 15:30,3.638,G,,,
05/01/2016 15:45,3.638,G,,,
05/01/2016 16:00,3.64,G,,,
05/01/2016 16:15,3.636,G,,,
05/01/2016 16:30,3.638,G,,,
05/01/2016 16:45,3.636,G,,,
05/01/2016 17:00,3.638,G,,,
05/01/2016 17:15,3.637,G,,,
05/01/2016 17:30,3.637,G,,,
05/01/2016 17:45,3.636,G,,,
05/01/2016 18:00,3.638,G,,,
05/01/2016 18:15,3.639,G,,,
05/01/2016 18:30,3.642,G,,,
05/01/2016 18:45,3.643,G,,,
05/01/2016 19:00,3.645,G,,,
05/01/2016 19:15,3.643,G,,,
05/01/2016 19:30,3.643,G,,,
05/01/2016 19:45,3.647,G,,,
05/01/2016 20:00,3.646,G,,,
05/01/2016 20:15,3.65,G,,,
05/01/2016 20:30,3.649,G,,,
05/01/2016 20:45,3.65,G,,,
05/01/2016 21:00,3.655,G,,,
05/01/2016 21:15,3.662,G,,,
05/01/2016 21:30,3.658,G,,,
05/01/2016 21:45,3.659,G,,,
05/01/2016 22:00,3.661,G,,,
05/01/2016 22:15,3.665,G,,,
05/01/2016 22:30,3.665,G,,,
05/01/2016 22:45,3.671,G,,,
05/01/2016 23:00,3.67,G,,,
05/01/2016 23:15,3.672,G,,,
05/01/2016 23:30,3.675,G,,,
05/01/2016 23:45,3.677,G,,,
06/01/2016 00:00,3.675,G,,,
06/01/2016 00:15,3.675,G,,,
06/01/2016 00:30,3.681,G,,,
06/01/2016 00:45,3.684,G,,,
06/01/2016 01:00,3.685,G,,,
06/01/2016 01:15,3.69,G,,,
06/01/2016 01:30,3.689,G,,,
06/01/2016 01:45,3.686,G,,,
06/01/2016 02:00,3.694,G,,,
06/01/2016 02:15,3.689,G,,,
06/01/2016 02:30,3.695,G,,,
06/01/2016 02:45,3.693,G,,,
06/01/2016 03:00,3.697,G,,,
06/01/2016 03:15,3.698,G,,,
06/01/2016 03:30,3.698,G,,,
06/01/2016 03:45,3.697,G,,,
06/01/2016 04:00,3.699,G,,,
06/01/2016 04:15,3.703,G,,,
06/01/2016 04:30,3.704,G,,,
06/01/2016 04:45,3.703,G,,,
06/01/2016 05:00,3.701,G,,,
06/01/2016 05:15,3.699,G,,,
06/01/2016 05:30,3.703,G,,,
06/01/2016 05:45,3.704,G,,,
06/01/2016 06:00,3.706,G,,,
06/01/2016 06:15,3.702,G,,,
06/01/2016 06:30,3.705,G,,,
06/01/2016 06:45,3.706,G,,,
06/01/2016 07:00,3.702,G,,,
06/01/2016 07:15,3.705,G,,,
06/01/2016 07:30,3.704,G,,,
06/01/2016 07:45,3.702,G,,,
06/01/2016 08:00,3.7,G,,,
06/01/2016 08:15,3.697,G,,,
06/01/2016 08:30,3.697,G,,,
06/01/2016 08:45,3.695,G,,,
06/01/2016 09:00,3.696,G,,,
06/01/2016 09:15,3.697,G,,,
06/01/2016 09:30,3.698,G,,,
06/01/2016 09:45,3.699,G,,,
06/01/2016 10:00,3.697,G,,,
06/01/2016 10:15,3.693,G,,,
06/01/2016 10:30,3.688,G,,,
06/01/2016 10:45,3.692,G,,,
06/01/2016 11:00,3.691,G,,,
06/01/2016 11:15,3.694,G,,,
06/01/2016 11:30,3.688,G,,,
06/01/2016 11:45,3.684,G,,,
06/01/2016 12:00,3.685,G,,,
06/01/2016 12:15,3.687,G,,,
06/01/2016 12:30,3.685,G,,,
06/01/2016 12:45,3.686,G,,,
06/01/2016 13:00,3.681,G,,,
06/01/2016 13:15,3.682,G,,,
06/01/2016 13:30,3.682,G,,,
06/01/2016 13:45,3.681,G,,,
06/01/2016 14:00,3.679,G,,,
06/01/2016 14:15,3.678,G,,,
06/01/2016 14:30,3.673,G,,,
06/01/2016 14:45,3.671,G,,,
06/01/2016 15:00,3.666,G,,,
06/01/2016 15:15,3.662,G,,,
06/01/2016 15:30,3.668,G,,,
06/01/2016 15:45,3.665,G,,,
06/01/2016 16:00,3.664,G,,,
06/01/2016 16:15,3.661,G,,,
06/01/2016 16:30,3.659,G,,,
06/01/2016 16:45,3.651,G,,,
06/01/2016 17:00,3.647,G,,,
06/01/2016 17:15,3.65,G,,,
06/01/2016 17:30,3.651,G,,,
06/01/2016 17:45,3.645,G,,,
06/01/2016 18:00,3.643,G,,,
06/01/2016 18:15,3.637,G,,,
06/01/2016 18:30,3.634,G,,,
06/01/2016 18:45,3.637,G,,,
06/01/2016 19:00,3.636,G,,,
06/01/2016 19:15,3.635,G,,,
06/01/2016 19:30,3.632,G,,,
06/01/2016 19:45,3.631,G,,,
06/01/2016 20:00,3.623,G,,,
06/01/2016 20:15,3.625,G,,,
06/01/2016 20:30,3.623,G,,,
06/01/2016 20:45,3.621,G,,,
06/01/2016 21:00,3.617,G,,,
06/01/2016 21:15,3.612,G,,,
06/01/2016 21:30,3.611,G,,,
06/01/2016 21:45,3.612,G,,,
06/01/2016 22:00,3.61,G,,,
06/01/2016 22:15,3.605,G,,,
06/01/2016 22:30,3.6,G,,,
06/01/2016 22:45,3.603,G,,,
06/01/2016 23:00,3.598,G,,,
06/01/2016 23:15,3.596,G,,,
06/01/2016 23:30,3.595,G,,,
06/01/2016 23:45,3.587,G,,,
07/01/2016 00:00,3.587,G,,,
07/01/2016 00:15,3.588,G,,,
07/01/2016 00:30,3.585,G,,,
07/01/2016 00:45,3.583,G,,,
07/01/2016 01:00,3.576,G,,,
07/01/2016 01:15,3.578,G,,,
07/01/2016 01:30,3.576,G,,,
07/01/2016 01:45,3.573,G,,,
07/01/2016 02:00,3.568,G,,,
07/01/2016 02:15,3.566,G,,,
07/01/2016 02:30,3.562,G,,,
07/01/2016 02:45,3.559,G,,,
07/01/2016 03:00,3.555,G,,,
07/01/2016 03:15,3.555,G,,,
07/01/2016 03:30,3.553,G,,,
07/01/2016 03:45,3.549,G,,,
07/01/2016 04:00,3.551,G,,,
07/01/2016 04:15,3.55,G,,,
07/01/2016 04:30,3.549,G,,,
07/01/2016 04:45,3.543,G,,,
07/01/2016 05:00,3.547,G,,,
07/01/2016 05:15,3.543,G,,,
07/01/2016 05:30,3.546,G,,,
07/01/2016 05:45,3.541,G,,,
07/01/2016 06:00,3.545,G,,,
07/01/2016 06:15,3.542,G,,,
07/01/2016 06:30,3.543,G,,,
07/01/2016 06:45,3.54,G,,,
07/01/2016 07:00,3.535,G,,,
07/01/2016 07:15,3.533,G,,,
07/01/2016 07:30,3.537,G,,,
07/01/2016 07:45,3.534,G,,,
07/01/2016 08:00,3.533,G,,,
07/01/2016 08:15,3.535,G,,,
07/01/2016 08:30,3.532,G,,,
07/01/2016 08:45,3.533,G,,,
07/01/2016 09:00,3.533,G,,,
07/01/2016 09:15,3.532,G,,,
07/01/2016 09:30,3.532,G,,,
07/01/2016 09:45,3.532,G,,,
07/01/2016 10:00,3.53,G,,,
07/01/2016 10:15,3.524,G,,,
07/01/2016 10:30,3.526,G,,,
07/01/2016 10:45,3.521,G,,,
07/01/2016 11:00,3.526,G,,,
07/01/2016 11:15,3.526,G,,,
07/01/2016 11:30,3.528,G,,,
07/01/2016 11:45,3.527,G,,,
07/01/2016 12:00,3.531,G,,,
07/01/2016 12:15,3.53,G,,,
07/01/2016 12:30,3.526,G,,,
07/01/2016 12:45,3.527,G,,,
07/01/2016 13:00,3.526,G,,,
07/01/2016 13:15,3.532,G,,,
07/01/2016 13:30,3.532,G,,,
07/01/2016 13:45,3.539,G,,,
07/01/2016 14:00,3.533,G,,,
07/01/2016 14:15,3.544,G,,,
07/01/2016 14:30,3.541,G,,,
07/01/2016 14:45,3.543,G,,,
07/01/2016 15:00,3.543,G,,,
07/01/2016 15:15,3.542,G,,,
07/01/2016 15:30,3.544,G,,,
07/01/2016 15:45,3.551,G,,,
07/01/2016 16:00,3.554,G,,,
07/01/2016 16:15,3.553,G,,,
07/01/2016 16:30,3.554,G,,,
07/01/2016 16:45,3.56,G,,,
07/01/2016 17:00,3.56,G,,,
07/01/2016 17:15,3.563,G,,,
07/01/2016 17:30,3.565,G,,,
07/01/2016 17:45,3.566,G,,,
07/01/2016 18:00,3.569,G,,,
07/01/2016 18:15,3.571,G,,,
07/01/2016 18:30,3.574,G,,,
07/01/2016 18:45,3.579,G,,,
07/01/2016 19:00,3.581,G,,,
07/01/2016 19:15,3.584,G,,,
07/01/2016 19:30,3.59,G,,,
07/01/2016 19:45,3.589,G,,,
07/01/2016 20:00,3.592,G,,,
07/01/2016 20:15,3.602,G,,,
07/01/2016 20:30,3.601,G,,,
07/01/2016 20:45,3.61,G,,,
07/01/2016 21:00,3.613,G,,,
07/01/2016 21:15,3.618,G,,,
07/01/2016 21:30,3.624,G,,,
07/01/2016 21:45,3.63,G,,,
07/01/2016 22:00,3.632,G,,,
07/01/2016 22:15,3.636,G,,,
07/01/2016 22:30,3.642,G,,,
07/01/2016 22:45,3.647,G,,,
07/01/2016 23:00,3.653,G,,,
07/01/2016 23:15,3.657,G,,,
07/01/2016 23:30,3.663,G,,,
07/01/2016 23:45,3.668,G,,,
08/01/2016 00:00,3.675,G,,,
08/01/2016 00:15,3.678,G,,,
08/01/2016 00:30,3.682,G,,,
08/01/2016 00:45,3.687,G,,,
08/01/2016 01:00,3.69,G,,,
08/01/2016 01:15,3.696,G,,,
08/01/2016 01:30,3.699,G,,,
08/01/2016 01:45,3.704,G,,,
08/01/2016 02:00,3.707,G,,,
08/01/2016 02:15,3.709,G,,,
08/01/2016 02:30,3.715,G,,,
08/01/2016 02:45,3.718,G,,,
08/01/2016 03:00,3.72,G,,,
08/01/2016 03:15,3.726,G,,,
08/01/2016 03:30,3.732,G,,,
08/01/2016 03:45,3.731,G,,,
08/01/2016 04:00,3.737,G,,,
08/01/2016 04:15,3.74,G,,,
08/01/2016 04:30,3.742,G,,,
08/01/2016 04:45,3.746,G,,,
08/01/2016 05:00,3.746,G,,,
08/01/2016 05:15,3.753,G,,,
08/01/2016 05:30,3.757,G,,,
08/01/2016 05:45,3.756,G,,,
08/01/2016 06:00,3.759,G,,,
08/01/2016 06:15,3.763,G,,,
08/01/2016 06:30,3.761,G,,,
08/01/2016 06:45,3.763,G,,,
08/01/2016 07:00,3.77,G,,,
08/01/2016 07:15,3.767,G,,,
08/01/2016 07:30,3.768,G,,,
08/01/2016 07:45,3.77,G,,,
08/01/2016 08:00,3.771,G,,,
08/01/2016 08:15,3.772,G,,,
08/01/2016 08:30,3.773,G,,,
08/01/2016 08:45,3.774,G,,,
08/01/2016 09:00,3.772,G,,,
08/01/2016 09:15,3.774,G,,,
08/01/2016 09:30,3.773,G,,,
08/01/2016 09:45,3.774,G,,,
08/01/2016 10:00,3.773,G,,,
08/01/2016 10:15,3.772,G,,,
08/01/2016 10:30,3.769,G,,,
08/01/2016 10:45,3.768,G,,,
08/01/2016 11:00,3.769,G,,,
08/01/2016 11:15,3.767,G,,,
08/01/2016 11:30,3.767,G,,,
08/01/2016 11:45,3.772,G,,,
08/01/2016 12:00,3.766,G,,,
08/01/2016 12:15,3.764,G,,,
08/01/2016 12:30,3.761,G,,,
08/01/2016 12:45,3.765,G,,,
08/01/2016 13:00,3.759,G,,,
08/01/2016 13:15,3.758,G,,,
08/01/2016 13:30,3.753,G,,,
08/01/2016 13:45,3.748,G,,,
08/01/2016 14:00,3.748,G,,,
08/01/2016 14:15,3.748,G,,,
08/01/2016 14:30,3.745,G,,,
08/01/2016 14:45,3.746,G,,,
08/01/2016 15:00,3.74,G,,,
08/01/2016 15:15,3.737,G,,,
08/01/2016 15:30,3.738,G,,,
08/01/2016 15:45,3.742,G,,,
08/01/2016 16:00,3.734,G,,,
08/01/2016 16:15,3.727,G,,,
08/01/2016 16:30,3.721,G,,,
08/01/2016 16:45,3.719,G,,,
08/01/2016 17:00,3.717,G,,,
08/01/2016 17:15,3.716,G,,,
08/01/2016 17:30,3.712,G,,,
08/01/2016 17:45,3.704,G,,,
08/01/2016 18:00,3.704,G,,,
08/01/2016 18:15,3.702,G,,,
08/01/2016 18:30,3.7,G,,,
08/01/2016 18:45,3.695,G,,,
08/01/2016 19:00,3.691,G,,,
08/01/2016 19:15,3.687,G,,,
08/01/2016 19:30,3.685,G,,,
08/01/2016 19:45,3.679,G,,,
08/01/2016 20:00,3.679,G,,,
08/01/2016 20:15,3.673,G,,,
08/01/2016 20:30,3.67,G,,,
08/01/2016 20:45,3.67,G,,,
08/01/2016 21:00,3.665,G,,,
08/01/2016 21:15,3.662,G,,,
08/01/2016 21:30,3.659,G,,,
08/01/2016 21:45,3.65,G,,,
08/01/2016 22:00,3.653,G,,,
08/01/2016 22:15,3.648,G,,,
08/01/2016 22:30,3.643,G,,,
08/01/2016 22:45,3.639,G,,,
08/01/2016 23:00,3.642,G,,,
08/01/2016 23:15,3.638,G,,,
08/01/2016 23:30,3.63,G,,,
08/01/2016 23:45,3.629,G,,,
09/01/2016 00:00,3.626,G,,,
09/01/2016 00:15,3.621,G,,,
09/01/2016 00:30,3.616,G,,,
09/01/2016 00:45,3.617,G,,,
09/01/2016 01:00,3.616,G,,,
09/01/2016 01:15,3.607,G,,,
09/01/2016 01:30,3.602,G,,,
09/01/2016 01:45,3.601,G,,,
09/01/2016 02:00,3.602,G,,,
09/01/2016 02:15,3.593,G,,,
09/01/2016 02:30,3.588,G,,,
09/01/2016 02:45,3.589,G,,,
09/01/2016 03:00,3.587,G,,,
09/01/2016 03:15,3.58,G,,,
09/01/2016 03:30,3.582,G,,,
09/01/2016 03:45,3.58,G,,,
09/01/2016 04:00,3.575,G,,,
09/01/2016 04:15,3.571,G,,,
09/01/2016 04:30,3.568,G,,,
09/01/2016 04:45,3.565,G,,,
09/01/2016 05:00,3.563,G,,,
09/01/2016 05:15,3.557,G,,,
09/01/2016 05:30,3.555,G,,,
09/01/2016 05:45,3.549,G,,,
09/01/2016 06:00,3.552,G,,,
09/01/2016 06:15,3.544,G,,,
09/01/2016 06:30,3.539,G,,,
09/01/2016 06:45,3.536,G,,,
09/01/2016 07:00,3.534,G,,,
09/01/2016 07:15,3.531,G,,,
09/01/2016 07:30,3.531,G,,,
09/01/2016 07:45,3.521,G,,,
09/01/2016 08:00,3.52,G,,,
09/01/2016 08:15,3.52,G,,,
09/01/2016 08:30,3.515,G,,,
09/01/2016 08:45,3.512,G,,,
09/01/2016 09:00,3.511,G,,,
09/01/2016 09:15,3.506,G,,,
09/01/2016 09:30,3.51,G,,,
09/01/2016 09:45,3.498,G,,,
09/01/2016 10:00,3.498,G,,,
09/01/2016 10:15,3.495,G,,,
09/01/2016 10:30,3.501,G,,,
09/01/2016 10:45,3.498,G,,,
09/01/2016 11:00,3.49,G,,,
09/01/2016 11:15,3.489,G,,,
09/01/2016 11:30,3.489,G,,,
09/01/2016 11:45,3.492,G,,,
09/01/2016 12:00,3.483,G,,,
09/01/2016 12:15,3.47,G,,,
09/01/2016 12:30,3.472,G,,,
09/01/2016 12:45,3.472,G,,,
09/01/2016 13:00,3.469,G,,,
09/01/2016 13:15,3.47,G,,,
09/01/2016 13:30,3.469,G,,,
09/01/2016 13:45,3.468,G,,,
09/01/2016 14:00,3.464,G,,,
09/01/2016 14:15,3.468,G,,,
09/01/2016 14:30,3.465,G,,,
09/01/2016 14:45,3.472,G,,,
09/01/2016 15:00,3.471,G,,,
09/01/2016 15:15,3.459,G,,,
09/01/2016 15:30,3.468,G,,,
09/01/2016 15:45,3.465,G,,,
09/01/2016 16:00,3.46,G,,,
09/01/2016 16:15,3.46,G,,,
09/01/2016 16:30,3.456,G,,,
09/01/2016 16:45,3.459,G,,,
09/01/2016 17:00,3.455,G,,,
09/01/2016 17:15,3.453,G,,,
09/01/2016 17:30,3.455,G,,,
09/01/2016 17:45,3.454,G,,,
09/01/2016 18:00,3.452,G,,,
09/01/2016 18:15,3.446,G,,,
09/01/2016 18:30,3.445,G,,,
09/01/2016 18:45,3.445,G,,,
09/01/2016 19:00,3.445,G,,,
09/01/2016 19:15,3.445,G,,,
09/01/2016 19:30,3.446,G,,,
09/01/2016 19:45,3.445,G,,,
09/01/2016 20:00,3.439,G,,,
09/01/2016 20:15,3.44,G,,,
09/01/2016 20:30,3.44,G,,,
09/01/2016 20:45,3.44,G,,,
09/01/2016 21:00,3.442,G,,,
09/01/2016 21:15,3.438,G,,,
09/01/2016 21:30,3.437,G,,,
09/01/2016 21:45,3.435,G,,,
09/01/2016 22:00,3.438,G,,,
09/01/2016 22:15,3.436,G,,,
09/01/2016 22:30,3.436,G,,,
09/01/2016 22:45,3.436,G,,,
09/01/2016 23:00,3.442,G,,,
09/01/2016 23:15,3.444,G,,,
09/01/2016 23:30,3.439,G,,,
09/01/2016 23:45,3.439,G,,,
10/01/2016 00:00,3.443,G,,,
10/01/2016 00:15,3.447,G,,,
10/01/2016 00:30,3.442,G,,,
10/01/2016 00:45,3.443,G,,,
10/01/2016 01:00,3.447,G,,,
10/01/2016 01:15,3.44,G,,,
10/01/2016 01:30,3.448,G,,,
10/01/2016 01:45,3.447,G,,,
10/01/2016 02:00,3.444,G,,,
10/01/2016 02:15,3.443,G,,,
10/01/2016 02:30,3.452,G,,,
10/01/2016 02:45,3.448,G,,,
10/01/2016 03:00,3.452,G,,,
10/01/2016 03:15,3.448,G,,,
10/01/2016 03:30,3.448,G,,,
10/01/2016 03:45,3.454,G,,,
10/01/2016 04:00,3.458,G,,,
10/01/2016 04:15,3.459,G,,,
10/01/2016 04:30,3.458,G,,,
10/01/2016 04:45,3.463,G,,,
10/01/2016 05:00,3.463,G,,,
10/01/2016 05:15,3.467,G,,,
10/01/2016 05:30,3.462,G,,,
10/01/2016 05:45,3.468,G,,,
10/01/2016 06:00,3.47,G,,,
10/01/2016 06:15,3.472,G,,,
10/01/2016 06:30,3.476,G,,,
10/01/2016 06:45,3.477,G,,,
10/01/2016 07:00,3.473,G,,,
10/01/2016 07:15,3.482,G,,,
10/01/2016 07:30,3.489,G,,,
10/01/2016 07:45,3.492,G,,,
10/01/2016 08:00,3.498,G,,,
10/01/2016 08:15,3.5,G,,,
10/01/2016 08:30,3.505,G,,,
10/01/2016 08:45,3.508,G,,,
10/01/2016 09:00,3.51,G,,,
10/01/2016 09:15,3.518,G,,,
10/01/2016 09:30,3.524,G,,,
10/01/2016 09:45,3.521,G,,,
10/01/2016 10:00,3.529,G,,,
10/01/2016 10:15,3.534,G,,,
10/01/2016 10:30,3.54,G,,,
10/01/2016 10:45,3.546,G,,,
10/01/2016 11:00,3.551,G,,,
10/01/2016 11:15,3.548,G,,,
10/01/2016 11:30,3.556,G,,,
10/01/2016 11:45,3.565,G,,,
10/01/2016 12:00,3.575,G,,,
10/01/2016 12:15,3.58,G,,,
10/01/2016 12:30,3.584,G,,,
10/01/2016 12:45,3.59,G,,,
10/01/2016 13:00,3.593,G,,,
10/01/2016 13:15,3.6,G,,,
10/01/2016 13:30,3.61,G,,,
10/01/2016 13:45,3.619,G,,,
10/01/2016 14:00,3.625,G,,,
10/01/2016 14:15,3.625,G,,,
10/01/2016 14:30,3.634,G,,,
10/01/2016 14:45,3.642,G,,,
10/01/2016 15:00,3.648,G,,,
10/01/2016 15:15,3.654,G,,,
10/01/2016 15:30,3.656,G,,,
10/01/2016 15:45,3.659,G,,,
10/01/2016 16:00,3.663,G,,,
10/01/2016 16:15,3.667,G,,,
10/01/2016 16:30,3.675,G,,,
10/01/2016 16:45,3.671,G,,,
10/01/2016 17:00,3.675,G,,,
10/01/2016 17:15,3.682,G,,,
10/01/2016 17:30,3.687,G,,,
10/01/2016 17:45,3.691,G,,,
10/01/2016 18:00,3.697,G,,,
10/01/2016 18:15,3.7,G,,,
10/01/2016 18:30,3.705,G,,,
10/01/2016 18:45,3.713,G,,,
10/01/2016 19:00,3.716,G,,,
10/01/2016 19:15,3.722,G,,,
10/01/2016 19:30,3.723,G,,,
10/01/2016 19:45,3.73,G,,,
10/01/2016 20:00,3.737,G,,,
10/01/2016 20:15,3.742,G,,,
10/01/2016 20:30,3.742,G,,,
10/01/2016 20:45,3.745,G,,,
10/01/2016 21:00,3.753,G,,,
10/01/2016 21:15,3.76,G,,,
10/01/2016 21:30,3.757,G,,,
10/01/2016 21:45,3.761,G,,,
10/01/2016 22:00,3.766,G,,,
10/01/2016 22:15,3.77,G,,,
10/01/2016 22:30,3.771,G,,,
10/01/2016 22:45,3.774,G,,,
10/01/2016 23:00,3.778,G,,,
10/01/2016 23:15,3.786,G,,,
10/01/2016 23:30,3.786,G,,,
10/01/2016 23:45,3.789,G,,,
11/01/2016 00:00,3.792,G,,,
11/01/2016 00:15,3.799,G,,,
11/01/2016 00:30,3.797,G,,,
11/01/2016 00:45,3.803,G,,,
11/01/2016 01:00,3.808,G,,,
11/01/2016 01:15,3.812,G,,,
11/01/2016 01:30,3.816,G,,,
11/01/2016 01:45,3.82,G,,,
11/01/2016 02:00,3.829,G,,,
11/01/2016 02:15,3.827,G,,,
11/01/2016 02:30,3.835,G,,,
11/01/2016 02:45,3.832,G,,,
11/01/2016 03:00,3.837,G,,,
11/01/2016 03:15,3.842,G,,,
11/01/2016 03:30,3.849,G,,,
11/01/2016 03:45,3.847,G,,,
11/01/2016 04:00,3.847,G,,,
11/01/2016 04:15,3.857,G,,,
11/01/2016 04:30,3.86,G,,,
11/01/2016 04:45,3.859,G,,,
11/01/2016 05:00,3.86,G,,,
11/01/2016 05:15,3.868,G,,,
11/01/2016 05:30,3.871,G,,,
11/01/2016 05:45,3.871,G,,,
11/01/2016 06:00,3.873,G,,,
11/01/2016 06:15,3.878,G,,,
11/01/2016 06:30,3.88,G,,,
11/01/2016 06:45,3.877,G,,,
11/01/2016 07:00,3.883,G,,,
11/01/2016 07:15,3.885,G,,,
11/01/2016 07:30,3.888,G,,,
11/01/2016 07:45,3.884,G,,,
11/01/2016 08:00,3.886,G,,,
11/01/2016 08:15,3.893,G,,,
11/01/2016 08:30,3.897,G,,,
11/01/2016 08:45,3.9,G,,,
11/01/2016 09:00,3.894,G,,,
11/01/2016 09:15,3.893,G,,,
11/01/2016 09:30,3.902,G,,,
11/01/2016 09:45,3.902,G,,,
11/01/2016 10:00,3.904,G,,,
11/01/2016 10:15,3.9,G,,,
11/01/2016 10:30,3.901,G,,,
11/01/2016 10:45,3.898,G,,,
11/01/2016 11:00,3.904,G,,,
11/01/2016 11:15,3.906,G,,,
11/01/2016 11:30,3.905,G,,,
11/01/2016 11:45,3.906,G,,,
11/01/2016 12:00,3.901,G,,,
11/01/2016 12:15,3.907,G,,,
11/01/2016 12:30,3.91,G,,,
11/01/2016 12:45,3.91,G,,,
11/01/2016 13:00,3.906,G,,,
11/01/2016 13:15,3.906,G,,,
11/01/2016 13:30,3.905,G,,,
11/01/2016 13:45,3.904,G,,,
11/01/2016 14:00,3.906,G,,,
11/01/2016 14:15,3.908,G,,,
11/01/2016 14:30,3.909,G,,,
11/01/2016 14:45,3.907,G,,,
11/01/2016 15:00,3.905,G,,,
11/01/2016 15:15,3.905,G,,,
11/01/2016 15:30,3.896,G,,,
11/01/2016 15:45,3.901,G,,,
11/01/2016 16:00,3.902,G,,,
11/01/2016 16:15,3.903,G,,,
11/01/2016 16:30,3.897,G,,,
11/01/2016 16:45,3.893,G,,,
11/01/2016 17:00,3.895,G,,,
11/01/2016 17:15,3.893,G,,,
11/01/2016 17:30,3.891,G,,,
11/01/2016 17:45,3.883,G,,,
11/01/2016 18:00,3.885,G,,,
11/01/2016 18:15,3.881,G,,,
11/01/2016 18:30,3.882,G,,,
11/01/2016 18:45,3.877,G,,,
11/01/2016 19:00,3.874,G,,,
11/01/2016 19:15,3.871,G,,,
11/01/2016 19:30,3.87,G,,,
11/01/2016 19:45,3.869,G,,,
11/01/2016 20:00,3.865,G,,,
11/01/2016 20:15,3.861,G,,,
11/01/2016 20:30,3.86,G,,,
11/01/2016 20:45,3.859,G,,,
11/01/2016 21:00,3.852,G,,,
11/01/2016 21:15,3.848,G,,,
11/01/2016 21:30,3.844,G,,,
11/01/2016 21:45,3.846,G,,,
11/01/2016 22:00,3.84,G,,,
11/01/2016 22:15,3.839,G,,,
11/01/2016 22:30,3.833,G,,,
11/01/2016 22:45,3.834,G,,,
11/01/2016 23:00,3.828,G,,,
11/01/2016 23:15,3.822,G,,,
11/01/2016 23:30,3.819,G,,,
11/01/2016 23:45,3.816,G,,,
12/01/2016 00:00,3.816,G,,,
12/01/2016 00:15,3.812,G,,,
12/01/2016 00:30,3.807,G,,,
12/01/2016 00:45,3.803,G,,,
12/01/2016 01:00,3.798,G,,,
12/01/2016 01:15,3.798,G,,,
12/01/2016 01:30,3.793,G,,,
12/01/2016 01:45,3.788,G,,,
12/01/2016 02:00,3.786,G,,,
12/01/2016 02:15,3.782,G,,,
12/01/2016 02:30,3.786,G,,,
12/01/2016 02:45,3.774,G,,,
12/01/2016 03:00,3.77,G,,,
12/01/2016 03:15,3.765,G,,,
12/01/2016 03:30,3.761,G,,,
12/01/2016 03:45,3.759,G,,,
12/01/2016 04:00,3.752,G,,,
12/01/2016 04:15,3.748,G,,,
12/01/2016 04:30,3.742,G,,,
12/01/2016 04:45,3.738,G,,,
12/01/2016 05:00,3.732,G,,,
12/01/2016 05:15,3.726,G,,,
12/01/2016 05:30,3.725,G,,,
12/01/2016 05:45,3.72,G,,,
12/01/2016 06:00,3.712,G,,,
12/01/2016 06:15,3.706,G,,,
12/01/2016 06:30,3.702,G,,,
12/01/2016 06:45,3.696,G,,,
12/01/2016 07:00,3.69,G,,,
12/01/2016 07:15,3.686,G,,,
12/01/2016 07:30,3.683,G,,,
12/01/2016 07:45,3.677,G,,,
12/01/2016 08:00,3.669,G,,,
12/01/2016 08:15,3.665,G,,,
12/01/2016 08:30,3.66,G,,,
12/01/2016 08:45,3.647,G,,,
12/01/2016 09:00,3.645,G,,,
12/01/2016 09:15,3.641,G,,,
12/01/2016 09:30,3.636,G,,,
12/01/2016 09:45,3.631,G,,,
12/01/2016 10:00,3.625,G,,,
12/01/2016 10:15,3.621,G,,,
12/01/2016 10:30,3.615,G,,,
12/01/2016 10:45,3.607,G,,,
12/01/2016 11:00,3.598,G,,,
12/01/2016 11:15,3.597,G,,,
12/01/2016 11:30,3.59,G,,,
12/01/2016 11:45,3.585,G,,,
12/01/2016 12:00,3.585,G,,,
12/01/2016 12:15,3.577,G,,,
12/01/2016 12:30,3.573,G,,,
12/01/2016 12:45,3.569,G,,,
12/01/2016 13:00,3.564,G,,,
12/01/2016 13:15,3.558,G,,,
12/01/2016 13:30,3.555,G,,,
12/01/2016 13:45,3.546,G,,,
12/01/2016 14:00,3.539,G,,,
12/01/2016 14:15,3.542,G,,,
12/01/2016 14:30,3.536,G,,,
12/01/2016 14:45,3.533,G,,,
12/01/2016 15:00,3.528,G,,,
12/01/2016 15:15,3.521,G,,,
12/01/2016 15:30,3.518,G,,,
12/01/2016 15:45,3.512,G,,,
12/01/2016 16:00,3.508,G,,,
12/01/2016 16:15,3.505,G,,,
12/01/2016 16:30,3.496,G,,,
12/01/2016 16:45,3.49,G,,,
12/01/2016 17:00,3.485,G,,,
12/01/2016 17:15,3.481,G,,,
12/01/2016 17:30,3.474,G,,,
12/01/2016 17:45,3.472,G,,,
12/01/2016 18:00,3.462,G,,,
12/01/2016 18:15,3.461,G,,,
12/01/2016 18:30,3.453,G,,,
12/01/2016 18:45,3.449,G,,,
12/01/2016 19:00,3.444,G,,,
12/01/2016 19:15,3.437,G,,,
12/01/2016 19:30,3.431,G,,,
12/01/2016 19:45,3.421,G,,,
12/01/2016 20:00,3.417,G,,,
12/01/2016 20:15,3.411,G,,,
12/01/2016 20:30,3.404,G,,,
12/01/2016 20:45,3.401,G,,,
12/01/2016 21:00,3.395,G,,,
12/01/2016 21:15,3.387,G,,,
12/01/2016 21:30,3.384,G,,,
12/01/2016 21:45,3.378,G,,,
12/01/2016 22:00,3.371,G,,,
12/01/2016 22:15,3.364,G,,,
12/01/2016 22:30,3.358,G,,,
12/01/2016 22:45,3.354,G,,,
12/01/2016 23:00,3.346,G,,,
12/01/2016 23:15,3.342,G,,,
12/01/2016 23:30,3.337,G,,,
12/01/2016 23:45,3.33,G,,,
13/01/2016 00:00,3.325,G,,,
13/01/2016 00:15,3.321,G,,,
13/01/2016 00:30,3.314,G,,,
13/01/2016 00:45,3.309,G,,,
13/01/2016 01:00,3.302,G,,,
13/01/2016 01:15,3.298,G,,,
13/01/2016 01:30,3.296,G,,,
13/01/2016 01:45,3.288,G,,,
13/01/2016 02:00,3.279,G,,,
13/01/2016 02:15,3.279,G,,,
13/01/2016 02:30,3.274,G,,,
13/01/2016 02:45,3.267,G,,,
13/01/2016 03:00,3.263,G,,,
13/01/2016 03:15,3.258,G,,,
13/01/2016 03:30,3.252,G,,,
13/01/2016 03:45,3.246,G,,,
13/01/2016 04:00,3.242,G,,,
13/01/2016 04:15,3.235,G,,,
13/01/2016 04:30,3.23,G,,,
13/01/2016 04:45,3.227,G,,,
13/01/2016 05:00,3.219,G,,,
13/01/2016 05:15,3.209,G,,,
13/01/2016 05:30,3.204,G,,,
13/01/2016 05:45,3.201,G,,,
13/01/2016 06:00,3.194,G,,,
13/01/2016 06:15,3.19,G,,,
13/01/2016 06:30,3.184,G,,,
13/01/2016 06:45,3.176,G,,,
13/01/2016 07:00,3.17,G,,,
13/01/2016 07:15,3.163,G,,,
13/01/2016 07:30,3.157,G,,,
13/01/2016 07:45,3.153,G,,,
13/01/2016 08:00,3.147,G,,,
13/01/2016 08:15,3.134,G,,,
13/01/2016 08:30,3.125,G,,,
13/01/2016 08:45,3.119,G,,,
13/01/2016 09:00,3.119,G,,,
13/01/2016 09:15,3.115,G,,,
13/01/2016 09:30,3.109,G,,,
13/01/2016 09:45,3.103,G,,,
13/01/2016 10:00,3.097,G,,,
13/01/2016 10:15,3.093,G,,,
13/01/2016 10:30,3.086,G,,,
13/01/2016 10:45,3.08,G,,,
13/01/2016 11:00,3.072,G,,,
13/01/2016 11:15,3.066,G,,,
13/01/2016 11:30,3.06,G,,,
13/01/2016 11:45,3.053,G,,,
13/01/2016 12:00,3.049,G,,,
13/01/2016 12:15,3.043,G,,,
13/01/2016 12:30,3.035,G,,,
13/01/2016 12:45,3.031,G,,,
13/01/2016 13:00,3.025,G,,,
13/01/2016 13:15,3.02,G,,,
13/01/2016 13:30,3.015,G,,,
13/01/2016 13:45,3.012,G,,,
13/01/2016 14:00,3.006,G,,,
13/01/2016 14:15,3.004,G,,,
13/01/2016 14:30,2.996,G,,,
13/01/2016 14:45,2.994,G,,,
13/01/2016 15:00,2.992,G,,,
13/01/2016 15:15,2.989,G,,,
13/01/2016 15:30,2.983,G,,,
13/01/2016 15:45,2.979,G,,,
13/01/2016 16:00,2.974,G,,,
13/01/2016 16:15,2.963,G,,,
13/01/2016 16:30,2.961,G,,,
13/01/2016 16:45,2.958,G,,,
13/01/2016 17:00,2.954,G,,,
13/01/2016 17:15,2.947,G,,,
13/01/2016 17:30,2.941,G,,,
13/01/2016 17:45,2.937,G,,,
13/01/2016 18:00,2.931,G,,,
13/01/2016 18:15,2.924,G,,,
13/01/2016 18:30,2.918,G,,,
13/01/2016 18:45,2.913,G,,,
13/01/2016 19:00,2.901,G,,,
13/01/2016 19:15,2.902,G,,,
13/01/2016 19:30,2.895,G,,,
13/01/2016 19:45,2.889,G,,,
13/01/2016 20:00,2.885,G,,,
13/01/2016 20:15,2.879,G,,,
13/01/2016 20:30,2.873,G,,,
13/01/2016 20:45,2.867,G,,,
13/01/2016 21:00,2.856,G,,,
13/01/2016 21:15,2.852,G,,,
13/01/2016 21:30,2.847,G,,,
13/01/2016 21:45,2.84,G,,,
13/01/2016 22:00,2.831,G,,,
13/01/2016 22:15,2.828,G,,,
13/01/2016 22:30,2.818,G,,,
13/01/2016 22:45,2.812,G,,,
13/01/2016 23:00,2.801,G,,,
13/01/2016 23:15,2.797,G,,,
13/01/2016 23:30,2.791,G,,,
13/01/2016 23:45,2.789,G,,,
14/01/2016 00:00,2.785,G,,,
14/01/2016 00:15,2.781,G,,,
14/01/2016 00:30,2.778,G,,,
14/01/2016 00:45,2.774,G,,,
14/01/2016 01:00,2.766,G,,,
14/01/2016 01:15,2.759,G,,,
14/01/2016 01:30,2.757,G,,,
14/01/2016 01:45,2.755,G,,,
14/01/2016 02:00,2.75,G,,,
14/01/2016 02:15,2.744,G,,,
14/01/2016 02:30,2.74,G,,,
14/01/2016 02:45,2.735,G,,,
14/01/2016 03:00,2.729,G,,,
14/01/2016 03:15,2.724,G,,,
14/01/2016 03:30,2.712,G,,,
14/01/2016 03:45,2.711,G,,,
14/01/2016 04:00,2.704,G,,,
14/01/2016 04:15,2.699,G,,,
14/01/2016 04:30,2.691,G,,,
14/01/2016 04:45,2.686,G,,,
14/01/2016 05:00,2.678,G,,,
14/01/2016 05:15,2.672,G,,,
14/01/2016 05:30,2.666,G,,,
14/01/2016 05:45,2.66,G,,,
14/01/2016 06:00,2.653,G,,,
14/01/2016 06:15,2.646,G,,,
14/01/2016 06:30,2.637,G,,,
14/01/2016 06:45,2.63,G,,,
14/01/2016 07:00,2.623,G,,,
14/01/2016 07:15,2.615,G,,,
14/01/2016 07:30,2.61,G,,,
14/01/2016 07:45,2.601,G,,,
14/01/2016 08:00,2.594,G,,,
14/01/2016 08:15,2.588,G,,,
14/01/2016 08:30,2.58,G,,,
14/01/2016 08:45,2.574,G,,,
14/01/2016 09:00,2.566,G,,,
14/01/2016 09:15,2.56,G,,,
14/01/2016 09:30,2.546,G,,,
14/01/2016 09:45,2.54,G,,,
14/01/2016 10:00,2.546,G,,,
14/01/2016 10:15,2.536,G,,,
14/01/2016 10:30,2.533,G,,,
14/01/2016 10:45,2.517,G,,,
14/01/2016 11:00,2.505,G,,,
14/01/2016 11:15,2.514,G,,,
14/01/2016 11:30,2.509,G,,,
14/01/2016 11:45,2.493,G,,,
14/01/2016 12:00,2.491,G,,,
14/01/2016 12:15,2.488,G,,,
14/01/2016 12:30,2.496,G,,,
14/01/2016 12:45,2.498,G,,,
14/01/2016 13:00,2.486,G,,,
14/01/2016 13:15,2.488,G,,,
14/01/2016 13:30,2.489,G,,,
14/01/2016 13:45,2.487,G,,,
14/01/2016 14:00,2.489,G,,,
14/01/2016 14:15,2.491,G,,,
14/01/2016 14:30,2.492,G,,,
14/01/2016 14:45,2.479,G,,,
14/01/2016 15:00,2.481,G,,,
14/01/2016 15:15,2.475,G,,,
14/01/2016 15:30,2.473,G,,,
14/01/2016 15:45,2.472,G,,,
14/01/2016 16:00,2.46,G,,,
14/01/2016 16:15,2.459,G,,,
14/01/2016 16:30,2.453,G,,,
14/01/2016 16:45,2.448,G,,,
14/01/2016 17:00,2.443,G,,,
14/01/2016 17:15,2.439,G,,,
14/01/2016 17:30,2.431,G,,,
14/01/2016 17:45,2.427,G,,,
14/01/2016 18:00,2.426,G,,,
14/01/2016 18:15,2.417,G,,,
14/01/2016 18:30,2.415,G,,,
14/01/2016 18:45,2.409,G,,,
14/01/2016 19:00,2.399,G,,,
14/01/2016 19:15,2.401,G,,,
14/01/2016 19:30,2.393,G,,,
14/01/2016 19:45,2.389,G,,,
14/01/2016 20:00,2.383,G,,,
14/01/2016 20:15,2.379,G,,,
14/01/2016 20:30,2.371,G,,,
14/01/2016 20:45,2.367,G,,,
14/01/2016 21:00,2.362,G,,,
14/01/2016 21:15,2.356,G,,,
14/01/2016 21:30,2.353,G,,,
14/01/2016 21:45,2.349,G,,,
14/01/2016 22:00,2.343,G,,,
14/01/2016 22:15,2.338,G,,,
14/01/2016 22:30,2.335,G,,,
14/01/2016 22:45,2.327,G,,,
14/01/2016 23:00,2.327,G,,,
14/01/2016 23:15,2.323,G,,,
14/01/2016 23:30,2.324,G,,,
14/01/2016 23:45,2.322,G,,,
15/01/2016 00:00,2.323,G,,,
15/01/2016 00:15,2.324,G,,,
15/01/2016 00:30,2.327,G,,,
15/01/2016 00:45,2.327,G,,,
15/01/2016 01:00,2.327,G,,,
15/01/2016 01:15,2.329,G,,,
15/01/2016 01:30,2.328,G,,,
15/01/2016 01:45,2.327,G,,,
15/01/2016 02:00,2.324,G,,,
15/01/2016 02:15,2.325,G,,,
15/01/2016 02:30,2.321,G,,,
15/01/2016 02:45,2.319,G,,,
15/01/2016 03:00,2.314,G,,,
15/01/2016 03:15,2.311,G,,,
15/01/2016 03:30,2.307,G,,,
15/01/2016 03:45,2.302,G,,,
15/01/2016 04:00,2.296,G,,,
15/01/2016 04:15,2.289,G,,,
15/01/2016 04:30,2.286,G,,,
15/01/2016 04:45,2.28,G,,,
15/01/2016 05:00,2.27,G,,,
15/01/2016 05:15,2.265,G,,,
15/01/2016 05:30,2.258,G,,,
15/01/2016 05:45,2.249,G,,,
15/01/2016 06:00,2.244,G,,,
15/01/2016 06:15,2.238,G,,,
15/01/2016 06:30,2.231,G,,,
15/01/2016 06:45,2.225,G,,,
15/01/2016 07:00,2.217,G,,,
15/01/2016 07:15,2.207,G,,,
15/01/2016 07:30,2.199,G,,,
15/01/2016 07:45,2.191,G,,,
15/01/2016 08:00,2.182,G,,,
15/01/2016 08:15,2.175,G,,,
15/01/2016 08:30,2.164,G,,,
15/01/2016 08:45,2.156,G,,,
15/01/2016 09:00,2.146,G,,,
15/01/2016 09:15,2.139,G,,,
15/01/2016 09:30,2.131,G,,,
15/01/2016 09:45,2.122,G,,,
15/01/2016 10:00,2.114,G,,,
15/01/2016 10:15,2.108,G,,,
15/01/2016 10:30,2.1,G,,,
15/01/2016 10:45,2.091,G,,,
15/01/2016 11:00,2.084,G,,,
15/01/2016 11:15,2.078,G,,,
15/01/2016 11:30,2.069,G,,,
15/01/2016 11:45,2.06,G,,,
15/01/2016 12:00,2.054,G,,,
15/01/2016 12:15,2.048,G,,,
15/01/2016 12:30,2.038,G,,,
15/01/2016 12:45,2.034,G,,,
15/01/2016 13:00,2.031,G,,,
15/01/2016 13:15,2.028,G,,,
15/01/2016 13:30,2.031,G,,,
15/01/2016 13:45,2.041,G,,,
15/01/2016 14:00,2.039,G,,,
15/01/2016 14:15,2.033,G,,,
15/01/2016 14:30,2.029,G,,,
15/01/2016 14:45,2.026,G,,,
15/01/2016 15:00,2.021,G,,,
15/01/2016 15:15,2.02,G,,,
15/01/2016 15:30,2.015,G,,,
15/01/2016 15:45,2.008,G,,,
15/01/2016 16:00,2,G,,,
15/01/2016 16:15,1.99,G,,,
15/01/2016 16:30,1.981,G,,,
15/01/2016 16:45,1.976,G,,,
15/01/2016 17:00,1.969,G,,,
15/01/2016 17:15,1.961,G,,,
15/01/2016 17:30,1.951,G,,,
15/01/2016 17:45,1.943,G,,,
15/01/2016 18:00,1.936,G,,,
15/01/2016 18:15,1.927,G,,,
15/01/2016 18:30,1.916,G,,,
15/01/2016 18:45,1.909,G,,,
15/01/2016 19:00,1.902,G,,,
15/01/2016 19:15,1.894,G,,,
15/01/2016 19:30,1.885,G,,,
15/01/2016 19:45,1.876,G,,,
15/01/2016 20:00,1.864,G,,,
15/01/2016 20:15,1.858,G,,,
15/01/2016 20:30,1.85,G,,,
15/01/2016 20:45,1.842,G,,,
15/01/2016 21:00,1.83,G,,,
15/01/2016 21:15,1.823,G,,,
15/01/2016 21:30,1.813,G,,,
15/01/2016 21:45,1.801,G,,,
15/01/2016 22:00,1.794,G,,,
15/01/2016 22:15,1.786,G,,,
15/01/2016 22:30,1.779,G,,,
15/01/2016 22:45,1.769,G,,,
15/01/2016 23:00,1.759,G,,,
15/01/2016 23:15,1.752,G,,,
15/01/2016 23:30,1.743,G,,,
15/01/2016 23:45,1.734,G,,,
