Station name,Clifton Ings Outfall_Ings Level,,,
Station number,L2441,,,
External number,---,,,
River,River Ouse,,,
Operator,---,,,
NGR,SE5872752954,,,
Easting,458727,,,
Northing,452954,,,
Parameter-name,SG [Stage],,Recorded in mAOD,
Parameter Type,Stage,,,
Time series name,YOR/L2441/SG/15m.Cmd.RelAbs.P,,,
Time series unit,m,,,
Time level,High-resolution,,,
Time series type,Other,,,
Equidistant time series,yes,,,
Time series value distance,15 minute,,,
Time series quality,Production,,,
Time series measuring method,---,,,
Period of record in file: 20/12/2015 00:00:00 to 15/01/2016 23:45:00,,,,
Quality code description, G = good; E = estimated; S = suspect; U = unchecked; M = missing; C = complete; I = incomplete; Ed = edited; WR = within rating; NR = no rating; EX> = extrapolated upper part; EX< = extrapolated lower part; BL> = beyond upper limit; BL< = beyond lower limit; MH = weir modular (head); NH = weir non modular (head); EH = weir extremely non modular (head); MT = weir modular (tail); NT = weir non modular (tail); ET = weir extremely non modular (tail); MC = weir modular (crest); NC = weir non modular (crest); EC = weir extremely non modular (crest); -H = weir head only; RAS = rastered time stamp; A = apportioned/interpolated; D = dry; SN = snow; T = trace,,,
Time stamp,Value[m],State of value,Tags,Comments
20/12/2015 00:00,7.211,G,,
20/12/2015 00:15,7.212,G,,
20/12/2015 00:30,7.21,G,,
20/12/2015 00:45,7.208,G,,
20/12/2015 01:00,7.207,G,,
20/12/2015 01:15,7.207,G,,
20/12/2015 01:30,7.202,G,,
20/12/2015 01:45,7.204,G,,
20/12/2015 02:00,7.204,G,,
20/12/2015 02:15,7.203,G,,
20/12/2015 02:30,7.202,G,,
20/12/2015 02:45,7.202,G,,
20/12/2015 03:00,7.205,G,,
20/12/2015 03:15,7.204,G,,
20/12/2015 03:30,7.202,G,,
20/12/2015 03:45,7.203,G,,
20/12/2015 04:00,7.204,G,,
20/12/2015 04:15,7.203,G,,
20/12/2015 04:30,7.202,G,,
20/12/2015 04:45,7.211,G,,
20/12/2015 05:00,7.21,G,,
20/12/2015 05:15,7.204,G,,
20/12/2015 05:30,7.205,G,,
20/12/2015 05:45,7.199,G,,
20/12/2015 06:00,7.201,G,,
20/12/2015 06:15,7.2,G,,
20/12/2015 06:30,7.2,G,,
20/12/2015 06:45,7.199,G,,
20/12/2015 07:00,7.197,G,,
20/12/2015 07:15,7.196,G,,
20/12/2015 07:30,7.196,G,,
20/12/2015 07:45,7.196,G,,
20/12/2015 08:00,7.193,G,,
20/12/2015 08:15,7.191,G,,
20/12/2015 08:30,7.195,G,,
20/12/2015 08:45,7.192,G,,
20/12/2015 09:00,7.191,G,,
20/12/2015 09:15,7.19,G,,
20/12/2015 09:30,7.19,G,,
20/12/2015 09:45,7.19,G,,
20/12/2015 10:00,7.188,G,,
20/12/2015 10:15,7.188,G,,
20/12/2015 10:30,7.187,G,,
20/12/2015 10:45,7.186,G,,
20/12/2015 11:00,7.187,G,,
20/12/2015 11:15,7.185,G,,
20/12/2015 11:30,7.188,G,,
20/12/2015 11:45,7.184,G,,
20/12/2015 12:00,7.18,G,,
20/12/2015 12:15,7.184,G,,
20/12/2015 12:30,7.183,G,,
20/12/2015 12:45,7.184,G,,
20/12/2015 13:00,7.184,G,,
20/12/2015 13:15,7.179,G,,
20/12/2015 13:30,7.178,G,,
20/12/2015 13:45,7.18,G,,
20/12/2015 14:00,7.182,G,,
20/12/2015 14:15,7.18,G,,
20/12/2015 14:30,7.189,G,,
20/12/2015 14:45,7.203,G,,
20/12/2015 15:00,7.224,G,,
20/12/2015 15:15,7.238,G,,
20/12/2015 15:30,7.262,G,,
20/12/2015 15:45,7.286,G,,
20/12/2015 16:00,7.308,G,,
20/12/2015 16:15,7.331,G,,
20/12/2015 16:30,7.357,G,,
20/12/2015 16:45,7.39,G,,
20/12/2015 17:00,7.406,G,,
20/12/2015 17:15,7.434,G,,
20/12/2015 17:30,7.458,G,,
20/12/2015 17:45,7.483,G,,
20/12/2015 18:00,7.508,G,,
20/12/2015 18:15,7.532,G,,
20/12/2015 18:30,7.555,G,,
20/12/2015 18:45,7.575,G,,
20/12/2015 19:00,7.587,G,,
20/12/2015 19:15,7.601,G,,
20/12/2015 19:30,7.612,G,,
20/12/2015 19:45,7.618,G,,
20/12/2015 20:00,7.629,G,,
20/12/2015 20:15,7.631,G,,
20/12/2015 20:30,7.643,G,,
20/12/2015 20:45,7.637,G,,
20/12/2015 21:00,7.642,G,,
20/12/2015 21:15,7.65,G,,
20/12/2015 21:30,7.664,G,,
20/12/2015 21:45,7.584,G,,
20/12/2015 22:00,7.65,G,,
20/12/2015 22:15,7.633,G,,
20/12/2015 22:30,7.645,G,,
20/12/2015 22:45,7.638,G,,
20/12/2015 23:00,7.634,G,,
20/12/2015 23:15,7.637,G,,
20/12/2015 23:30,7.619,G,,
20/12/2015 23:45,7.656,G,,
21/12/2015 00:00,7.66,G,,
21/12/2015 00:15,7.671,G,,
21/12/2015 00:30,7.668,G,,
21/12/2015 00:45,7.656,G,,
21/12/2015 01:00,7.655,G,,
21/12/2015 01:15,7.658,G,,
21/12/2015 01:30,7.662,G,,
21/12/2015 01:45,7.655,G,,
21/12/2015 02:00,7.676,G,,
21/12/2015 02:15,7.665,G,,
21/12/2015 02:30,7.654,G,,
21/12/2015 02:45,7.676,G,,
21/12/2015 03:00,7.681,G,,
21/12/2015 03:15,7.674,G,,
21/12/2015 03:30,7.66,G,,
21/12/2015 03:45,7.676,G,,
21/12/2015 04:00,7.654,G,,
21/12/2015 04:15,7.671,G,,
21/12/2015 04:30,7.693,G,,
21/12/2015 04:45,7.677,G,,
21/12/2015 05:00,7.68,G,,
21/12/2015 05:15,7.685,G,,
21/12/2015 05:30,7.681,G,,
21/12/2015 05:45,7.684,G,,
21/12/2015 06:00,7.674,G,,
21/12/2015 06:15,7.674,G,,
21/12/2015 06:30,7.68,G,,
21/12/2015 06:45,7.672,G,,
21/12/2015 07:00,7.705,G,,
21/12/2015 07:15,7.716,G,,
21/12/2015 07:30,7.7,G,,
21/12/2015 07:45,7.735,G,,
21/12/2015 08:00,7.715,G,,
21/12/2015 08:15,7.717,G,,
21/12/2015 08:30,7.717,G,,
21/12/2015 08:45,7.717,G,,
21/12/2015 09:00,7.728,G,,
21/12/2015 09:15,7.741,G,,
21/12/2015 09:30,7.731,G,,
21/12/2015 09:45,7.714,G,,
21/12/2015 10:00,7.738,G,,
21/12/2015 10:15,7.717,G,,
21/12/2015 10:30,7.736,G,,
21/12/2015 10:45,7.736,G,,
21/12/2015 11:00,7.733,G,,
21/12/2015 11:15,7.734,G,,
21/12/2015 11:30,7.734,G,,
21/12/2015 11:45,7.734,G,,
21/12/2015 12:00,7.733,G,,
21/12/2015 12:15,7.73,G,,
21/12/2015 12:30,7.735,G,,
21/12/2015 12:45,7.734,G,,
21/12/2015 13:00,7.734,G,,
21/12/2015 13:15,7.733,G,,
21/12/2015 13:30,7.732,G,,
21/12/2015 13:45,7.737,G,,
21/12/2015 14:00,7.737,G,,
21/12/2015 14:15,7.742,G,,
21/12/2015 14:30,7.74,G,,
21/12/2015 14:45,7.754,G,,
21/12/2015 15:00,7.747,G,,
21/12/2015 15:15,7.752,G,,
21/12/2015 15:30,7.752,G,,
21/12/2015 15:45,7.748,G,,
21/12/2015 16:00,7.749,G,,
21/12/2015 16:15,7.749,G,,
21/12/2015 16:30,7.755,G,,
21/12/2015 16:45,7.756,G,,
21/12/2015 17:00,7.752,G,,
21/12/2015 17:15,7.75,G,,
21/12/2015 17:30,7.747,G,,
21/12/2015 17:45,7.752,G,,
21/12/2015 18:00,7.747,G,,
21/12/2015 18:15,7.746,G,,
21/12/2015 18:30,7.744,G,,
21/12/2015 18:45,7.746,G,,
21/12/2015 19:00,7.745,G,,
21/12/2015 19:15,7.745,G,,
21/12/2015 19:30,7.741,G,,
21/12/2015 19:45,7.745,G,,
21/12/2015 20:00,7.742,G,,
21/12/2015 20:15,7.739,G,,
21/12/2015 20:30,7.741,G,,
21/12/2015 20:45,7.74,G,,
21/12/2015 21:00,7.74,G,,
21/12/2015 21:15,7.739,G,,
21/12/2015 21:30,7.738,G,,
21/12/2015 21:45,7.74,G,,
21/12/2015 22:00,7.738,G,,
21/12/2015 22:15,7.739,G,,
21/12/2015 22:30,7.738,G,,
21/12/2015 22:45,7.738,G,,
21/12/2015 23:00,7.738,G,,
21/12/2015 23:15,7.737,G,,
21/12/2015 23:30,7.737,G,,
21/12/2015 23:45,7.736,G,,
22/12/2015 00:00,7.737,G,,
22/12/2015 00:15,7.736,G,,
22/12/2015 00:30,7.736,G,,
22/12/2015 00:45,7.736,G,,
22/12/2015 01:00,7.736,G,,
22/12/2015 01:15,7.734,G,,
22/12/2015 01:30,7.734,G,,
22/12/2015 01:45,7.734,G,,
22/12/2015 02:00,7.735,G,,
22/12/2015 02:15,7.734,G,,
22/12/2015 02:30,7.735,G,,
22/12/2015 02:45,7.734,G,,
22/12/2015 03:00,7.734,G,,
22/12/2015 03:15,7.734,G,,
22/12/2015 03:30,7.73,G,,
22/12/2015 03:45,7.731,G,,
22/12/2015 04:00,7.732,G,,
22/12/2015 04:15,7.732,G,,
22/12/2015 04:30,7.733,G,,
22/12/2015 04:45,7.733,G,,
22/12/2015 05:00,7.733,G,,
22/12/2015 05:15,7.732,G,,
22/12/2015 05:30,7.73,G,,
22/12/2015 05:45,7.731,G,,
22/12/2015 06:00,7.731,G,,
22/12/2015 06:15,7.731,G,,
22/12/2015 06:30,7.73,G,,
22/12/2015 06:45,7.732,G,,
22/12/2015 07:00,7.731,G,,
22/12/2015 07:15,7.731,G,,
22/12/2015 07:30,7.73,G,,
22/12/2015 07:45,7.733,G,,
22/12/2015 08:00,7.737,G,,
22/12/2015 08:15,7.736,G,,
22/12/2015 08:30,7.731,G,,
22/12/2015 08:45,7.731,G,,
22/12/2015 09:00,7.728,G,,
22/12/2015 09:15,7.73,G,,
22/12/2015 09:30,7.731,G,,
22/12/2015 09:45,7.73,G,,
22/12/2015 10:00,7.725,G,,
22/12/2015 10:15,7.732,G,,
22/12/2015 10:30,7.74,G,,
22/12/2015 10:45,7.738,G,,
22/12/2015 11:00,7.73,G,,
22/12/2015 11:15,7.737,G,,
22/12/2015 11:30,7.733,G,,
22/12/2015 11:45,7.736,G,,
22/12/2015 12:00,7.737,G,,
22/12/2015 12:15,7.734,G,,
22/12/2015 12:30,7.741,G,,
22/12/2015 12:45,7.736,G,,
22/12/2015 13:00,7.737,G,,
22/12/2015 13:15,7.737,G,,
22/12/2015 13:30,7.74,G,,
22/12/2015 13:45,7.744,G,,
22/12/2015 14:00,7.74,G,,
22/12/2015 14:15,7.741,G,,
22/12/2015 14:30,7.742,G,,
22/12/2015 14:45,7.743,G,,
22/12/2015 15:00,7.746,G,,
22/12/2015 15:15,7.744,G,,
22/12/2015 15:30,7.743,G,,
22/12/2015 15:45,7.741,G,,
22/12/2015 16:00,7.742,G,,
22/12/2015 16:15,7.741,G,,
22/12/2015 16:30,7.741,G,,
22/12/2015 16:45,7.741,G,,
22/12/2015 17:00,7.743,G,,
22/12/2015 17:15,7.743,G,,
22/12/2015 17:30,7.744,G,,
22/12/2015 17:45,7.741,G,,
22/12/2015 18:00,7.741,G,,
22/12/2015 18:15,7.741,G,,
22/12/2015 18:30,7.741,G,,
22/12/2015 18:45,7.74,G,,
22/12/2015 19:00,7.741,G,,
22/12/2015 19:15,7.741,G,,
22/12/2015 19:30,7.742,G,,
22/12/2015 19:45,7.741,G,,
22/12/2015 20:00,7.74,G,,
22/12/2015 20:15,7.742,G,,
22/12/2015 20:30,7.74,G,,
22/12/2015 20:45,7.742,G,,
22/12/2015 21:00,7.742,G,,
22/12/2015 21:15,7.741,G,,
22/12/2015 21:30,7.743,G,,
22/12/2015 21:45,7.741,G,,
22/12/2015 22:00,7.742,G,,
22/12/2015 22:15,7.742,G,,
22/12/2015 22:30,7.742,G,,
22/12/2015 22:45,7.742,G,,
22/12/2015 23:00,7.744,G,,
22/12/2015 23:15,7.743,G,,
22/12/2015 23:30,7.746,G,,
22/12/2015 23:45,7.745,G,,
23/12/2015 00:00,7.748,G,,
23/12/2015 00:15,7.744,G,,
23/12/2015 00:30,7.743,G,,
23/12/2015 00:45,7.748,G,,
23/12/2015 01:00,7.749,G,,
23/12/2015 01:15,7.75,G,,
23/12/2015 01:30,7.743,G,,
23/12/2015 01:45,7.744,G,,
23/12/2015 02:00,7.746,G,,
23/12/2015 02:15,7.748,G,,
23/12/2015 02:30,7.745,G,,
23/12/2015 02:45,7.747,G,,
23/12/2015 03:00,7.744,G,,
23/12/2015 03:15,7.745,G,,
23/12/2015 03:30,7.746,G,,
23/12/2015 03:45,7.747,G,,
23/12/2015 04:00,7.749,G,,
23/12/2015 04:15,7.751,G,,
23/12/2015 04:30,7.753,G,,
23/12/2015 04:45,7.753,G,,
23/12/2015 05:00,7.753,G,,
23/12/2015 05:15,7.755,G,,
23/12/2015 05:30,7.752,G,,
23/12/2015 05:45,7.75,G,,
23/12/2015 06:00,7.758,G,,
23/12/2015 06:15,7.765,G,,
23/12/2015 06:30,7.757,G,,
23/12/2015 06:45,7.755,G,,
23/12/2015 07:00,7.758,G,,
23/12/2015 07:15,7.76,G,,
23/12/2015 07:30,7.756,G,,
23/12/2015 07:45,7.759,G,,
23/12/2015 08:00,7.754,G,,
23/12/2015 08:15,7.761,G,,
23/12/2015 08:30,7.755,G,,
23/12/2015 08:45,7.757,G,,
23/12/2015 09:00,7.757,G,,
23/12/2015 09:15,7.761,G,,
23/12/2015 09:30,7.757,G,,
23/12/2015 09:45,7.759,G,,
23/12/2015 10:00,7.76,G,,
23/12/2015 10:15,7.758,G,,
23/12/2015 10:30,7.761,G,,
23/12/2015 10:45,7.762,G,,
23/12/2015 11:00,7.765,G,,
23/12/2015 11:15,7.761,G,,
23/12/2015 11:30,7.759,G,,
23/12/2015 11:45,7.762,G,,
23/12/2015 12:00,7.769,G,,
23/12/2015 12:15,7.763,G,,
23/12/2015 12:30,7.773,G,,
23/12/2015 12:45,7.763,G,,
23/12/2015 13:00,7.765,G,,
23/12/2015 13:15,7.77,G,,
23/12/2015 13:30,7.769,G,,
23/12/2015 13:45,7.767,G,,
23/12/2015 14:00,7.766,G,,
23/12/2015 14:15,7.771,G,,
23/12/2015 14:30,7.769,G,,
23/12/2015 14:45,7.772,G,,
23/12/2015 15:00,7.77,G,,
23/12/2015 15:15,7.772,G,,
23/12/2015 15:30,7.768,G,,
23/12/2015 15:45,7.77,G,,
23/12/2015 16:00,7.768,G,,
23/12/2015 16:15,7.77,G,,
23/12/2015 16:30,7.775,G,,
23/12/2015 16:45,7.767,G,,
23/12/2015 17:00,7.767,G,,
23/12/2015 17:15,7.767,G,,
23/12/2015 17:30,7.778,G,,
23/12/2015 17:45,7.782,G,,
23/12/2015 18:00,7.777,G,,
23/12/2015 18:15,7.778,G,,
23/12/2015 18:30,7.784,G,,
23/12/2015 18:45,7.782,G,,
23/12/2015 19:00,7.786,G,,
23/12/2015 19:15,7.783,G,,
23/12/2015 19:30,7.785,G,,
23/12/2015 19:45,7.782,G,,
23/12/2015 20:00,7.787,G,,
23/12/2015 20:15,7.8,G,,
23/12/2015 20:30,7.786,G,,
23/12/2015 20:45,7.784,G,,
23/12/2015 21:00,7.787,G,,
23/12/2015 21:15,7.784,G,,
23/12/2015 21:30,7.791,G,,
23/12/2015 21:45,7.789,G,,
23/12/2015 22:00,7.789,G,,
23/12/2015 22:15,7.782,G,,
23/12/2015 22:30,7.779,G,,
23/12/2015 22:45,7.794,G,,
23/12/2015 23:00,7.787,G,,
23/12/2015 23:15,7.788,G,,
23/12/2015 23:30,7.796,G,,
23/12/2015 23:45,7.787,G,,
24/12/2015 00:00,7.789,G,,
24/12/2015 00:15,7.795,G,,
24/12/2015 00:30,7.799,G,,
24/12/2015 00:45,7.785,G,,
24/12/2015 01:00,7.79,G,,
24/12/2015 01:15,7.791,G,,
24/12/2015 01:30,7.794,G,,
24/12/2015 01:45,7.793,G,,
24/12/2015 02:00,7.795,G,,
24/12/2015 02:15,7.802,G,,
24/12/2015 02:30,7.805,G,,
24/12/2015 02:45,7.804,G,,
24/12/2015 03:00,7.802,G,,
24/12/2015 03:15,7.805,G,,
24/12/2015 03:30,7.8,G,,
24/12/2015 03:45,7.803,G,,
24/12/2015 04:00,7.801,G,,
24/12/2015 04:15,7.798,G,,
24/12/2015 04:30,7.798,G,,
24/12/2015 04:45,7.803,G,,
24/12/2015 05:00,7.795,G,,
24/12/2015 05:15,7.796,G,,
24/12/2015 05:30,7.803,G,,
24/12/2015 05:45,7.793,G,,
24/12/2015 06:00,7.802,G,,
24/12/2015 06:15,7.804,G,,
24/12/2015 06:30,7.807,G,,
24/12/2015 06:45,7.802,G,,
24/12/2015 07:00,7.797,G,,
24/12/2015 07:15,7.808,G,,
24/12/2015 07:30,7.806,G,,
24/12/2015 07:45,7.808,G,,
24/12/2015 08:00,7.81,G,,
24/12/2015 08:15,7.807,G,,
24/12/2015 08:30,7.812,G,,
24/12/2015 08:45,7.807,G,,
24/12/2015 09:00,7.814,G,,
24/12/2015 09:15,7.82,G,,
24/12/2015 09:30,7.81,G,,
24/12/2015 09:45,7.818,G,,
24/12/2015 10:00,7.827,G,,
24/12/2015 10:15,7.837,G,,
24/12/2015 10:30,7.833,G,,
24/12/2015 10:45,7.829,G,,
24/12/2015 11:00,7.826,G,,
24/12/2015 11:15,7.83,G,,
24/12/2015 11:30,7.828,G,,
24/12/2015 11:45,7.835,G,,
24/12/2015 12:00,7.84,G,,
24/12/2015 12:15,7.834,G,,
24/12/2015 12:30,7.835,G,,
24/12/2015 12:45,7.835,G,,
24/12/2015 13:00,7.832,G,,
24/12/2015 13:15,7.83,G,,
24/12/2015 13:30,7.837,G,,
24/12/2015 13:45,7.839,G,,
24/12/2015 14:00,7.847,G,,
24/12/2015 14:15,7.844,G,,
24/12/2015 14:30,7.838,G,,
24/12/2015 14:45,7.847,G,,
24/12/2015 15:00,7.847,G,,
24/12/2015 15:15,7.85,G,,
24/12/2015 15:30,7.857,G,,
24/12/2015 15:45,7.841,G,,
24/12/2015 16:00,7.844,G,,
24/12/2015 16:15,7.851,G,,
24/12/2015 16:30,7.852,G,,
24/12/2015 16:45,7.848,G,,
24/12/2015 17:00,7.844,G,,
24/12/2015 17:15,7.846,G,,
24/12/2015 17:30,7.847,G,,
24/12/2015 17:45,7.845,G,,
24/12/2015 18:00,7.848,G,,
24/12/2015 18:15,7.845,G,,
24/12/2015 18:30,7.852,G,,
24/12/2015 18:45,7.855,G,,
24/12/2015 19:00,7.846,G,,
24/12/2015 19:15,7.85,G,,
24/12/2015 19:30,7.844,G,,
24/12/2015 19:45,7.854,G,,
24/12/2015 20:00,7.85,G,,
24/12/2015 20:15,7.85,G,,
24/12/2015 20:30,7.853,G,,
24/12/2015 20:45,7.855,G,,
24/12/2015 21:00,7.854,G,,
24/12/2015 21:15,7.854,G,,
24/12/2015 21:30,7.856,G,,
24/12/2015 21:45,7.86,G,,
24/12/2015 22:00,7.859,G,,
24/12/2015 22:15,7.857,G,,
24/12/2015 22:30,7.861,G,,
24/12/2015 22:45,7.865,G,,
24/12/2015 23:00,7.856,G,,
24/12/2015 23:15,7.858,G,,
24/12/2015 23:30,7.858,G,,
24/12/2015 23:45,7.862,G,,
25/12/2015 00:00,7.858,G,,
25/12/2015 00:15,7.862,G,,
25/12/2015 00:30,7.861,G,,
25/12/2015 00:45,7.863,G,,
25/12/2015 01:00,7.863,G,,
25/12/2015 01:15,7.863,G,,
25/12/2015 01:30,7.867,G,,
25/12/2015 01:45,7.865,G,,
25/12/2015 02:00,7.86,G,,
25/12/2015 02:15,7.867,G,,
25/12/2015 02:30,7.864,G,,
25/12/2015 02:45,7.867,G,,
25/12/2015 03:00,7.872,G,,
25/12/2015 03:15,7.87,G,,
25/12/2015 03:30,7.871,G,,
25/12/2015 03:45,7.868,G,,
25/12/2015 04:00,7.872,G,,
25/12/2015 04:15,7.872,G,,
25/12/2015 04:30,7.871,G,,
25/12/2015 04:45,7.868,G,,
25/12/2015 05:00,7.868,G,,
25/12/2015 05:15,7.87,G,,
25/12/2015 05:30,7.873,G,,
25/12/2015 05:45,7.874,G,,
25/12/2015 06:00,7.869,G,,
25/12/2015 06:15,7.872,G,,
25/12/2015 06:30,7.875,G,,
25/12/2015 06:45,7.872,G,,
25/12/2015 07:00,7.876,G,,
25/12/2015 07:15,7.876,G,,
25/12/2015 07:30,7.874,G,,
25/12/2015 07:45,7.877,G,,
25/12/2015 08:00,7.877,G,,
25/12/2015 08:15,7.876,G,,
25/12/2015 08:30,7.879,G,,
25/12/2015 08:45,7.878,G,,
25/12/2015 09:00,7.876,G,,
25/12/2015 09:15,7.881,G,,
25/12/2015 09:30,7.879,G,,
25/12/2015 09:45,7.88,G,,
25/12/2015 10:00,7.882,G,,
25/12/2015 10:15,7.881,G,,
25/12/2015 10:30,7.882,G,,
25/12/2015 10:45,7.88,G,,
25/12/2015 11:00,7.883,G,,
25/12/2015 11:15,7.881,G,,
25/12/2015 11:30,7.883,G,,
25/12/2015 11:45,7.886,G,,
25/12/2015 12:00,7.886,G,,
25/12/2015 12:15,7.887,G,,
25/12/2015 12:30,7.887,G,,
25/12/2015 12:45,7.887,G,,
25/12/2015 13:00,7.886,G,,
25/12/2015 13:15,7.89,G,,
25/12/2015 13:30,7.888,G,,
25/12/2015 13:45,7.892,G,,
25/12/2015 14:00,7.889,G,,
25/12/2015 14:15,7.89,G,,
25/12/2015 14:30,7.892,G,,
25/12/2015 14:45,7.895,G,,
25/12/2015 15:00,7.896,G,,
25/12/2015 15:15,7.898,G,,
25/12/2015 15:30,7.893,G,,
25/12/2015 15:45,7.9,G,,
25/12/2015 16:00,7.902,G,,
25/12/2015 16:15,7.903,G,,
25/12/2015 16:30,7.902,G,,
25/12/2015 16:45,7.906,G,,
25/12/2015 17:00,7.908,G,,
25/12/2015 17:15,7.908,G,,
25/12/2015 17:30,7.909,G,,
25/12/2015 17:45,7.91,G,,
25/12/2015 18:00,7.912,G,,
25/12/2015 18:15,7.909,G,,
25/12/2015 18:30,7.914,G,,
25/12/2015 18:45,7.915,G,,
25/12/2015 19:00,7.915,G,,
25/12/2015 19:15,7.918,G,,
25/12/2015 19:30,7.92,G,,
25/12/2015 19:45,7.924,G,,
25/12/2015 20:00,7.927,G,,
25/12/2015 20:15,7.925,G,,
25/12/2015 20:30,7.925,G,,
25/12/2015 20:45,7.929,G,,
25/12/2015 21:00,7.93,G,,
25/12/2015 21:15,7.932,G,,
25/12/2015 21:30,7.933,G,,
25/12/2015 21:45,7.933,G,,
25/12/2015 22:00,7.935,G,,
25/12/2015 22:15,7.934,G,,
25/12/2015 22:30,7.936,G,,
25/12/2015 22:45,7.938,G,,
25/12/2015 23:00,7.94,G,,
25/12/2015 23:15,7.94,G,,
25/12/2015 23:30,7.942,G,,
25/12/2015 23:45,7.941,G,,
26/12/2015 00:00,7.944,G,,
26/12/2015 00:15,7.942,G,,
26/12/2015 00:30,7.946,G,,
26/12/2015 00:45,7.945,G,,
26/12/2015 01:00,7.946,G,,
26/12/2015 01:15,7.946,G,,
26/12/2015 01:30,7.947,G,,
26/12/2015 01:45,7.949,G,,
26/12/2015 02:00,7.95,G,,
26/12/2015 02:15,7.949,G,,
26/12/2015 02:30,7.953,G,,
26/12/2015 02:45,7.952,G,,
26/12/2015 03:00,7.953,G,,
26/12/2015 03:15,7.956,G,,
26/12/2015 03:30,7.954,G,,
26/12/2015 03:45,7.954,G,,
26/12/2015 04:00,7.957,G,,
26/12/2015 04:15,7.958,G,,
26/12/2015 04:30,7.962,G,,
26/12/2015 04:45,7.964,G,,
26/12/2015 05:00,7.963,G,,
26/12/2015 05:15,7.965,G,,
26/12/2015 05:30,7.968,G,,
26/12/2015 05:45,7.969,G,,
26/12/2015 06:00,7.967,G,,
26/12/2015 06:15,7.972,G,,
26/12/2015 06:30,7.971,G,,
26/12/2015 06:45,7.973,G,,
26/12/2015 07:00,7.975,G,,
26/12/2015 07:15,7.976,G,,
26/12/2015 07:30,7.977,G,,
26/12/2015 07:45,7.978,G,,
26/12/2015 08:00,7.989,G,,
26/12/2015 08:15,7.987,G,,
26/12/2015 08:30,7.988,G,,
26/12/2015 08:45,7.99,G,,
26/12/2015 09:00,7.99,G,,
26/12/2015 09:15,7.996,G,,
26/12/2015 09:30,8,G,,
26/12/2015 09:45,8,G,,
26/12/2015 10:00,7.998,G,,
26/12/2015 10:15,8.004,G,,
26/12/2015 10:30,8.003,G,,
26/12/2015 10:45,8.006,G,,
26/12/2015 11:00,8.005,G,,
26/12/2015 11:15,8.007,G,,
26/12/2015 11:30,8.015,G,,
26/12/2015 11:45,8.02,G,,
26/12/2015 12:00,8.02,G,,
26/12/2015 12:15,8.026,G,,
26/12/2015 12:30,8.026,G,,
26/12/2015 12:45,8.029,G,,
26/12/2015 13:00,8.034,G,,
26/12/2015 13:15,8.041,G,,
26/12/2015 13:30,8.035,G,,
26/12/2015 13:45,8.034,G,,
26/12/2015 14:00,8.039,G,,
26/12/2015 14:15,8.039,G,,
26/12/2015 14:30,8.042,G,,
26/12/2015 14:45,8.043,G,,
26/12/2015 15:00,8.045,G,,
26/12/2015 15:15,8.042,G,,
26/12/2015 15:30,8.038,G,,
26/12/2015 15:45,8.044,G,,
26/12/2015 16:00,8.041,G,,
26/12/2015 16:15,8.056,G,,
26/12/2015 16:30,8.046,G,,
26/12/2015 16:45,8.053,G,,
26/12/2015 17:00,8.048,G,,
26/12/2015 17:15,8.049,G,,
26/12/2015 17:30,8.053,G,,
26/12/2015 17:45,8.056,G,,
26/12/2015 18:00,8.064,G,,
26/12/2015 18:15,8.055,G,,
26/12/2015 18:30,8.067,G,,
26/12/2015 18:45,8.059,G,,
26/12/2015 19:00,8.06,G,,
26/12/2015 19:15,8.065,G,,
26/12/2015 19:30,8.065,G,,
26/12/2015 19:45,8.05,G,,
26/12/2015 20:00,8.073,G,,
26/12/2015 20:15,8.063,G,,
26/12/2015 20:30,8.074,G,,
26/12/2015 20:45,8.074,G,,
26/12/2015 21:00,8.078,G,,
26/12/2015 21:15,8.073,G,,
26/12/2015 21:30,8.076,G,,
26/12/2015 21:45,8.088,G,,
26/12/2015 22:00,8.088,G,,
26/12/2015 22:15,8.088,G,,
26/12/2015 22:30,8.086,G,,
26/12/2015 22:45,8.089,G,,
26/12/2015 23:00,8.089,G,,
26/12/2015 23:15,8.096,G,,
26/12/2015 23:30,8.11,G,,
26/12/2015 23:45,8.123,G,,
27/12/2015 00:00,8.136,G,,
27/12/2015 00:15,8.175,G,,
27/12/2015 00:30,8.229,G,,
27/12/2015 00:45,8.319,G,,
27/12/2015 01:00,8.422,G,,
27/12/2015 01:15,8.543,G,,
27/12/2015 01:30,8.675,G,,
27/12/2015 01:45,8.825,G,,
27/12/2015 02:00,8.973,G,,
27/12/2015 02:15,9.126,G,,
27/12/2015 02:30,9.281,G,,
27/12/2015 02:45,9.434,G,,
27/12/2015 03:00,9.581,G,,
27/12/2015 03:15,9.734,G,,
27/12/2015 03:30,9.887,G,,
27/12/2015 03:45,10.039,G,,
27/12/2015 04:00,10.193,G,,
27/12/2015 04:15,10.347,G,,
27/12/2015 04:30,10.469,G,,
27/12/2015 04:45,10.542,G,,
27/12/2015 05:00,10.579,G,,
27/12/2015 05:15,10.605,G,,
27/12/2015 05:30,10.627,G,,
27/12/2015 05:45,10.647,G,,
27/12/2015 06:00,10.663,G,,
27/12/2015 06:15,10.68,G,,
27/12/2015 06:30,10.694,G,,
27/12/2015 06:45,10.707,G,,
27/12/2015 07:00,10.718,G,,
27/12/2015 07:15,10.729,G,,
27/12/2015 07:30,10.738,G,,
27/12/2015 07:45,10.746,G,,
27/12/2015 08:00,10.753,G,,
27/12/2015 08:15,10.761,G,,
27/12/2015 08:30,10.767,G,,
27/12/2015 08:45,10.772,G,,
27/12/2015 09:00,10.777,G,,
27/12/2015 09:15,10.782,G,,
27/12/2015 09:30,10.788,G,,
27/12/2015 09:45,10.789,G,,
27/12/2015 10:00,10.793,G,,
27/12/2015 10:15,10.797,G,,
27/12/2015 10:30,10.8,G,,
27/12/2015 10:45,10.804,G,,
27/12/2015 11:00,10.807,G,,
27/12/2015 11:15,10.81,G,,
27/12/2015 11:30,10.814,G,,
27/12/2015 11:45,10.819,G,,
27/12/2015 12:00,10.823,G,,
27/12/2015 12:15,10.826,G,,
27/12/2015 12:30,10.83,G,,
27/12/2015 12:45,10.836,G,,
27/12/2015 13:00,10.839,G,,
27/12/2015 13:15,10.843,G,,
27/12/2015 13:30,10.847,G,,
27/12/2015 13:45,10.85,G,,
27/12/2015 14:00,10.853,G,,
27/12/2015 14:15,10.856,G,,
27/12/2015 14:30,10.861,G,,
27/12/2015 14:45,10.863,G,,
27/12/2015 15:00,10.866,G,,
27/12/2015 15:15,10.868,G,,
27/12/2015 15:30,10.871,G,,
27/12/2015 15:45,10.873,G,,
27/12/2015 16:00,10.877,G,,
27/12/2015 16:15,10.879,G,,
27/12/2015 16:30,10.882,G,,
27/12/2015 16:45,10.885,G,,
27/12/2015 17:00,10.887,G,,
27/12/2015 17:15,10.889,G,,
27/12/2015 17:30,10.893,G,,
27/12/2015 17:45,10.895,G,,
27/12/2015 18:00,10.899,G,,
27/12/2015 18:15,10.901,G,,
27/12/2015 18:30,10.903,G,,
27/12/2015 18:45,10.907,G,,
27/12/2015 19:00,10.91,G,,
27/12/2015 19:15,10.912,G,,
27/12/2015 19:30,10.913,G,,
27/12/2015 19:45,10.916,G,,
27/12/2015 20:00,10.919,G,,
27/12/2015 20:15,10.921,G,,
27/12/2015 20:30,10.924,G,,
27/12/2015 20:45,10.925,G,,
27/12/2015 21:00,10.931,G,,
27/12/2015 21:15,10.932,G,,
27/12/2015 21:30,10.934,G,,
27/12/2015 21:45,10.935,G,,
27/12/2015 22:00,10.938,G,,
27/12/2015 22:15,10.94,G,,
27/12/2015 22:30,10.941,G,,
27/12/2015 22:45,10.943,G,,
27/12/2015 23:00,10.944,G,,
27/12/2015 23:15,10.945,G,,
27/12/2015 23:30,10.945,G,,
27/12/2015 23:45,10.947,G,,
28/12/2015 00:00,10.948,G,,
28/12/2015 00:15,10.948,G,,
28/12/2015 00:30,10.948,G,,
28/12/2015 00:45,10.948,G,,
28/12/2015 01:00,10.947,G,,
28/12/2015 01:15,10.947,G,,
28/12/2015 01:30,10.947,G,,
28/12/2015 01:45,10.946,G,,
28/12/2015 02:00,10.945,G,,
28/12/2015 02:15,10.945,G,,
28/12/2015 02:30,10.941,G,,
28/12/2015 02:45,10.94,G,,
28/12/2015 03:00,10.939,G,,
28/12/2015 03:15,10.938,G,,
28/12/2015 03:30,10.936,G,,
28/12/2015 03:45,10.934,G,,
28/12/2015 04:00,10.932,G,,
28/12/2015 04:15,10.929,G,,
28/12/2015 04:30,10.926,G,,
28/12/2015 04:45,10.925,G,,
28/12/2015 05:00,10.922,G,,
28/12/2015 05:15,10.921,G,,
28/12/2015 05:30,10.917,G,,
28/12/2015 05:45,10.915,G,,
28/12/2015 06:00,10.913,G,,
28/12/2015 06:15,10.912,G,,
28/12/2015 06:30,10.908,G,,
28/12/2015 06:45,10.906,G,,
28/12/2015 07:00,10.9,G,,
28/12/2015 07:15,10.901,G,,
28/12/2015 07:30,10.897,G,,
28/12/2015 07:45,10.895,G,,
28/12/2015 08:00,10.892,G,,
28/12/2015 08:15,10.888,G,,
28/12/2015 08:30,10.883,G,,
28/12/2015 08:45,10.881,G,,
28/12/2015 09:00,10.879,G,,
28/12/2015 09:15,10.873,G,,
28/12/2015 09:30,10.868,G,,
28/12/2015 09:45,10.866,G,,
28/12/2015 10:00,10.859,G,,
28/12/2015 10:15,10.855,G,,
28/12/2015 10:30,10.854,G,,
28/12/2015 10:45,10.848,G,,
28/12/2015 11:00,10.845,G,,
28/12/2015 11:15,10.841,G,,
28/12/2015 11:30,10.838,G,,
28/12/2015 11:45,10.833,G,,
28/12/2015 12:00,10.83,G,,
28/12/2015 12:15,10.825,G,,
28/12/2015 12:30,10.823,G,,
28/12/2015 12:45,10.817,G,,
28/12/2015 13:00,10.815,G,,
28/12/2015 13:15,10.809,G,,
28/12/2015 13:30,10.806,G,,
28/12/2015 13:45,10.802,G,,
28/12/2015 14:00,10.797,G,,
28/12/2015 14:15,10.791,G,,
28/12/2015 14:30,10.788,G,,
28/12/2015 14:45,10.785,G,,
28/12/2015 15:00,10.776,G,,
28/12/2015 15:15,10.776,G,,
28/12/2015 15:30,10.769,G,,
28/12/2015 15:45,10.766,G,,
28/12/2015 16:00,10.761,G,,
28/12/2015 16:15,10.755,G,,
28/12/2015 16:30,10.749,G,,
28/12/2015 16:45,10.744,G,,
28/12/2015 17:00,10.741,G,,
28/12/2015 17:15,10.734,G,,
28/12/2015 17:30,10.731,G,,
28/12/2015 17:45,10.725,G,,
28/12/2015 18:00,10.718,G,,
28/12/2015 18:15,10.713,G,,
28/12/2015 18:30,10.708,G,,
28/12/2015 18:45,10.705,G,,
28/12/2015 19:00,10.701,G,,
28/12/2015 19:15,10.694,G,,
28/12/2015 19:30,10.686,G,,
28/12/2015 19:45,10.681,G,,
28/12/2015 20:00,10.675,G,,
28/12/2015 20:15,10.673,G,,
28/12/2015 20:30,10.669,G,,
28/12/2015 20:45,10.663,G,,
28/12/2015 21:00,10.658,G,,
28/12/2015 21:15,10.652,G,,
28/12/2015 21:30,10.645,G,,
28/12/2015 21:45,10.641,G,,
28/12/2015 22:00,10.636,G,,
28/12/2015 22:15,10.629,G,,
28/12/2015 22:30,10.625,G,,
28/12/2015 22:45,10.618,G,,
28/12/2015 23:00,10.617,G,,
28/12/2015 23:15,10.611,G,,
28/12/2015 23:30,10.606,G,,
28/12/2015 23:45,10.603,G,,
29/12/2015 00:00,10.597,G,,
29/12/2015 00:15,10.592,G,,
29/12/2015 00:30,10.588,G,,
29/12/2015 00:45,10.583,G,,
29/12/2015 01:00,10.58,G,,
29/12/2015 01:15,10.575,G,,
29/12/2015 01:30,10.574,G,,
29/12/2015 01:45,10.567,G,,
29/12/2015 02:00,10.565,G,,
29/12/2015 02:15,10.559,G,,
29/12/2015 02:30,10.553,G,,
29/12/2015 02:45,10.55,G,,
29/12/2015 03:00,10.547,G,,
29/12/2015 03:15,10.542,G,,
29/12/2015 03:30,10.534,G,,
29/12/2015 03:45,10.53,G,,
29/12/2015 04:00,10.527,G,,
29/12/2015 04:15,10.522,G,,
29/12/2015 04:30,10.515,G,,
29/12/2015 04:45,10.512,G,,
29/12/2015 05:00,10.505,G,,
29/12/2015 05:15,10.499,G,,
29/12/2015 05:30,10.494,G,,
29/12/2015 05:45,10.488,G,,
29/12/2015 06:00,10.483,G,,
29/12/2015 06:15,10.478,G,,
29/12/2015 06:30,10.471,G,,
29/12/2015 06:45,10.465,G,,
29/12/2015 07:00,10.46,G,,
29/12/2015 07:15,10.454,G,,
29/12/2015 07:30,10.448,G,,
29/12/2015 07:45,10.443,G,,
29/12/2015 08:00,10.438,G,,
29/12/2015 08:15,10.432,G,,
29/12/2015 08:30,10.428,G,,
29/12/2015 08:45,10.421,G,,
29/12/2015 09:00,10.417,G,,
29/12/2015 09:15,10.411,G,,
29/12/2015 09:30,10.405,G,,
29/12/2015 09:45,10.398,G,,
29/12/2015 10:00,10.394,G,,
29/12/2015 10:15,10.387,G,,
29/12/2015 10:30,10.382,G,,
29/12/2015 10:45,10.379,G,,
29/12/2015 11:00,10.373,G,,
29/12/2015 11:15,10.367,G,,
29/12/2015 11:30,10.363,G,,
29/12/2015 11:45,10.36,G,,
29/12/2015 12:00,10.356,G,,
29/12/2015 12:15,10.351,G,,
29/12/2015 12:30,10.349,G,,
29/12/2015 12:45,10.344,G,,
29/12/2015 13:00,10.338,G,,
29/12/2015 13:15,10.338,G,,
29/12/2015 13:30,10.334,G,,
29/12/2015 13:45,10.331,G,,
29/12/2015 14:00,10.331,G,,
29/12/2015 14:15,10.326,G,,
29/12/2015 14:30,10.326,G,,
29/12/2015 14:45,10.321,G,,
29/12/2015 15:00,10.32,G,,
29/12/2015 15:15,10.318,G,,
29/12/2015 15:30,10.319,G,,
29/12/2015 15:45,10.315,G,,
29/12/2015 16:00,10.314,G,,
29/12/2015 16:15,10.315,G,,
29/12/2015 16:30,10.312,G,,
29/12/2015 16:45,10.311,G,,
29/12/2015 17:00,10.306,G,,
29/12/2015 17:15,10.31,G,,
29/12/2015 17:30,10.306,G,,
29/12/2015 17:45,10.306,G,,
29/12/2015 18:00,10.303,G,,
29/12/2015 18:15,10.305,G,,
29/12/2015 18:30,10.3,G,,
29/12/2015 18:45,10.297,G,,
29/12/2015 19:00,10.299,G,,
29/12/2015 19:15,10.299,G,,
29/12/2015 19:30,10.298,G,,
29/12/2015 19:45,10.293,G,,
29/12/2015 20:00,10.294,G,,
29/12/2015 20:15,10.293,G,,
29/12/2015 20:30,10.293,G,,
29/12/2015 20:45,10.293,G,,
29/12/2015 21:00,10.293,G,,
29/12/2015 21:15,10.289,G,,
29/12/2015 21:30,10.288,G,,
29/12/2015 21:45,10.286,G,,
29/12/2015 22:00,10.288,G,,
29/12/2015 22:15,10.289,G,,
29/12/2015 22:30,10.289,G,,
29/12/2015 22:45,10.282,G,,
29/12/2015 23:00,10.286,G,,
29/12/2015 23:15,10.287,G,,
29/12/2015 23:30,10.284,G,,
29/12/2015 23:45,10.282,G,,
30/12/2015 00:00,10.289,G,,
30/12/2015 00:15,10.281,G,,
30/12/2015 00:30,10.281,G,,
30/12/2015 00:45,10.281,G,,
30/12/2015 01:00,10.282,G,,
30/12/2015 01:15,10.285,G,,
30/12/2015 01:30,10.282,G,,
30/12/2015 01:45,10.286,G,,
30/12/2015 02:00,10.289,G,,
30/12/2015 02:15,10.28,G,,
30/12/2015 02:30,10.286,G,,
30/12/2015 02:45,10.285,G,,
30/12/2015 03:00,10.282,G,,
30/12/2015 03:15,10.279,G,,
30/12/2015 03:30,10.286,G,,
30/12/2015 03:45,10.284,G,,
30/12/2015 04:00,10.288,G,,
30/12/2015 04:15,10.29,G,,
30/12/2015 04:30,10.284,G,,
30/12/2015 04:45,10.29,G,,
30/12/2015 05:00,10.286,G,,
30/12/2015 05:15,10.286,G,,
30/12/2015 05:30,10.281,G,,
30/12/2015 05:45,10.284,G,,
30/12/2015 06:00,10.287,G,,
30/12/2015 06:15,10.281,G,,
30/12/2015 06:30,10.287,G,,
30/12/2015 06:45,10.285,G,,
30/12/2015 07:00,10.283,G,,
30/12/2015 07:15,10.284,G,,
30/12/2015 07:30,10.288,G,,
30/12/2015 07:45,10.284,G,,
30/12/2015 08:00,10.279,G,,
30/12/2015 08:15,10.288,G,,
30/12/2015 08:30,10.28,G,,
30/12/2015 08:45,10.277,G,,
30/12/2015 09:00,10.286,G,,
30/12/2015 09:15,10.288,G,,
30/12/2015 09:30,10.284,G,,
30/12/2015 09:45,10.278,G,,
30/12/2015 10:00,10.28,G,,
30/12/2015 10:15,10.274,G,,
30/12/2015 10:30,10.27,G,,
30/12/2015 10:45,10.27,G,,
30/12/2015 11:00,10.279,G,,
30/12/2015 11:15,10.27,G,,
30/12/2015 11:30,10.271,G,,
30/12/2015 11:45,10.276,G,,
30/12/2015 12:00,10.268,G,,
30/12/2015 12:15,10.268,G,,
30/12/2015 12:30,10.282,G,,
30/12/2015 12:45,10.272,G,,
30/12/2015 13:00,10.275,G,,
30/12/2015 13:15,10.28,G,,
30/12/2015 13:30,10.277,G,,
30/12/2015 13:45,10.273,G,,
30/12/2015 14:00,10.288,G,,
30/12/2015 14:15,10.278,G,,
30/12/2015 14:30,10.286,G,,
30/12/2015 14:45,10.28,G,,
30/12/2015 15:00,10.277,G,,
30/12/2015 15:15,10.279,G,,
30/12/2015 15:30,10.272,G,,
30/12/2015 15:45,10.27,G,,
30/12/2015 16:00,10.265,G,,
30/12/2015 16:15,10.261,G,,
30/12/2015 16:30,10.254,G,,
30/12/2015 16:45,10.246,G,,
30/12/2015 17:00,10.247,G,,
30/12/2015 17:15,10.239,G,,
30/12/2015 17:30,10.233,G,,
30/12/2015 17:45,10.23,G,,
30/12/2015 18:00,10.224,G,,
30/12/2015 18:15,10.219,G,,
30/12/2015 18:30,10.212,G,,
30/12/2015 18:45,10.211,G,,
30/12/2015 19:00,10.205,G,,
30/12/2015 19:15,10.2,G,,
30/12/2015 19:30,10.196,G,,
30/12/2015 19:45,10.191,G,,
30/12/2015 20:00,10.185,G,,
30/12/2015 20:15,10.182,G,,
30/12/2015 20:30,10.176,G,,
30/12/2015 20:45,10.171,G,,
30/12/2015 21:00,10.165,G,,
30/12/2015 21:15,10.16,G,,
30/12/2015 21:30,10.157,G,,
30/12/2015 21:45,10.15,G,,
30/12/2015 22:00,10.146,G,,
30/12/2015 22:15,10.141,G,,
30/12/2015 22:30,10.136,G,,
30/12/2015 22:45,10.128,G,,
30/12/2015 23:00,10.127,G,,
30/12/2015 23:15,10.122,G,,
30/12/2015 23:30,10.114,G,,
30/12/2015 23:45,10.109,G,,
31/12/2015 00:00,10.108,G,,
31/12/2015 00:15,10.101,G,,
31/12/2015 00:30,10.096,G,,
31/12/2015 00:45,10.091,G,,
31/12/2015 01:00,10.087,G,,
31/12/2015 01:15,10.077,G,,
31/12/2015 01:30,10.074,G,,
31/12/2015 01:45,10.069,G,,
31/12/2015 02:00,10.064,G,,
31/12/2015 02:15,10.059,G,,
31/12/2015 02:30,10.055,G,,
31/12/2015 02:45,10.048,G,,
31/12/2015 03:00,10.041,G,,
31/12/2015 03:15,10.037,G,,
31/12/2015 03:30,10.032,G,,
31/12/2015 03:45,10.026,G,,
31/12/2015 04:00,10.018,G,,
31/12/2015 04:15,10.016,G,,
31/12/2015 04:30,10.007,G,,
31/12/2015 04:45,10.003,G,,
31/12/2015 05:00,9.998,G,,
31/12/2015 05:15,9.992,G,,
31/12/2015 05:30,9.986,G,,
31/12/2015 05:45,9.981,G,,
31/12/2015 06:00,9.976,G,,
31/12/2015 06:15,9.97,G,,
31/12/2015 06:30,9.966,G,,
31/12/2015 06:45,9.958,G,,
31/12/2015 07:00,9.955,G,,
31/12/2015 07:15,9.948,G,,
31/12/2015 07:30,9.944,G,,
31/12/2015 07:45,9.94,G,,
31/12/2015 08:00,9.933,G,,
31/12/2015 08:15,9.927,G,,
31/12/2015 08:30,9.924,G,,
31/12/2015 08:45,9.916,G,,
31/12/2015 09:00,9.913,G,,
31/12/2015 09:15,9.907,G,,
31/12/2015 09:30,9.9,G,,
31/12/2015 09:45,9.897,G,,
31/12/2015 10:00,9.887,G,,
31/12/2015 10:15,9.895,G,,
31/12/2015 10:30,9.881,G,,
31/12/2015 10:45,9.874,G,,
31/12/2015 11:00,9.869,G,,
31/12/2015 11:15,9.865,G,,
31/12/2015 11:30,9.861,G,,
31/12/2015 11:45,9.849,G,,
31/12/2015 12:00,9.851,G,,
31/12/2015 12:15,9.846,G,,
31/12/2015 12:30,9.838,G,,
31/12/2015 12:45,9.841,G,,
31/12/2015 13:00,9.834,G,,
31/12/2015 13:15,9.827,G,,
31/12/2015 13:30,9.823,G,,
31/12/2015 13:45,9.813,G,,
31/12/2015 14:00,9.817,G,,
31/12/2015 14:15,9.812,G,,
31/12/2015 14:30,9.805,G,,
31/12/2015 14:45,9.797,G,,
31/12/2015 15:00,9.795,G,,
31/12/2015 15:15,9.789,G,,
31/12/2015 15:30,9.784,G,,
31/12/2015 15:45,9.78,G,,
31/12/2015 16:00,9.773,G,,
31/12/2015 16:15,9.774,G,,
31/12/2015 16:30,9.766,G,,
31/12/2015 16:45,9.762,G,,
31/12/2015 17:00,9.755,G,,
31/12/2015 17:15,9.758,G,,
31/12/2015 17:30,9.749,G,,
31/12/2015 17:45,9.744,G,,
31/12/2015 18:00,9.74,G,,
31/12/2015 18:15,9.736,G,,
31/12/2015 18:30,9.732,G,,
31/12/2015 18:45,9.725,G,,
31/12/2015 19:00,9.721,G,,
31/12/2015 19:15,9.716,G,,
31/12/2015 19:30,9.709,G,,
31/12/2015 19:45,9.706,G,,
31/12/2015 20:00,9.701,G,,
31/12/2015 20:15,9.696,G,,
31/12/2015 20:30,9.692,G,,
31/12/2015 20:45,9.687,G,,
31/12/2015 21:00,9.683,G,,
31/12/2015 21:15,9.678,G,,
31/12/2015 21:30,9.672,G,,
31/12/2015 21:45,9.666,G,,
31/12/2015 22:00,9.666,G,,
31/12/2015 22:15,9.656,G,,
31/12/2015 22:30,9.654,G,,
31/12/2015 22:45,9.648,G,,
31/12/2015 23:00,9.642,G,,
31/12/2015 23:15,9.638,G,,
31/12/2015 23:30,9.633,G,,
31/12/2015 23:45,9.628,G,,
01/01/2016 00:00,9.623,G,,
01/01/2016 00:15,9.618,G,,
01/01/2016 00:30,9.613,G,,
01/01/2016 00:45,9.608,G,,
01/01/2016 01:00,9.605,G,,
01/01/2016 01:15,9.595,G,,
01/01/2016 01:30,9.593,G,,
01/01/2016 01:45,9.588,G,,
01/01/2016 02:00,9.583,G,,
01/01/2016 02:15,9.582,G,,
01/01/2016 02:30,9.573,G,,
01/01/2016 02:45,9.569,G,,
01/01/2016 03:00,9.565,G,,
01/01/2016 03:15,9.561,G,,
01/01/2016 03:30,9.555,G,,
01/01/2016 03:45,9.552,G,,
01/01/2016 04:00,9.547,G,,
01/01/2016 04:15,9.541,G,,
01/01/2016 04:30,9.537,G,,
01/01/2016 04:45,9.531,G,,
01/01/2016 05:00,9.527,G,,
01/01/2016 05:15,9.523,G,,
01/01/2016 05:30,9.518,G,,
01/01/2016 05:45,9.513,G,,
01/01/2016 06:00,9.509,G,,
01/01/2016 06:15,9.503,G,,
01/01/2016 06:30,9.498,G,,
01/01/2016 06:45,9.495,G,,
01/01/2016 07:00,9.487,G,,
01/01/2016 07:15,9.484,G,,
01/01/2016 07:30,9.479,G,,
01/01/2016 07:45,9.474,G,,
01/01/2016 08:00,9.471,G,,
01/01/2016 08:15,9.466,G,,
01/01/2016 08:30,9.461,G,,
01/01/2016 08:45,9.456,G,,
01/01/2016 09:00,9.451,G,,
01/01/2016 09:15,9.446,G,,
01/01/2016 09:30,9.441,G,,
01/01/2016 09:45,9.438,G,,
01/01/2016 10:00,9.433,G,,
01/01/2016 10:15,9.427,G,,
01/01/2016 10:30,9.425,G,,
01/01/2016 10:45,9.419,G,,
01/01/2016 11:00,9.415,G,,
01/01/2016 11:15,9.411,G,,
01/01/2016 11:30,9.404,G,,
01/01/2016 11:45,9.402,G,,
01/01/2016 12:00,9.397,G,,
01/01/2016 12:15,9.392,G,,
01/01/2016 12:30,9.388,G,,
01/01/2016 12:45,9.382,G,,
01/01/2016 13:00,9.378,G,,
01/01/2016 13:15,9.374,G,,
01/01/2016 13:30,9.37,G,,
01/01/2016 13:45,9.367,G,,
01/01/2016 14:00,9.361,G,,
01/01/2016 14:15,9.358,G,,
01/01/2016 14:30,9.351,G,,
01/01/2016 14:45,9.348,G,,
01/01/2016 15:00,9.342,G,,
01/01/2016 15:15,9.338,G,,
01/01/2016 15:30,9.335,G,,
01/01/2016 15:45,9.331,G,,
01/01/2016 16:00,9.326,G,,
01/01/2016 16:15,9.322,G,,
01/01/2016 16:30,9.316,G,,
01/01/2016 16:45,9.313,G,,
01/01/2016 17:00,9.307,G,,
01/01/2016 17:15,9.305,G,,
01/01/2016 17:30,9.3,G,,
01/01/2016 17:45,9.297,G,,
01/01/2016 18:00,9.29,G,,
01/01/2016 18:15,9.289,G,,
01/01/2016 18:30,9.281,G,,
01/01/2016 18:45,9.274,G,,
01/01/2016 19:00,9.275,G,,
01/01/2016 19:15,9.268,G,,
01/01/2016 19:30,9.267,G,,
01/01/2016 19:45,9.262,G,,
01/01/2016 20:00,9.257,G,,
01/01/2016 20:15,9.254,G,,
01/01/2016 20:30,9.25,G,,
01/01/2016 20:45,9.242,G,,
01/01/2016 21:00,9.243,G,,
01/01/2016 21:15,9.239,G,,
01/01/2016 21:30,9.234,G,,
01/01/2016 21:45,9.229,G,,
01/01/2016 22:00,9.227,G,,
01/01/2016 22:15,9.222,G,,
01/01/2016 22:30,9.216,G,,
01/01/2016 22:45,9.214,G,,
01/01/2016 23:00,9.213,G,,
01/01/2016 23:15,9.203,G,,
01/01/2016 23:30,9.203,G,,
01/01/2016 23:45,9.196,G,,
02/01/2016 00:00,9.197,G,,
02/01/2016 00:15,9.192,G,,
02/01/2016 00:30,9.189,G,,
02/01/2016 00:45,9.18,G,,
02/01/2016 01:00,9.183,G,,
02/01/2016 01:15,9.169,G,,
02/01/2016 01:30,9.174,G,,
02/01/2016 01:45,9.167,G,,
02/01/2016 02:00,9.16,G,,
02/01/2016 02:15,9.156,G,,
02/01/2016 02:30,9.151,G,,
02/01/2016 02:45,9.15,G,,
02/01/2016 03:00,9.144,G,,
02/01/2016 03:15,9.14,G,,
02/01/2016 03:30,9.138,G,,
02/01/2016 03:45,9.133,G,,
02/01/2016 04:00,9.128,G,,
02/01/2016 04:15,9.124,G,,
02/01/2016 04:30,9.122,G,,
02/01/2016 04:45,9.117,G,,
02/01/2016 05:00,9.112,G,,
02/01/2016 05:15,9.109,G,,
02/01/2016 05:30,9.104,G,,
02/01/2016 05:45,9.1,G,,
02/01/2016 06:00,9.098,G,,
02/01/2016 06:15,9.091,G,,
02/01/2016 06:30,9.088,G,,
02/01/2016 06:45,9.087,G,,
02/01/2016 07:00,9.082,G,,
02/01/2016 07:15,9.076,G,,
02/01/2016 07:30,9.074,G,,
02/01/2016 07:45,9.071,G,,
02/01/2016 08:00,9.067,G,,
02/01/2016 08:15,9.06,G,,
02/01/2016 08:30,9.058,G,,
02/01/2016 08:45,9.057,G,,
02/01/2016 09:00,9.053,G,,
02/01/2016 09:15,9.048,G,,
02/01/2016 09:30,9.045,G,,
02/01/2016 09:45,9.041,G,,
02/01/2016 10:00,9.034,G,,
02/01/2016 10:15,9.033,G,,
02/01/2016 10:30,9.03,G,,
02/01/2016 10:45,9.024,G,,
02/01/2016 11:00,9.022,G,,
02/01/2016 11:15,9.018,G,,
02/01/2016 11:30,9.015,G,,
02/01/2016 11:45,9.009,G,,
02/01/2016 12:00,9.004,G,,
02/01/2016 12:15,9,G,,
02/01/2016 12:30,8.999,G,,
02/01/2016 12:45,8.994,G,,
02/01/2016 13:00,8.992,G,,
02/01/2016 13:15,8.987,G,,
02/01/2016 13:30,8.983,G,,
02/01/2016 13:45,8.979,G,,
02/01/2016 14:00,8.975,G,,
02/01/2016 14:15,8.972,G,,
02/01/2016 14:30,8.968,G,,
02/01/2016 14:45,8.964,G,,
02/01/2016 15:00,8.961,G,,
02/01/2016 15:15,8.955,G,,
02/01/2016 15:30,8.952,G,,
02/01/2016 15:45,8.949,G,,
02/01/2016 16:00,8.945,G,,
02/01/2016 16:15,8.942,G,,
02/01/2016 16:30,8.939,G,,
02/01/2016 16:45,8.937,G,,
02/01/2016 17:00,8.934,G,,
02/01/2016 17:15,8.931,G,,
02/01/2016 17:30,8.927,G,,
02/01/2016 17:45,8.923,G,,
02/01/2016 18:00,8.92,G,,
02/01/2016 18:15,8.916,G,,
02/01/2016 18:30,8.912,G,,
02/01/2016 18:45,8.911,G,,
02/01/2016 19:00,8.908,G,,
02/01/2016 19:15,8.902,G,,
02/01/2016 19:30,8.899,G,,
02/01/2016 19:45,8.895,G,,
02/01/2016 20:00,8.892,G,,
02/01/2016 20:15,8.889,G,,
02/01/2016 20:30,8.885,G,,
02/01/2016 20:45,8.882,G,,
02/01/2016 21:00,8.878,G,,
02/01/2016 21:15,8.876,G,,
02/01/2016 21:30,8.871,G,,
02/01/2016 21:45,8.869,G,,
02/01/2016 22:00,8.865,G,,
02/01/2016 22:15,8.862,G,,
02/01/2016 22:30,8.859,G,,
02/01/2016 22:45,8.857,G,,
02/01/2016 23:00,8.852,G,,
02/01/2016 23:15,8.85,G,,
02/01/2016 23:30,8.845,G,,
02/01/2016 23:45,8.843,G,,
03/01/2016 00:00,8.84,G,,
03/01/2016 00:15,8.837,G,,
03/01/2016 00:30,8.834,G,,
03/01/2016 00:45,8.83,G,,
03/01/2016 01:00,8.827,G,,
03/01/2016 01:15,8.825,G,,
03/01/2016 01:30,8.822,G,,
03/01/2016 01:45,8.818,G,,
03/01/2016 02:00,8.815,G,,
03/01/2016 02:15,8.812,G,,
03/01/2016 02:30,8.809,G,,
03/01/2016 02:45,8.807,G,,
03/01/2016 03:00,8.803,G,,
03/01/2016 03:15,8.801,G,,
03/01/2016 03:30,8.797,G,,
03/01/2016 03:45,8.794,G,,
03/01/2016 04:00,8.792,G,,
03/01/2016 04:15,8.79,G,,
03/01/2016 04:30,8.785,G,,
03/01/2016 04:45,8.783,G,,
03/01/2016 05:00,8.779,G,,
03/01/2016 05:15,8.777,G,,
03/01/2016 05:30,8.774,G,,
03/01/2016 05:45,8.771,G,,
03/01/2016 06:00,8.768,G,,
03/01/2016 06:15,8.766,G,,
03/01/2016 06:30,8.763,G,,
03/01/2016 06:45,8.76,G,,
03/01/2016 07:00,8.758,G,,
03/01/2016 07:15,8.754,G,,
03/01/2016 07:30,8.751,G,,
03/01/2016 07:45,8.749,G,,
03/01/2016 08:00,8.746,G,,
03/01/2016 08:15,8.744,G,,
03/01/2016 08:30,8.741,G,,
03/01/2016 08:45,8.738,G,,
03/01/2016 09:00,8.735,G,,
03/01/2016 09:15,8.731,G,,
03/01/2016 09:30,8.729,G,,
03/01/2016 09:45,8.726,G,,
03/01/2016 10:00,8.724,G,,
03/01/2016 10:15,8.722,G,,
03/01/2016 10:30,8.718,G,,
03/01/2016 10:45,8.716,G,,
03/01/2016 11:00,8.713,G,,
03/01/2016 11:15,8.71,G,,
03/01/2016 11:30,8.708,G,,
03/01/2016 11:45,8.705,G,,
03/01/2016 12:00,8.702,G,,
03/01/2016 12:15,8.7,G,,
03/01/2016 12:30,8.699,G,,
03/01/2016 12:45,8.695,G,,
03/01/2016 13:00,8.695,G,,
03/01/2016 13:15,8.693,G,,
03/01/2016 13:30,8.69,G,,
03/01/2016 13:45,8.688,G,,
03/01/2016 14:00,8.685,G,,
03/01/2016 14:15,8.684,G,,
03/01/2016 14:30,8.683,G,,
03/01/2016 14:45,8.679,G,,
03/01/2016 15:00,8.68,G,,
03/01/2016 15:15,8.679,G,,
03/01/2016 15:30,8.678,G,,
03/01/2016 15:45,8.674,G,,
03/01/2016 16:00,8.674,G,,
03/01/2016 16:15,8.674,G,,
03/01/2016 16:30,8.67,G,,
03/01/2016 16:45,8.67,G,,
03/01/2016 17:00,8.667,G,,
03/01/2016 17:15,8.666,G,,
03/01/2016 17:30,8.663,G,,
03/01/2016 17:45,8.662,G,,
03/01/2016 18:00,8.661,G,,
03/01/2016 18:15,8.661,G,,
03/01/2016 18:30,8.657,G,,
03/01/2016 18:45,8.658,G,,
03/01/2016 19:00,8.656,G,,
03/01/2016 19:15,8.657,G,,
03/01/2016 19:30,8.655,G,,
03/01/2016 19:45,8.654,G,,
03/01/2016 20:00,8.652,G,,
03/01/2016 20:15,8.652,G,,
03/01/2016 20:30,8.651,G,,
03/01/2016 20:45,8.649,G,,
03/01/2016 21:00,8.649,G,,
03/01/2016 21:15,8.648,G,,
03/01/2016 21:30,8.646,G,,
03/01/2016 21:45,8.645,G,,
03/01/2016 22:00,8.645,G,,
03/01/2016 22:15,8.646,G,,
03/01/2016 22:30,8.645,G,,
03/01/2016 22:45,8.646,G,,
03/01/2016 23:00,8.646,G,,
03/01/2016 23:15,8.647,G,,
03/01/2016 23:30,8.645,G,,
03/01/2016 23:45,8.648,G,,
04/01/2016 00:00,8.646,G,,
04/01/2016 00:15,8.646,G,,
04/01/2016 00:30,8.647,G,,
04/01/2016 00:45,8.646,G,,
04/01/2016 01:00,8.648,G,,
04/01/2016 01:15,8.648,G,,
04/01/2016 01:30,8.649,G,,
04/01/2016 01:45,8.648,G,,
04/01/2016 02:00,8.648,G,,
04/01/2016 02:15,8.649,G,,
04/01/2016 02:30,8.649,G,,
04/01/2016 02:45,8.651,G,,
04/01/2016 03:00,8.65,G,,
04/01/2016 03:15,8.65,G,,
04/01/2016 03:30,8.651,G,,
04/01/2016 03:45,8.651,G,,
04/01/2016 04:00,8.651,G,,
04/01/2016 04:15,8.653,G,,
04/01/2016 04:30,8.651,G,,
04/01/2016 04:45,8.653,G,,
04/01/2016 05:00,8.654,G,,
04/01/2016 05:15,8.654,G,,
04/01/2016 05:30,8.655,G,,
04/01/2016 05:45,8.654,G,,
04/01/2016 06:00,8.655,G,,
04/01/2016 06:15,8.655,G,,
04/01/2016 06:30,8.655,G,,
04/01/2016 06:45,8.656,G,,
04/01/2016 07:00,8.655,G,,
04/01/2016 07:15,8.656,G,,
04/01/2016 07:30,8.657,G,,
04/01/2016 07:45,8.657,G,,
04/01/2016 08:00,8.658,G,,
04/01/2016 08:15,8.658,G,,
04/01/2016 08:30,8.658,G,,
04/01/2016 08:45,8.659,G,,
04/01/2016 09:00,8.66,G,,
04/01/2016 09:15,8.661,G,,
04/01/2016 09:30,8.661,G,,
04/01/2016 09:45,8.663,G,,
04/01/2016 10:00,8.664,G,,
04/01/2016 10:15,8.665,G,,
04/01/2016 10:30,8.666,G,,
04/01/2016 10:45,8.668,G,,
04/01/2016 11:00,8.667,G,,
04/01/2016 11:15,8.669,G,,
04/01/2016 11:30,8.67,G,,
04/01/2016 11:45,8.671,G,,
04/01/2016 12:00,8.673,G,,
04/01/2016 12:15,8.673,G,,
04/01/2016 12:30,8.674,G,,
04/01/2016 12:45,8.676,G,,
04/01/2016 13:00,8.677,G,,
04/01/2016 13:15,8.677,G,,
04/01/2016 13:30,8.678,G,,
04/01/2016 13:45,8.68,G,,
04/01/2016 14:00,8.679,G,,
04/01/2016 14:15,8.68,G,,
04/01/2016 14:30,8.681,G,,
04/01/2016 14:45,8.683,G,,
04/01/2016 15:00,8.683,G,,
04/01/2016 15:15,8.684,G,,
04/01/2016 15:30,8.683,G,,
04/01/2016 15:45,8.684,G,,
04/01/2016 16:00,8.685,G,,
04/01/2016 16:15,8.686,G,,
04/01/2016 16:30,8.687,G,,
04/01/2016 16:45,8.686,G,,
04/01/2016 17:00,8.688,G,,
04/01/2016 17:15,8.688,G,,
04/01/2016 17:30,8.687,G,,
04/01/2016 17:45,8.689,G,,
04/01/2016 18:00,8.688,G,,
04/01/2016 18:15,8.691,G,,
04/01/2016 18:30,8.691,G,,
04/01/2016 18:45,8.691,G,,
04/01/2016 19:00,8.692,G,,
04/01/2016 19:15,8.692,G,,
04/01/2016 19:30,8.691,G,,
04/01/2016 19:45,8.692,G,,
04/01/2016 20:00,8.693,G,,
04/01/2016 20:15,8.694,G,,
04/01/2016 20:30,8.696,G,,
04/01/2016 20:45,8.693,G,,
04/01/2016 21:00,8.695,G,,
04/01/2016 21:15,8.696,G,,
04/01/2016 21:30,8.697,G,,
04/01/2016 21:45,8.697,G,,
04/01/2016 22:00,8.698,G,,
04/01/2016 22:15,8.699,G,,
04/01/2016 22:30,8.698,G,,
04/01/2016 22:45,8.699,G,,
04/01/2016 23:00,8.699,G,,
04/01/2016 23:15,8.7,G,,
04/01/2016 23:30,8.7,G,,
04/01/2016 23:45,8.701,G,,
05/01/2016 00:00,8.702,G,,
05/01/2016 00:15,8.701,G,,
05/01/2016 00:30,8.703,G,,
05/01/2016 00:45,8.703,G,,
05/01/2016 01:00,8.703,G,,
05/01/2016 01:15,8.705,G,,
05/01/2016 01:30,8.705,G,,
05/01/2016 01:45,8.707,G,,
05/01/2016 02:00,8.705,G,,
05/01/2016 02:15,8.707,G,,
05/01/2016 02:30,8.706,G,,
05/01/2016 02:45,8.708,G,,
05/01/2016 03:00,8.709,G,,
05/01/2016 03:15,8.709,G,,
05/01/2016 03:30,8.71,G,,
05/01/2016 03:45,8.71,G,,
05/01/2016 04:00,8.711,G,,
05/01/2016 04:15,8.711,G,,
05/01/2016 04:30,8.714,G,,
05/01/2016 04:45,8.712,G,,
05/01/2016 05:00,8.714,G,,
05/01/2016 05:15,8.715,G,,
05/01/2016 05:30,8.714,G,,
05/01/2016 05:45,8.715,G,,
05/01/2016 06:00,8.716,G,,
05/01/2016 06:15,8.716,G,,
05/01/2016 06:30,8.718,G,,
05/01/2016 06:45,8.718,G,,
05/01/2016 07:00,8.719,G,,
05/01/2016 07:15,8.719,G,,
05/01/2016 07:30,8.72,G,,
05/01/2016 07:45,8.72,G,,
05/01/2016 08:00,8.721,G,,
05/01/2016 08:15,8.722,G,,
05/01/2016 08:30,8.723,G,,
05/01/2016 08:45,8.724,G,,
05/01/2016 09:00,8.723,G,,
05/01/2016 09:15,8.724,G,,
05/01/2016 09:30,8.725,G,,
05/01/2016 09:45,8.725,G,,
05/01/2016 10:00,8.725,G,,
05/01/2016 10:15,8.725,G,,
05/01/2016 10:30,8.726,G,,
05/01/2016 10:45,8.727,G,,
05/01/2016 11:00,8.727,G,,
05/01/2016 11:15,8.728,G,,
05/01/2016 11:30,8.728,G,,
05/01/2016 11:45,8.728,G,,
05/01/2016 12:00,8.728,G,,
05/01/2016 12:15,8.729,G,,
05/01/2016 12:30,8.73,G,,
05/01/2016 12:45,8.73,G,,
05/01/2016 13:00,8.732,G,,
05/01/2016 13:15,8.732,G,,
05/01/2016 13:30,8.732,G,,
05/01/2016 13:45,8.732,G,,
05/01/2016 14:00,8.733,G,,
05/01/2016 14:15,8.733,G,,
05/01/2016 14:30,8.733,G,,
05/01/2016 14:45,8.734,G,,
05/01/2016 15:00,8.734,G,,
05/01/2016 15:15,8.735,G,,
05/01/2016 15:30,8.735,G,,
05/01/2016 15:45,8.734,G,,
05/01/2016 16:00,8.736,G,,
05/01/2016 16:15,8.737,G,,
05/01/2016 16:30,8.737,G,,
05/01/2016 16:45,8.736,G,,
05/01/2016 17:00,8.737,G,,
05/01/2016 17:15,8.738,G,,
05/01/2016 17:30,8.738,G,,
05/01/2016 17:45,8.738,G,,
05/01/2016 18:00,8.739,G,,
05/01/2016 18:15,8.739,G,,
05/01/2016 18:30,8.74,G,,
05/01/2016 18:45,8.74,G,,
05/01/2016 19:00,8.74,G,,
05/01/2016 19:15,8.741,G,,
05/01/2016 19:30,8.742,G,,
05/01/2016 19:45,8.741,G,,
05/01/2016 20:00,8.742,G,,
05/01/2016 20:15,8.743,G,,
05/01/2016 20:30,8.743,G,,
05/01/2016 20:45,8.744,G,,
05/01/2016 21:00,8.744,G,,
05/01/2016 21:15,8.745,G,,
05/01/2016 21:30,8.744,G,,
05/01/2016 21:45,8.745,G,,
05/01/2016 22:00,8.745,G,,
05/01/2016 22:15,8.745,G,,
05/01/2016 22:30,8.747,G,,
05/01/2016 22:45,8.747,G,,
05/01/2016 23:00,8.747,G,,
05/01/2016 23:15,8.748,G,,
05/01/2016 23:30,8.747,G,,
05/01/2016 23:45,8.749,G,,
06/01/2016 00:00,8.748,G,,
06/01/2016 00:15,8.749,G,,
06/01/2016 00:30,8.749,G,,
06/01/2016 00:45,8.75,G,,
06/01/2016 01:00,8.75,G,,
06/01/2016 01:15,8.75,G,,
06/01/2016 01:30,8.752,G,,
06/01/2016 01:45,8.751,G,,
06/01/2016 02:00,8.752,G,,
06/01/2016 02:15,8.752,G,,
06/01/2016 02:30,8.752,G,,
06/01/2016 02:45,8.754,G,,
06/01/2016 03:00,8.754,G,,
06/01/2016 03:15,8.755,G,,
06/01/2016 03:30,8.754,G,,
06/01/2016 03:45,8.755,G,,
06/01/2016 04:00,8.756,G,,
06/01/2016 04:15,8.755,G,,
06/01/2016 04:30,8.757,G,,
06/01/2016 04:45,8.757,G,,
06/01/2016 05:00,8.757,G,,
06/01/2016 05:15,8.757,G,,
06/01/2016 05:30,8.758,G,,
06/01/2016 05:45,8.759,G,,
06/01/2016 06:00,8.76,G,,
06/01/2016 06:15,8.76,G,,
06/01/2016 06:30,8.76,G,,
06/01/2016 06:45,8.761,G,,
06/01/2016 07:00,8.761,G,,
06/01/2016 07:15,8.762,G,,
06/01/2016 07:30,8.763,G,,
06/01/2016 07:45,8.762,G,,
06/01/2016 08:00,8.764,G,,
06/01/2016 08:15,8.764,G,,
06/01/2016 08:30,8.763,G,,
06/01/2016 08:45,8.764,G,,
06/01/2016 09:00,8.764,G,,
06/01/2016 09:15,8.766,G,,
06/01/2016 09:30,8.767,G,,
06/01/2016 09:45,8.769,G,,
06/01/2016 10:00,8.767,G,,
06/01/2016 10:15,8.769,G,,
06/01/2016 10:30,8.77,G,,
06/01/2016 10:45,8.771,G,,
06/01/2016 11:00,8.77,G,,
06/01/2016 11:15,8.77,G,,
06/01/2016 11:30,8.771,G,,
06/01/2016 11:45,8.772,G,,
06/01/2016 12:00,8.77,G,,
06/01/2016 12:15,8.772,G,,
06/01/2016 12:30,8.773,G,,
06/01/2016 12:45,8.773,G,,
06/01/2016 13:00,8.772,G,,
06/01/2016 13:15,8.774,G,,
06/01/2016 13:30,8.774,G,,
06/01/2016 13:45,8.775,G,,
06/01/2016 14:00,8.775,G,,
06/01/2016 14:15,8.774,G,,
06/01/2016 14:30,8.776,G,,
06/01/2016 14:45,8.776,G,,
06/01/2016 15:00,8.777,G,,
06/01/2016 15:15,8.777,G,,
06/01/2016 15:30,8.777,G,,
06/01/2016 15:45,8.778,G,,
06/01/2016 16:00,8.778,G,,
06/01/2016 16:15,8.779,G,,
06/01/2016 16:30,8.78,G,,
06/01/2016 16:45,8.78,G,,
06/01/2016 17:00,8.781,G,,
06/01/2016 17:15,8.782,G,,
06/01/2016 17:30,8.781,G,,
06/01/2016 17:45,8.782,G,,
06/01/2016 18:00,8.783,G,,
06/01/2016 18:15,8.782,G,,
06/01/2016 18:30,8.783,G,,
06/01/2016 18:45,8.784,G,,
06/01/2016 19:00,8.785,G,,
06/01/2016 19:15,8.784,G,,
06/01/2016 19:30,8.785,G,,
06/01/2016 19:45,8.786,G,,
06/01/2016 20:00,8.786,G,,
06/01/2016 20:15,8.784,G,,
06/01/2016 20:30,8.787,G,,
06/01/2016 20:45,8.786,G,,
06/01/2016 21:00,8.786,G,,
06/01/2016 21:15,8.787,G,,
06/01/2016 21:30,8.787,G,,
06/01/2016 21:45,8.787,G,,
06/01/2016 22:00,8.788,G,,
06/01/2016 22:15,8.788,G,,
06/01/2016 22:30,8.789,G,,
06/01/2016 22:45,8.789,G,,
06/01/2016 23:00,8.791,G,,
06/01/2016 23:15,8.79,G,,
06/01/2016 23:30,8.791,G,,
06/01/2016 23:45,8.791,G,,
07/01/2016 00:00,8.792,G,,
07/01/2016 00:15,8.793,G,,
07/01/2016 00:30,8.793,G,,
07/01/2016 00:45,8.791,G,,
07/01/2016 01:00,8.793,G,,
07/01/2016 01:15,8.792,G,,
07/01/2016 01:30,8.792,G,,
07/01/2016 01:45,8.792,G,,
07/01/2016 02:00,8.792,G,,
07/01/2016 02:15,8.793,G,,
07/01/2016 02:30,8.794,G,,
07/01/2016 02:45,8.793,G,,
07/01/2016 03:00,8.795,G,,
07/01/2016 03:15,8.796,G,,
07/01/2016 03:30,8.792,G,,
07/01/2016 03:45,8.793,G,,
07/01/2016 04:00,8.795,G,,
07/01/2016 04:15,8.796,G,,
07/01/2016 04:30,8.796,G,,
07/01/2016 04:45,8.796,G,,
07/01/2016 05:00,8.799,G,,
07/01/2016 05:15,8.798,G,,
07/01/2016 05:30,8.802,G,,
07/01/2016 05:45,8.802,G,,
07/01/2016 06:00,8.802,G,,
07/01/2016 06:15,8.799,G,,
07/01/2016 06:30,8.805,G,,
07/01/2016 06:45,8.8,G,,
07/01/2016 07:00,8.809,G,,
07/01/2016 07:15,8.806,G,,
07/01/2016 07:30,8.81,G,,
07/01/2016 07:45,8.805,G,,
07/01/2016 08:00,8.809,G,,
07/01/2016 08:15,8.806,G,,
07/01/2016 08:30,8.81,G,,
07/01/2016 08:45,8.808,G,,
07/01/2016 09:00,8.81,G,,
07/01/2016 09:15,8.812,G,,
07/01/2016 09:30,8.811,G,,
07/01/2016 09:45,8.812,G,,
07/01/2016 10:00,8.812,G,,
07/01/2016 10:15,8.812,G,,
07/01/2016 10:30,8.815,G,,
07/01/2016 10:45,8.813,G,,
07/01/2016 11:00,8.815,G,,
07/01/2016 11:15,8.815,G,,
07/01/2016 11:30,8.815,G,,
07/01/2016 11:45,8.816,G,,
07/01/2016 12:00,8.817,G,,
07/01/2016 12:15,8.818,G,,
07/01/2016 12:30,8.819,G,,
07/01/2016 12:45,8.818,G,,
07/01/2016 13:00,8.824,G,,
07/01/2016 13:15,8.829,G,,
07/01/2016 13:30,8.828,G,,
07/01/2016 13:45,8.834,G,,
07/01/2016 14:00,8.824,G,,
07/01/2016 14:15,8.829,G,,
07/01/2016 14:30,8.836,G,,
07/01/2016 14:45,8.816,G,,
07/01/2016 15:00,8.834,G,,
07/01/2016 15:15,8.839,G,,
07/01/2016 15:30,8.826,G,,
07/01/2016 15:45,8.834,G,,
07/01/2016 16:00,8.84,G,,
07/01/2016 16:15,8.839,G,,
07/01/2016 16:30,8.83,G,,
07/01/2016 16:45,8.836,G,,
07/01/2016 17:00,8.828,G,,
07/01/2016 17:15,8.835,G,,
07/01/2016 17:30,8.842,G,,
07/01/2016 17:45,8.831,G,,
07/01/2016 18:00,8.834,G,,
07/01/2016 18:15,8.832,G,,
07/01/2016 18:30,8.838,G,,
07/01/2016 18:45,8.834,G,,
07/01/2016 19:00,8.836,G,,
07/01/2016 19:15,8.832,G,,
07/01/2016 19:30,8.834,G,,
07/01/2016 19:45,8.834,G,,
07/01/2016 20:00,8.833,G,,
07/01/2016 20:15,8.833,G,,
07/01/2016 20:30,8.832,G,,
07/01/2016 20:45,8.832,G,,
07/01/2016 21:00,8.84,G,,
07/01/2016 21:15,8.842,G,,
07/01/2016 21:30,8.835,G,,
07/01/2016 21:45,8.839,G,,
07/01/2016 22:00,8.834,G,,
07/01/2016 22:15,8.837,G,,
07/01/2016 22:30,8.835,G,,
07/01/2016 22:45,8.838,G,,
07/01/2016 23:00,8.84,G,,
07/01/2016 23:15,8.837,G,,
07/01/2016 23:30,8.838,G,,
07/01/2016 23:45,8.84,G,,
08/01/2016 00:00,8.841,G,,
08/01/2016 00:15,8.84,G,,
08/01/2016 00:30,8.84,G,,
08/01/2016 00:45,8.841,G,,
08/01/2016 01:00,8.837,G,,
08/01/2016 01:15,8.84,G,,
08/01/2016 01:30,8.84,G,,
08/01/2016 01:45,8.84,G,,
08/01/2016 02:00,8.84,G,,
08/01/2016 02:15,8.841,G,,
08/01/2016 02:30,8.842,G,,
08/01/2016 02:45,8.84,G,,
08/01/2016 03:00,8.841,G,,
08/01/2016 03:15,8.842,G,,
08/01/2016 03:30,8.843,G,,
08/01/2016 03:45,8.842,G,,
08/01/2016 04:00,8.843,G,,
08/01/2016 04:15,8.844,G,,
08/01/2016 04:30,8.844,G,,
08/01/2016 04:45,8.845,G,,
08/01/2016 05:00,8.844,G,,
08/01/2016 05:15,8.846,G,,
08/01/2016 05:30,8.846,G,,
08/01/2016 05:45,8.847,G,,
08/01/2016 06:00,8.847,G,,
08/01/2016 06:15,8.847,G,,
08/01/2016 06:30,8.848,G,,
08/01/2016 06:45,8.849,G,,
08/01/2016 07:00,8.848,G,,
08/01/2016 07:15,8.849,G,,
08/01/2016 07:30,8.85,G,,
08/01/2016 07:45,8.851,G,,
08/01/2016 08:00,8.851,G,,
08/01/2016 08:15,8.851,G,,
08/01/2016 08:30,8.851,G,,
08/01/2016 08:45,8.852,G,,
08/01/2016 09:00,8.853,G,,
08/01/2016 09:15,8.853,G,,
08/01/2016 09:30,8.854,G,,
08/01/2016 09:45,8.856,G,,
08/01/2016 10:00,8.855,G,,
08/01/2016 10:15,8.855,G,,
08/01/2016 10:30,8.856,G,,
08/01/2016 10:45,8.858,G,,
08/01/2016 11:00,8.858,G,,
08/01/2016 11:15,8.859,G,,
08/01/2016 11:30,8.858,G,,
08/01/2016 11:45,8.861,G,,
08/01/2016 12:00,8.861,G,,
08/01/2016 12:15,8.862,G,,
08/01/2016 12:30,8.861,G,,
08/01/2016 12:45,8.861,G,,
08/01/2016 13:00,8.863,G,,
08/01/2016 13:15,8.863,G,,
08/01/2016 13:30,8.862,G,,
08/01/2016 13:45,8.861,G,,
08/01/2016 14:00,8.862,G,,
08/01/2016 14:15,8.864,G,,
08/01/2016 14:30,8.866,G,,
08/01/2016 14:45,8.864,G,,
08/01/2016 15:00,8.867,G,,
08/01/2016 15:15,8.867,G,,
08/01/2016 15:30,8.867,G,,
08/01/2016 15:45,8.867,G,,
08/01/2016 16:00,8.868,G,,
08/01/2016 16:15,8.868,G,,
08/01/2016 16:30,8.869,G,,
08/01/2016 16:45,8.868,G,,
08/01/2016 17:00,8.868,G,,
08/01/2016 17:15,8.869,G,,
08/01/2016 17:30,8.87,G,,
08/01/2016 17:45,8.871,G,,
08/01/2016 18:00,8.871,G,,
08/01/2016 18:15,8.873,G,,
08/01/2016 18:30,8.872,G,,
08/01/2016 18:45,8.872,G,,
08/01/2016 19:00,8.873,G,,
08/01/2016 19:15,8.873,G,,
08/01/2016 19:30,8.873,G,,
08/01/2016 19:45,8.873,G,,
08/01/2016 20:00,8.874,G,,
08/01/2016 20:15,8.875,G,,
08/01/2016 20:30,8.875,G,,
08/01/2016 20:45,8.875,G,,
08/01/2016 21:00,8.875,G,,
08/01/2016 21:15,8.876,G,,
08/01/2016 21:30,8.875,G,,
08/01/2016 21:45,8.876,G,,
08/01/2016 22:00,8.876,G,,
08/01/2016 22:15,8.877,G,,
08/01/2016 22:30,8.876,G,,
08/01/2016 22:45,8.877,G,,
08/01/2016 23:00,8.877,G,,
08/01/2016 23:15,8.878,G,,
08/01/2016 23:30,8.878,G,,
08/01/2016 23:45,8.879,G,,
09/01/2016 00:00,8.877,G,,
09/01/2016 00:15,8.877,G,,
09/01/2016 00:30,8.878,G,,
09/01/2016 00:45,8.878,G,,
09/01/2016 01:00,8.878,G,,
09/01/2016 01:15,8.879,G,,
09/01/2016 01:30,8.879,G,,
09/01/2016 01:45,8.878,G,,
09/01/2016 02:00,8.878,G,,
09/01/2016 02:15,8.879,G,,
09/01/2016 02:30,8.879,G,,
09/01/2016 02:45,8.878,G,,
09/01/2016 03:00,8.878,G,,
09/01/2016 03:15,8.879,G,,
09/01/2016 03:30,8.881,G,,
09/01/2016 03:45,8.88,G,,
09/01/2016 04:00,8.882,G,,
09/01/2016 04:15,8.881,G,,
09/01/2016 04:30,8.88,G,,
09/01/2016 04:45,8.881,G,,
09/01/2016 05:00,8.879,G,,
09/01/2016 05:15,8.88,G,,
09/01/2016 05:30,8.881,G,,
09/01/2016 05:45,8.88,G,,
09/01/2016 06:00,8.882,G,,
09/01/2016 06:15,8.881,G,,
09/01/2016 06:30,8.881,G,,
09/01/2016 06:45,8.881,G,,
09/01/2016 07:00,8.882,G,,
09/01/2016 07:15,8.881,G,,
09/01/2016 07:30,8.881,G,,
09/01/2016 07:45,8.881,G,,
09/01/2016 08:00,8.881,G,,
09/01/2016 08:15,8.882,G,,
09/01/2016 08:30,8.882,G,,
09/01/2016 08:45,8.881,G,,
09/01/2016 09:00,8.882,G,,
09/01/2016 09:15,8.882,G,,
09/01/2016 09:30,8.881,G,,
09/01/2016 09:45,8.882,G,,
09/01/2016 10:00,8.882,G,,
09/01/2016 10:15,8.883,G,,
09/01/2016 10:30,8.883,G,,
09/01/2016 10:45,8.883,G,,
09/01/2016 11:00,8.882,G,,
09/01/2016 11:15,8.881,G,,
09/01/2016 11:30,8.883,G,,
09/01/2016 11:45,8.88,G,,
09/01/2016 12:00,8.88,G,,
09/01/2016 12:15,8.882,G,,
09/01/2016 12:30,8.881,G,,
09/01/2016 12:45,8.879,G,,
09/01/2016 13:00,8.883,G,,
09/01/2016 13:15,8.879,G,,
09/01/2016 13:30,8.88,G,,
09/01/2016 13:45,8.88,G,,
09/01/2016 14:00,8.88,G,,
09/01/2016 14:15,8.881,G,,
09/01/2016 14:30,8.881,G,,
09/01/2016 14:45,8.881,G,,
09/01/2016 15:00,8.883,G,,
09/01/2016 15:15,8.882,G,,
09/01/2016 15:30,8.882,G,,
09/01/2016 15:45,8.883,G,,
09/01/2016 16:00,8.881,G,,
09/01/2016 16:15,8.881,G,,
09/01/2016 16:30,8.883,G,,
09/01/2016 16:45,8.882,G,,
09/01/2016 17:00,8.882,G,,
09/01/2016 17:15,8.88,G,,
09/01/2016 17:30,8.884,G,,
09/01/2016 17:45,8.88,G,,
09/01/2016 18:00,8.881,G,,
09/01/2016 18:15,8.88,G,,
09/01/2016 18:30,8.881,G,,
09/01/2016 18:45,8.88,G,,
09/01/2016 19:00,8.882,G,,
09/01/2016 19:15,8.884,G,,
09/01/2016 19:30,8.882,G,,
09/01/2016 19:45,8.884,G,,
09/01/2016 20:00,8.884,G,,
09/01/2016 20:15,8.882,G,,
09/01/2016 20:30,8.883,G,,
09/01/2016 20:45,8.883,G,,
09/01/2016 21:00,8.881,G,,
09/01/2016 21:15,8.88,G,,
09/01/2016 21:30,8.879,G,,
09/01/2016 21:45,8.881,G,,
09/01/2016 22:00,8.878,G,,
09/01/2016 22:15,8.884,G,,
09/01/2016 22:30,8.881,G,,
09/01/2016 22:45,8.881,G,,
09/01/2016 23:00,8.884,G,,
09/01/2016 23:15,8.879,G,,
09/01/2016 23:30,8.882,G,,
09/01/2016 23:45,8.882,G,,
10/01/2016 00:00,8.881,G,,
10/01/2016 00:15,8.88,G,,
10/01/2016 00:30,8.879,G,,
10/01/2016 00:45,8.88,G,,
10/01/2016 01:00,8.879,G,,
10/01/2016 01:15,8.882,G,,
10/01/2016 01:30,8.883,G,,
10/01/2016 01:45,8.88,G,,
10/01/2016 02:00,8.88,G,,
10/01/2016 02:15,8.881,G,,
10/01/2016 02:30,8.88,G,,
10/01/2016 02:45,8.883,G,,
10/01/2016 03:00,8.883,G,,
10/01/2016 03:15,8.882,G,,
10/01/2016 03:30,8.88,G,,
10/01/2016 03:45,8.882,G,,
10/01/2016 04:00,8.883,G,,
10/01/2016 04:15,8.879,G,,
10/01/2016 04:30,8.88,G,,
10/01/2016 04:45,8.881,G,,
10/01/2016 05:00,8.881,G,,
10/01/2016 05:15,8.881,G,,
10/01/2016 05:30,8.88,G,,
10/01/2016 05:45,8.876,G,,
10/01/2016 06:00,8.882,G,,
10/01/2016 06:15,8.878,G,,
10/01/2016 06:30,8.882,G,,
10/01/2016 06:45,8.881,G,,
10/01/2016 07:00,8.878,G,,
10/01/2016 07:15,8.882,G,,
10/01/2016 07:30,8.884,G,,
10/01/2016 07:45,8.882,G,,
10/01/2016 08:00,8.881,G,,
10/01/2016 08:15,8.885,G,,
10/01/2016 08:30,8.878,G,,
10/01/2016 08:45,8.881,G,,
10/01/2016 09:00,8.879,G,,
10/01/2016 09:15,8.88,G,,
10/01/2016 09:30,8.881,G,,
10/01/2016 09:45,8.883,G,,
10/01/2016 10:00,8.878,G,,
10/01/2016 10:15,8.885,G,,
10/01/2016 10:30,8.886,G,,
10/01/2016 10:45,8.878,G,,
10/01/2016 11:00,8.878,G,,
10/01/2016 11:15,8.883,G,,
10/01/2016 11:30,8.882,G,,
10/01/2016 11:45,8.884,G,,
10/01/2016 12:00,8.884,G,,
10/01/2016 12:15,8.882,G,,
10/01/2016 12:30,8.881,G,,
10/01/2016 12:45,8.884,G,,
10/01/2016 13:00,8.881,G,,
10/01/2016 13:15,8.884,G,,
10/01/2016 13:30,8.882,G,,
10/01/2016 13:45,8.879,G,,
10/01/2016 14:00,8.888,G,,
10/01/2016 14:15,8.882,G,,
10/01/2016 14:30,8.881,G,,
10/01/2016 14:45,8.884,G,,
10/01/2016 15:00,8.882,G,,
10/01/2016 15:15,8.883,G,,
10/01/2016 15:30,8.888,G,,
10/01/2016 15:45,8.886,G,,
10/01/2016 16:00,8.885,G,,
10/01/2016 16:15,8.885,G,,
10/01/2016 16:30,8.883,G,,
10/01/2016 16:45,8.887,G,,
10/01/2016 17:00,8.886,G,,
10/01/2016 17:15,8.886,G,,
10/01/2016 17:30,8.887,G,,
10/01/2016 17:45,8.887,G,,
10/01/2016 18:00,8.888,G,,
10/01/2016 18:15,8.888,G,,
10/01/2016 18:30,8.888,G,,
10/01/2016 18:45,8.889,G,,
10/01/2016 19:00,8.888,G,,
10/01/2016 19:15,8.889,G,,
10/01/2016 19:30,8.888,G,,
10/01/2016 19:45,8.889,G,,
10/01/2016 20:00,8.89,G,,
10/01/2016 20:15,8.89,G,,
10/01/2016 20:30,8.89,G,,
10/01/2016 20:45,8.89,G,,
10/01/2016 21:00,8.89,G,,
10/01/2016 21:15,8.892,G,,
10/01/2016 21:30,8.891,G,,
10/01/2016 21:45,8.891,G,,
10/01/2016 22:00,8.893,G,,
10/01/2016 22:15,8.892,G,,
10/01/2016 22:30,8.893,G,,
10/01/2016 22:45,8.893,G,,
10/01/2016 23:00,8.894,G,,
10/01/2016 23:15,8.892,G,,
10/01/2016 23:30,8.894,G,,
10/01/2016 23:45,8.894,G,,
11/01/2016 00:00,8.894,G,,
11/01/2016 00:15,8.896,G,,
11/01/2016 00:30,8.896,G,,
11/01/2016 00:45,8.895,G,,
11/01/2016 01:00,8.896,G,,
11/01/2016 01:15,8.896,G,,
11/01/2016 01:30,8.897,G,,
11/01/2016 01:45,8.898,G,,
11/01/2016 02:00,8.898,G,,
11/01/2016 02:15,8.899,G,,
11/01/2016 02:30,8.898,G,,
11/01/2016 02:45,8.9,G,,
11/01/2016 03:00,8.899,G,,
11/01/2016 03:15,8.9,G,,
11/01/2016 03:30,8.899,G,,
11/01/2016 03:45,8.9,G,,
11/01/2016 04:00,8.901,G,,
11/01/2016 04:15,8.902,G,,
11/01/2016 04:30,8.903,G,,
11/01/2016 04:45,8.903,G,,
11/01/2016 05:00,8.903,G,,
11/01/2016 05:15,8.904,G,,
11/01/2016 05:30,8.905,G,,
11/01/2016 05:45,8.903,G,,
11/01/2016 06:00,8.904,G,,
11/01/2016 06:15,8.906,G,,
11/01/2016 06:30,8.907,G,,
11/01/2016 06:45,8.907,G,,
11/01/2016 07:00,8.907,G,,
11/01/2016 07:15,8.907,G,,
11/01/2016 07:30,8.906,G,,
11/01/2016 07:45,8.908,G,,
11/01/2016 08:00,8.908,G,,
11/01/2016 08:15,8.908,G,,
11/01/2016 08:30,8.91,G,,
11/01/2016 08:45,8.909,G,,
11/01/2016 09:00,8.91,G,,
11/01/2016 09:15,8.911,G,,
11/01/2016 09:30,8.911,G,,
11/01/2016 09:45,8.912,G,,
11/01/2016 10:00,8.913,G,,
11/01/2016 10:15,8.913,G,,
11/01/2016 10:30,8.914,G,,
11/01/2016 10:45,8.914,G,,
11/01/2016 11:00,8.913,G,,
11/01/2016 11:15,8.914,G,,
11/01/2016 11:30,8.915,G,,
11/01/2016 11:45,8.916,G,,
11/01/2016 12:00,8.915,G,,
11/01/2016 12:15,8.917,G,,
11/01/2016 12:30,8.919,G,,
11/01/2016 12:45,8.919,G,,
11/01/2016 13:00,8.918,G,,
11/01/2016 13:15,8.919,G,,
11/01/2016 13:30,8.92,G,,
11/01/2016 13:45,8.92,G,,
11/01/2016 14:00,8.921,G,,
11/01/2016 14:15,8.921,G,,
11/01/2016 14:30,8.923,G,,
11/01/2016 14:45,8.924,G,,
11/01/2016 15:00,8.923,G,,
11/01/2016 15:15,8.924,G,,
11/01/2016 15:30,8.922,G,,
11/01/2016 15:45,8.923,G,,
11/01/2016 16:00,8.924,G,,
11/01/2016 16:15,8.924,G,,
11/01/2016 16:30,8.923,G,,
11/01/2016 16:45,8.923,G,,
11/01/2016 17:00,8.925,G,,
11/01/2016 17:15,8.925,G,,
11/01/2016 17:30,8.925,G,,
11/01/2016 17:45,8.926,G,,
11/01/2016 18:00,8.926,G,,
11/01/2016 18:15,8.926,G,,
11/01/2016 18:30,8.926,G,,
11/01/2016 18:45,8.928,G,,
11/01/2016 19:00,8.928,G,,
11/01/2016 19:15,8.928,G,,
11/01/2016 19:30,8.929,G,,
11/01/2016 19:45,8.93,G,,
11/01/2016 20:00,8.929,G,,
11/01/2016 20:15,8.93,G,,
11/01/2016 20:30,8.931,G,,
11/01/2016 20:45,8.931,G,,
11/01/2016 21:00,8.931,G,,
11/01/2016 21:15,8.932,G,,
11/01/2016 21:30,8.932,G,,
11/01/2016 21:45,8.933,G,,
11/01/2016 22:00,8.932,G,,
11/01/2016 22:15,8.933,G,,
11/01/2016 22:30,8.933,G,,
11/01/2016 22:45,8.933,G,,
11/01/2016 23:00,8.934,G,,
11/01/2016 23:15,8.934,G,,
11/01/2016 23:30,8.934,G,,
11/01/2016 23:45,8.935,G,,
12/01/2016 00:00,8.937,G,,
12/01/2016 00:15,8.936,G,,
12/01/2016 00:30,8.935,G,,
12/01/2016 00:45,8.936,G,,
12/01/2016 01:00,8.935,G,,
12/01/2016 01:15,8.937,G,,
12/01/2016 01:30,8.938,G,,
12/01/2016 01:45,8.937,G,,
12/01/2016 02:00,8.94,G,,
12/01/2016 02:15,8.937,G,,
12/01/2016 02:30,8.94,G,,
12/01/2016 02:45,8.94,G,,
12/01/2016 03:00,8.939,G,,
12/01/2016 03:15,8.94,G,,
12/01/2016 03:30,8.94,G,,
12/01/2016 03:45,8.94,G,,
12/01/2016 04:00,8.941,G,,
12/01/2016 04:15,8.942,G,,
12/01/2016 04:30,8.942,G,,
12/01/2016 04:45,8.942,G,,
12/01/2016 05:00,8.941,G,,
12/01/2016 05:15,8.945,G,,
12/01/2016 05:30,8.944,G,,
12/01/2016 05:45,8.943,G,,
12/01/2016 06:00,8.943,G,,
12/01/2016 06:15,8.943,G,,
12/01/2016 06:30,8.943,G,,
12/01/2016 06:45,8.943,G,,
12/01/2016 07:00,8.945,G,,
12/01/2016 07:15,8.944,G,,
12/01/2016 07:30,8.944,G,,
12/01/2016 07:45,8.945,G,,
12/01/2016 08:00,8.945,G,,
12/01/2016 08:15,8.943,G,,
12/01/2016 08:30,8.945,G,,
12/01/2016 08:45,8.945,G,,
12/01/2016 09:00,8.943,G,,
12/01/2016 09:15,8.944,G,,
12/01/2016 09:30,8.944,G,,
12/01/2016 09:45,8.944,G,,
12/01/2016 10:00,8.945,G,,
12/01/2016 10:15,8.944,G,,
12/01/2016 10:30,8.946,G,,
12/01/2016 10:45,8.949,G,,
12/01/2016 11:00,8.945,G,,
12/01/2016 11:15,8.946,G,,
12/01/2016 11:30,8.944,G,,
12/01/2016 11:45,8.947,G,,
12/01/2016 12:00,8.95,G,,
12/01/2016 12:15,8.945,G,,
12/01/2016 12:30,8.946,G,,
12/01/2016 12:45,8.949,G,,
12/01/2016 13:00,8.945,G,,
12/01/2016 13:15,8.947,G,,
12/01/2016 13:30,8.946,G,,
12/01/2016 13:45,8.947,G,,
12/01/2016 14:00,8.943,G,,
12/01/2016 14:15,8.944,G,,
12/01/2016 14:30,8.939,G,,
12/01/2016 14:45,8.937,G,,
12/01/2016 15:00,8.934,G,,
12/01/2016 15:15,8.932,G,,
12/01/2016 15:30,8.931,G,,
12/01/2016 15:45,8.929,G,,
12/01/2016 16:00,8.926,G,,
12/01/2016 16:15,8.924,G,,
12/01/2016 16:30,8.922,G,,
12/01/2016 16:45,8.919,G,,
12/01/2016 17:00,8.917,G,,
12/01/2016 17:15,8.915,G,,
12/01/2016 17:30,8.911,G,,
12/01/2016 17:45,8.909,G,,
12/01/2016 18:00,8.905,G,,
12/01/2016 18:15,8.903,G,,
12/01/2016 18:30,8.902,G,,
12/01/2016 18:45,8.9,G,,
12/01/2016 19:00,8.895,G,,
12/01/2016 19:15,8.893,G,,
12/01/2016 19:30,8.891,G,,
12/01/2016 19:45,8.887,G,,
12/01/2016 20:00,8.885,G,,
12/01/2016 20:15,8.881,G,,
12/01/2016 20:30,8.879,G,,
12/01/2016 20:45,8.878,G,,
12/01/2016 21:00,8.873,G,,
12/01/2016 21:15,8.869,G,,
12/01/2016 21:30,8.87,G,,
12/01/2016 21:45,8.865,G,,
12/01/2016 22:00,8.868,G,,
12/01/2016 22:15,8.862,G,,
12/01/2016 22:30,8.856,G,,
12/01/2016 22:45,8.852,G,,
12/01/2016 23:00,8.85,G,,
12/01/2016 23:15,8.846,G,,
12/01/2016 23:30,8.845,G,,
12/01/2016 23:45,8.84,G,,
13/01/2016 00:00,8.836,G,,
13/01/2016 00:15,8.835,G,,
13/01/2016 00:30,8.83,G,,
13/01/2016 00:45,8.828,G,,
13/01/2016 01:00,8.825,G,,
13/01/2016 01:15,8.824,G,,
13/01/2016 01:30,8.819,G,,
13/01/2016 01:45,8.814,G,,
13/01/2016 02:00,8.811,G,,
13/01/2016 02:15,8.81,G,,
13/01/2016 02:30,8.806,G,,
13/01/2016 02:45,8.802,G,,
13/01/2016 03:00,8.8,G,,
13/01/2016 03:15,8.796,G,,
13/01/2016 03:30,8.792,G,,
13/01/2016 03:45,8.789,G,,
13/01/2016 04:00,8.785,G,,
13/01/2016 04:15,8.784,G,,
13/01/2016 04:30,8.779,G,,
13/01/2016 04:45,8.776,G,,
13/01/2016 05:00,8.773,G,,
13/01/2016 05:15,8.769,G,,
13/01/2016 05:30,8.767,G,,
13/01/2016 05:45,8.763,G,,
13/01/2016 06:00,8.76,G,,
13/01/2016 06:15,8.758,G,,
13/01/2016 06:30,8.753,G,,
13/01/2016 06:45,8.751,G,,
13/01/2016 07:00,8.748,G,,
13/01/2016 07:15,8.743,G,,
13/01/2016 07:30,8.739,G,,
13/01/2016 07:45,8.736,G,,
13/01/2016 08:00,8.733,G,,
13/01/2016 08:15,8.728,G,,
13/01/2016 08:30,8.725,G,,
13/01/2016 08:45,8.723,G,,
13/01/2016 09:00,8.718,G,,
13/01/2016 09:15,8.714,G,,
13/01/2016 09:30,8.711,G,,
13/01/2016 09:45,8.706,G,,
13/01/2016 10:00,8.704,G,,
13/01/2016 10:15,8.699,G,,
13/01/2016 10:30,8.695,G,,
13/01/2016 10:45,8.692,G,,
13/01/2016 11:00,8.688,G,,
13/01/2016 11:15,8.684,G,,
13/01/2016 11:30,8.681,G,,
13/01/2016 11:45,8.677,G,,
13/01/2016 12:00,8.674,G,,
13/01/2016 12:15,8.67,G,,
13/01/2016 12:30,8.665,G,,
13/01/2016 12:45,8.662,G,,
13/01/2016 13:00,8.66,G,,
13/01/2016 13:15,8.654,G,,
13/01/2016 13:30,8.65,G,,
13/01/2016 13:45,8.647,G,,
13/01/2016 14:00,8.644,G,,
13/01/2016 14:15,8.64,G,,
13/01/2016 14:30,8.635,G,,
13/01/2016 14:45,8.632,G,,
13/01/2016 15:00,8.628,G,,
13/01/2016 15:15,8.626,G,,
13/01/2016 15:30,8.622,G,,
13/01/2016 15:45,8.617,G,,
13/01/2016 16:00,8.613,G,,
13/01/2016 16:15,8.608,G,,
13/01/2016 16:30,8.604,G,,
13/01/2016 16:45,8.603,G,,
13/01/2016 17:00,8.6,G,,
13/01/2016 17:15,8.597,G,,
13/01/2016 17:30,8.595,G,,
13/01/2016 17:45,8.593,G,,
13/01/2016 18:00,8.592,G,,
13/01/2016 18:15,8.586,G,,
13/01/2016 18:30,8.586,G,,
13/01/2016 18:45,8.583,G,,
13/01/2016 19:00,8.58,G,,
13/01/2016 19:15,8.58,G,,
13/01/2016 19:30,8.577,G,,
13/01/2016 19:45,8.576,G,,
13/01/2016 20:00,8.572,G,,
13/01/2016 20:15,8.569,G,,
13/01/2016 20:30,8.568,G,,
13/01/2016 20:45,8.564,G,,
13/01/2016 21:00,8.563,G,,
13/01/2016 21:15,8.559,G,,
13/01/2016 21:30,8.557,G,,
13/01/2016 21:45,8.556,G,,
13/01/2016 22:00,8.552,G,,
13/01/2016 22:15,8.551,G,,
13/01/2016 22:30,8.548,G,,
13/01/2016 22:45,8.545,G,,
13/01/2016 23:00,8.544,G,,
13/01/2016 23:15,8.539,G,,
13/01/2016 23:30,8.538,G,,
13/01/2016 23:45,8.536,G,,
14/01/2016 00:00,8.534,G,,
14/01/2016 00:15,8.53,G,,
14/01/2016 00:30,8.528,G,,
14/01/2016 00:45,8.524,G,,
14/01/2016 01:00,8.524,G,,
14/01/2016 01:15,8.521,G,,
14/01/2016 01:30,8.518,G,,
14/01/2016 01:45,8.516,G,,
14/01/2016 02:00,8.513,G,,
14/01/2016 02:15,8.511,G,,
14/01/2016 02:30,8.509,G,,
14/01/2016 02:45,8.505,G,,
14/01/2016 03:00,8.502,G,,
14/01/2016 03:15,8.5,G,,
14/01/2016 03:30,8.498,G,,
14/01/2016 03:45,8.494,G,,
14/01/2016 04:00,8.492,G,,
14/01/2016 04:15,8.49,G,,
14/01/2016 04:30,8.487,G,,
14/01/2016 04:45,8.484,G,,
14/01/2016 05:00,8.482,G,,
14/01/2016 05:15,8.479,G,,
14/01/2016 05:30,8.477,G,,
14/01/2016 05:45,8.474,G,,
14/01/2016 06:00,8.47,G,,
14/01/2016 06:15,8.468,G,,
14/01/2016 06:30,8.466,G,,
14/01/2016 06:45,8.463,G,,
14/01/2016 07:00,8.461,G,,
14/01/2016 07:15,8.457,G,,
14/01/2016 07:30,8.456,G,,
14/01/2016 07:45,8.451,G,,
14/01/2016 08:00,8.453,G,,
14/01/2016 08:15,8.447,G,,
14/01/2016 08:30,8.452,G,,
14/01/2016 08:45,8.448,G,,
14/01/2016 09:00,8.438,G,,
14/01/2016 09:15,8.441,G,,
14/01/2016 09:30,8.433,G,,
14/01/2016 09:45,8.44,G,,
14/01/2016 10:00,8.438,G,,
14/01/2016 10:15,8.442,G,,
14/01/2016 10:30,8.437,G,,
14/01/2016 10:45,8.437,G,,
14/01/2016 11:00,8.422,G,,
14/01/2016 11:15,8.421,G,,
14/01/2016 11:30,8.409,G,,
14/01/2016 11:45,8.411,G,,
14/01/2016 12:00,8.414,G,,
14/01/2016 12:15,8.398,G,,
14/01/2016 12:30,8.412,G,,
14/01/2016 12:45,8.4,G,,
14/01/2016 13:00,8.395,G,,
14/01/2016 13:15,8.395,G,,
14/01/2016 13:30,8.393,G,,
14/01/2016 13:45,8.393,G,,
14/01/2016 14:00,8.382,G,,
14/01/2016 14:15,8.392,G,,
14/01/2016 14:30,8.385,G,,
14/01/2016 14:45,8.378,G,,
14/01/2016 15:00,8.379,G,,
14/01/2016 15:15,8.377,G,,
14/01/2016 15:30,8.374,G,,
14/01/2016 15:45,8.365,G,,
14/01/2016 16:00,8.358,G,,
14/01/2016 16:15,8.367,G,,
14/01/2016 16:30,8.356,G,,
14/01/2016 16:45,8.353,G,,
14/01/2016 17:00,8.357,G,,
14/01/2016 17:15,8.35,G,,
14/01/2016 17:30,8.349,G,,
14/01/2016 17:45,8.343,G,,
14/01/2016 18:00,8.332,G,,
14/01/2016 18:15,8.333,G,,
14/01/2016 18:30,8.332,G,,
14/01/2016 18:45,8.326,G,,
14/01/2016 19:00,8.321,G,,
14/01/2016 19:15,8.324,G,,
14/01/2016 19:30,8.314,G,,
14/01/2016 19:45,8.317,G,,
14/01/2016 20:00,8.31,G,,
14/01/2016 20:15,8.309,G,,
14/01/2016 20:30,8.3,G,,
14/01/2016 20:45,8.299,G,,
14/01/2016 21:00,8.297,G,,
14/01/2016 21:15,8.292,G,,
14/01/2016 21:30,8.291,G,,
14/01/2016 21:45,8.288,G,,
14/01/2016 22:00,8.288,G,,
14/01/2016 22:15,8.282,G,,
14/01/2016 22:30,8.277,G,,
14/01/2016 22:45,8.281,G,,
14/01/2016 23:00,8.277,G,,
14/01/2016 23:15,8.273,G,,
14/01/2016 23:30,8.27,G,,
14/01/2016 23:45,8.265,G,,
15/01/2016 00:00,8.264,G,,
15/01/2016 00:15,8.26,G,,
15/01/2016 00:30,8.261,G,,
15/01/2016 00:45,8.256,G,,
15/01/2016 01:00,8.254,G,,
15/01/2016 01:15,8.25,G,,
15/01/2016 01:30,8.248,G,,
15/01/2016 01:45,8.246,G,,
15/01/2016 02:00,8.244,G,,
15/01/2016 02:15,8.241,G,,
15/01/2016 02:30,8.239,G,,
15/01/2016 02:45,8.237,G,,
15/01/2016 03:00,8.237,G,,
15/01/2016 03:15,8.231,G,,
15/01/2016 03:30,8.226,G,,
15/01/2016 03:45,8.222,G,,
15/01/2016 04:00,8.221,G,,
15/01/2016 04:15,8.217,G,,
15/01/2016 04:30,8.212,G,,
15/01/2016 04:45,8.21,G,,
15/01/2016 05:00,8.209,G,,
15/01/2016 05:15,8.205,G,,
15/01/2016 05:30,8.202,G,,
15/01/2016 05:45,8.198,G,,
15/01/2016 06:00,8.195,G,,
15/01/2016 06:15,8.192,G,,
15/01/2016 06:30,8.189,G,,
15/01/2016 06:45,8.186,G,,
15/01/2016 07:00,8.181,G,,
15/01/2016 07:15,8.179,G,,
15/01/2016 07:30,8.179,G,,
15/01/2016 07:45,8.176,G,,
15/01/2016 08:00,8.173,G,,
15/01/2016 08:15,8.167,G,,
15/01/2016 08:30,8.164,G,,
15/01/2016 08:45,8.16,G,,
15/01/2016 09:00,8.156,G,,
15/01/2016 09:15,8.153,G,,
15/01/2016 09:30,8.148,G,,
15/01/2016 09:45,8.147,G,,
15/01/2016 10:00,8.141,G,,
15/01/2016 10:15,8.138,G,,
15/01/2016 10:30,8.136,G,,
15/01/2016 10:45,8.133,G,,
15/01/2016 11:00,8.129,G,,
15/01/2016 11:15,8.127,G,,
15/01/2016 11:30,8.122,G,,
15/01/2016 11:45,8.12,G,,
15/01/2016 12:00,8.116,G,,
15/01/2016 12:15,8.111,G,,
15/01/2016 12:30,8.106,G,,
15/01/2016 12:45,8.106,G,,
15/01/2016 13:00,8.099,G,,
15/01/2016 13:15,8.1,G,,
15/01/2016 13:30,8.042,G,,
15/01/2016 13:45,8.032,G,,
15/01/2016 14:00,8.02,G,,
15/01/2016 14:15,8.005,G,,
15/01/2016 14:30,7.991,G,,
15/01/2016 14:45,7.979,G,,
15/01/2016 15:00,7.978,G,,
15/01/2016 15:15,7.963,G,,
15/01/2016 15:30,7.956,G,,
15/01/2016 15:45,7.942,G,,
15/01/2016 16:00,7.934,G,,
15/01/2016 16:15,7.925,G,,
15/01/2016 16:30,7.916,G,,
15/01/2016 16:45,7.905,G,,
15/01/2016 17:00,7.893,G,,
15/01/2016 17:15,7.886,G,,
15/01/2016 17:30,7.878,G,,
15/01/2016 17:45,7.866,G,,
15/01/2016 18:00,7.863,G,,
15/01/2016 18:15,7.847,G,,
15/01/2016 18:30,7.84,G,,
15/01/2016 18:45,7.829,G,,
15/01/2016 19:00,7.824,G,,
15/01/2016 19:15,7.813,G,,
15/01/2016 19:30,7.8,G,,
15/01/2016 19:45,7.795,G,,
15/01/2016 20:00,7.785,G,,
15/01/2016 20:15,7.775,G,,
15/01/2016 20:30,7.771,G,,
15/01/2016 20:45,7.76,G,,
15/01/2016 21:00,7.751,G,,
15/01/2016 21:15,7.743,G,,
15/01/2016 21:30,7.734,G,,
15/01/2016 21:45,7.72,G,,
15/01/2016 22:00,7.709,G,,
15/01/2016 22:15,7.704,G,,
15/01/2016 22:30,7.693,G,,
15/01/2016 22:45,7.68,G,,
15/01/2016 23:00,7.673,G,,
15/01/2016 23:15,7.661,G,,
15/01/2016 23:30,7.644,G,,
15/01/2016 23:45,7.632,G,,
