Time,Day,Stage,Flow,Stage Comments,Flow Comments,
30/10/2000 00:00,0,4.41,251,,,
30/10/2000 00:15,0.01,4.413,251,,,
30/10/2000 00:30,0.02,4.42,252,,,
30/10/2000 00:45,0.03,4.428,252,,,
30/10/2000 01:00,0.04,4.432,253,,,
30/10/2000 01:15,0.05,4.437,252,,,
30/10/2000 01:30,0.06,4.452,253,,,
30/10/2000 01:45,0.07,4.458,253,,,
30/10/2000 02:00,0.08,4.458,253,,,
30/10/2000 02:15,0.09,4.461,254,,,
30/10/2000 02:30,0.1,4.465,254,,,
30/10/2000 02:45,0.11,4.474,254,,,
30/10/2000 03:00,0.13,4.477,255,,,
30/10/2000 03:15,0.14,4.484,255,,,
30/10/2000 03:30,0.15,4.488,255,,,
30/10/2000 03:45,0.16,4.507,255,,,
30/10/2000 04:00,0.17,4.507,255,,,
30/10/2000 04:15,0.18,4.511,256,,,
30/10/2000 04:30,0.19,4.515,256,,,
30/10/2000 04:45,0.2,4.523,257,,,
30/10/2000 05:00,0.21,4.529,258,,,
30/10/2000 05:15,0.22,4.539,259,,,
30/10/2000 05:30,0.23,4.552,258,,,
30/10/2000 05:45,0.24,4.559,259,,,
30/10/2000 06:00,0.25,4.563,260,,,
30/10/2000 06:15,0.26,4.573,260,,,
30/10/2000 06:30,0.27,4.58,260,,,
30/10/2000 06:45,0.28,4.589,261,,,
30/10/2000 07:00,0.29,4.606,262,,,
30/10/2000 07:15,0.3,4.609,263,,,
30/10/2000 07:30,0.31,4.616,264,,,
30/10/2000 07:45,0.32,4.626,265,,,
30/10/2000 08:00,0.33,4.632,265,,,
30/10/2000 08:15,0.34,4.654,267,,,
30/10/2000 08:30,0.35,4.663,268,,,
30/10/2000 08:45,0.36,4.68,270,,,
30/10/2000 09:00,0.38,4.696,271,,,
30/10/2000 09:15,0.39,4.709,271,,,
30/10/2000 09:30,0.4,4.721,266,,,
30/10/2000 09:45,0.41,4.733,268,,,
30/10/2000 10:00,0.42,4.746,273,,,
30/10/2000 10:15,0.43,4.76,274,,,
30/10/2000 10:30,0.44,4.77,275,,,
30/10/2000 10:45,0.45,4.781,276,,,
30/10/2000 11:00,0.46,4.797,277,,,
30/10/2000 11:15,0.47,4.809,278,,,
30/10/2000 11:30,0.48,4.821,280,,,
30/10/2000 11:45,0.49,4.827,282,,,
30/10/2000 12:00,0.5,4.843,284,,,
30/10/2000 12:15,0.51,4.861,286,,,
30/10/2000 12:30,0.52,4.872,289,,,
30/10/2000 12:45,0.53,4.883,290,,,
30/10/2000 13:00,0.54,4.903,292,,,
30/10/2000 13:15,0.55,4.914,295,,,
30/10/2000 13:30,0.56,4.926,297,,,
30/10/2000 13:45,0.57,4.942,298,,,
30/10/2000 14:00,0.58,4.963,300,,,
30/10/2000 14:15,0.59,4.965,302,,,
30/10/2000 14:30,0.6,4.979,303,,,
30/10/2000 14:45,0.61,4.987,306,,,
30/10/2000 15:00,0.63,5.004,309,,,
30/10/2000 15:15,0.64,5.013,311,,,
30/10/2000 15:30,0.65,5.019,312,,,
30/10/2000 15:45,0.66,5.026,312,,,
30/10/2000 16:00,0.67,5.039,312,,,
30/10/2000 16:15,0.68,5.055,313,,,
30/10/2000 16:30,0.69,5.065,314,,,
30/10/2000 16:45,0.7,5.066,314,,,
30/10/2000 17:00,0.71,5.075,312,,,
30/10/2000 17:15,0.72,5.094,312,,,
30/10/2000 17:30,0.73,5.11,311,,,
30/10/2000 17:45,0.74,5.111,310,,,
30/10/2000 18:00,0.75,5.121,310,,,
30/10/2000 18:15,0.76,5.131,310,,,
30/10/2000 18:30,0.77,5.141,311,,,
30/10/2000 18:45,0.78,5.148,313,,,
30/10/2000 19:00,0.79,5.162,312,,,
30/10/2000 19:15,0.8,5.164,312,,,
30/10/2000 19:30,0.81,5.172,311,,,
30/10/2000 19:45,0.82,5.178,310,,,
30/10/2000 20:00,0.83,5.187,311,,,
30/10/2000 20:15,0.84,5.201,311,,,
30/10/2000 20:30,0.85,5.21,313,,,
30/10/2000 20:45,0.86,5.211,314,,,
30/10/2000 21:00,0.87,5.222,317,,,
30/10/2000 21:15,0.89,5.234,321,,,
30/10/2000 21:30,0.9,5.242,323,,,
30/10/2000 21:45,0.91,5.257,324,,,
30/10/2000 22:00,0.92,5.267,325,,,
30/10/2000 22:15,0.93,5.273,325,,,
30/10/2000 22:30,0.94,5.276,326,,,
30/10/2000 22:45,0.95,5.295,327,,,
30/10/2000 23:00,0.96,5.312,330,,,
30/10/2000 23:15,0.97,5.324,333,,,
30/10/2000 23:30,0.98,5.334,335,,,
30/10/2000 23:45,0.99,5.362,335,,,
31/10/2000 00:00,1,5.365,336,,,
31/10/2000 00:15,1.01,5.378,337,,,
31/10/2000 00:30,1.02,5.386,337,,,
31/10/2000 00:45,1.03,5.404,338,,,
31/10/2000 01:00,1.04,5.419,343,,,
31/10/2000 01:15,1.05,5.436,346,,,
31/10/2000 01:30,1.06,5.458,350,,,
31/10/2000 01:45,1.07,5.468,351,,,
31/10/2000 02:00,1.08,5.489,356,,,
31/10/2000 02:15,1.09,5.511,360,,,
31/10/2000 02:30,1.1,5.522,361,,,
31/10/2000 02:45,1.11,5.545,364,,,
31/10/2000 03:00,1.13,5.567,367,,,
31/10/2000 03:15,1.14,5.575,370,,,
31/10/2000 03:30,1.15,5.601,373,,,
31/10/2000 03:45,1.16,5.618,375,,,
31/10/2000 04:00,1.17,5.634,378,,,
31/10/2000 04:15,1.18,5.655,381,,,
31/10/2000 04:30,1.19,5.672,382,,,
31/10/2000 04:45,1.2,5.698,384,,,
31/10/2000 05:00,1.21,5.717,387,,,
31/10/2000 05:15,1.22,5.739,388,,,
31/10/2000 05:30,1.23,5.764,390,,,
31/10/2000 05:45,1.24,5.778,392,,,
31/10/2000 06:00,1.25,5.804,393,,,
31/10/2000 06:15,1.26,5.818,397,,,
31/10/2000 06:30,1.27,5.839,400,,,
31/10/2000 06:45,1.28,5.865,401,,,
31/10/2000 07:00,1.29,5.876,402,,,
31/10/2000 07:15,1.3,5.901,406,,,
31/10/2000 07:30,1.31,5.917,407,,,
31/10/2000 07:45,1.32,5.929,409,,,
31/10/2000 08:00,1.33,5.966,409,,,
31/10/2000 08:15,1.34,5.966,411,,,
31/10/2000 08:30,1.35,5.977,414,,,
31/10/2000 08:45,1.36,5.999,415,,,
31/10/2000 09:00,1.38,6.017,417,,,
31/10/2000 09:15,1.39,6.02,417,,,
31/10/2000 09:30,1.4,6.034,420,,,
31/10/2000 09:45,1.41,6.06,422,,,
31/10/2000 10:00,1.42,6.066,424,,,
31/10/2000 10:15,1.43,6.064,425,,,
31/10/2000 10:30,1.44,6.077,427,,,
31/10/2000 10:45,1.45,6.1,430,,,
31/10/2000 11:00,1.46,6.116,433,,,
31/10/2000 11:15,1.47,6.116,434,,,
31/10/2000 11:30,1.48,6.118,436,,,
31/10/2000 11:45,1.49,6.125,438,,,
31/10/2000 12:00,1.5,6.134,439,,,
31/10/2000 12:15,1.51,6.137,443,,,
31/10/2000 12:30,1.52,6.156,445,,,
31/10/2000 12:45,1.53,6.162,444,,,
31/10/2000 13:00,1.54,6.162,447,,,
31/10/2000 13:15,1.55,6.162,448,,,
31/10/2000 13:30,1.56,6.162,448,,,
31/10/2000 13:45,1.57,6.165,450,1.575,,
31/10/2000 14:00,1.58,6.172,450,,,
31/10/2000 14:15,1.59,6.174,452,,,
31/10/2000 14:30,1.6,6.179,454,,,
31/10/2000 14:45,1.61,6.179,457,,,
31/10/2000 15:00,1.63,6.181,456,,,
31/10/2000 15:15,1.64,6.184,456,,,
31/10/2000 15:30,1.65,6.183,459,,,
31/10/2000 15:45,1.66,6.183,461,,,
31/10/2000 16:00,1.67,6.183,463,,,
31/10/2000 16:15,1.68,6.202,463,,,
31/10/2000 16:30,1.69,6.209,464,,,
31/10/2000 16:45,1.7,6.214,464,,,
31/10/2000 17:00,1.71,6.214,465,,,
31/10/2000 17:15,1.72,6.214,465,,,
31/10/2000 17:30,1.73,6.214,464,,,
31/10/2000 17:45,1.74,6.214,465,,,
31/10/2000 18:00,1.75,6.214,464,,,
31/10/2000 18:15,1.76,6.214,467,,,
31/10/2000 18:30,1.77,6.214,469,,,
31/10/2000 18:45,1.78,6.214,468,,,
31/10/2000 19:00,1.79,6.214,467,,,
31/10/2000 19:15,1.8,6.214,471,,,
31/10/2000 19:30,1.81,6.217,472,,,
31/10/2000 19:45,1.82,6.218,473,,,
31/10/2000 20:00,1.83,6.212,473,,,
31/10/2000 20:15,1.84,6.212,475,,,
31/10/2000 20:30,1.85,6.214,479,,,
31/10/2000 20:45,1.86,6.233,478,,,
31/10/2000 21:00,1.88,6.233,481,,,
31/10/2000 21:15,1.89,6.233,484,,,
31/10/2000 21:30,1.9,6.233,484,,,
31/10/2000 21:45,1.91,6.251,480,,,
31/10/2000 22:00,1.92,6.267,473,,,
31/10/2000 22:15,1.93,6.281,469,,,
31/10/2000 22:30,1.94,6.315,467,,,
31/10/2000 22:45,1.95,6.315,468,,,
31/10/2000 23:00,1.96,6.319,467,,,
31/10/2000 23:15,1.97,6.321,464,,,
31/10/2000 23:30,1.98,6.335,463,,,
31/10/2000 23:45,1.99,6.355,464,,,
01/11/2000 00:00,2,6.363,466,,,
01/11/2000 00:15,2.01,6.363,464,,,
01/11/2000 00:30,2.02,6.363,464,,,
01/11/2000 00:45,2.03,6.363,460,,,
01/11/2000 01:00,2.04,6.366,458,,,
01/11/2000 01:15,2.05,6.37,461,,,
01/11/2000 01:30,2.06,6.37,459,,,
01/11/2000 01:45,2.07,6.37,457,,,
01/11/2000 02:00,2.08,6.368,458,,,
01/11/2000 02:15,2.09,6.368,456,,,
01/11/2000 02:30,2.1,6.376,458,,,
01/11/2000 02:45,2.11,6.366,458,,,
01/11/2000 03:00,2.13,6.366,458,,,
01/11/2000 03:15,2.14,6.366,457,,,
01/11/2000 03:30,2.15,6.366,457,,,
01/11/2000 03:45,2.16,6.387,455,,,
01/11/2000 04:00,2.17,6.387,456,,,
01/11/2000 04:15,2.18,6.38,457,,,
01/11/2000 04:30,2.19,6.383,456,,,
01/11/2000 04:45,2.2,6.384,452,,,
01/11/2000 05:00,2.21,6.378,454,,,
01/11/2000 05:15,2.22,6.379,454,,,
01/11/2000 05:30,2.23,6.377,453,,,
01/11/2000 05:45,2.24,6.379,452,,,
01/11/2000 06:00,2.25,6.38,452,,,
01/11/2000 06:15,2.26,6.377,450,,,
01/11/2000 06:30,2.27,6.374,448,,,
01/11/2000 06:45,2.28,6.373,447,,,
01/11/2000 07:00,2.29,6.375,447,,,
01/11/2000 07:15,2.3,6.369,449,,,
01/11/2000 07:30,2.31,6.365,446,,,
01/11/2000 07:45,2.32,6.364,446,,,
01/11/2000 08:00,2.33,6.361,445,,,
01/11/2000 08:15,2.34,6.364,448,,,
01/11/2000 08:30,2.35,6.365,447,,,
01/11/2000 08:45,2.36,6.36,444,,,
01/11/2000 09:00,2.38,6.356,442,,,
01/11/2000 09:15,2.39,6.348,439,,,
01/11/2000 09:30,2.4,6.349,440,,,
01/11/2000 09:45,2.41,6.347,439,,,
01/11/2000 10:00,2.42,6.34,438,,,
01/11/2000 10:15,2.43,6.338,439,,,
01/11/2000 10:30,2.44,6.334,436,,,
01/11/2000 10:45,2.45,6.333,436,,,
01/11/2000 11:00,2.46,6.33,437,,,
01/11/2000 11:15,2.47,6.325,435,,,
01/11/2000 11:30,2.48,6.323,433,,,
01/11/2000 11:45,2.49,6.321,432,,,
01/11/2000 12:00,2.5,6.318,433,,,
01/11/2000 12:15,2.51,6.317,432,,,
01/11/2000 12:30,2.52,6.317,432,,,
01/11/2000 12:45,2.53,6.312,433,,,
01/11/2000 13:00,2.54,6.309,433,,,
01/11/2000 13:15,2.55,6.307,431,,,
01/11/2000 13:30,2.56,6.304,429,,,
01/11/2000 13:45,2.57,6.303,430,,,
01/11/2000 14:00,2.58,6.306,432,,,
01/11/2000 14:15,2.59,6.302,431,,,
01/11/2000 14:30,2.6,6.303,429,,,
01/11/2000 14:45,2.61,6.298,430,,,
01/11/2000 15:00,2.63,6.298,428,,,
01/11/2000 15:15,2.64,6.298,429,,,
01/11/2000 15:30,2.65,6.293,428,,,
01/11/2000 15:45,2.66,6.294,430,,,
01/11/2000 16:00,2.67,6.29,429,,,
01/11/2000 16:15,2.68,6.29,431,,,
01/11/2000 16:30,2.69,6.286,427,,,
01/11/2000 16:45,2.7,6.285,430,,,
01/11/2000 17:00,2.71,6.283,429,,,
01/11/2000 17:15,2.72,6.287,429,,,
01/11/2000 17:30,2.73,6.283,428,,,
01/11/2000 17:45,2.74,6.284,429,,,
01/11/2000 18:00,2.75,6.279,429,,,
01/11/2000 18:15,2.76,6.275,429,,,
01/11/2000 18:30,2.77,6.275,430,,,
01/11/2000 18:45,2.78,6.279,428,,,
01/11/2000 19:00,2.79,6.276,431,,,
01/11/2000 19:15,2.8,6.273,430,,,
01/11/2000 19:30,2.81,6.273,430,,,
01/11/2000 19:45,2.82,6.273,431,,,
01/11/2000 20:00,2.83,6.273,430,,,
01/11/2000 20:15,2.84,6.273,431,,,
01/11/2000 20:30,2.85,6.273,430,,,
01/11/2000 20:45,2.86,6.277,431,,,
01/11/2000 21:00,2.87,6.286,434,,,
01/11/2000 21:15,2.89,6.282,433,,,
01/11/2000 21:30,2.9,6.288,433,,,
01/11/2000 21:45,2.91,6.286,431,,,
01/11/2000 22:00,2.92,6.287,436,,,
01/11/2000 22:15,2.93,6.288,437,,,
01/11/2000 22:30,2.94,6.291,436,,,
01/11/2000 22:45,2.95,6.287,436,,,
01/11/2000 23:00,2.96,6.29,439,,,
01/11/2000 23:15,2.97,6.29,437,,,
01/11/2000 23:30,2.98,6.293,438,,,
01/11/2000 23:45,2.99,6.297,439,,,
02/11/2000 00:00,3,6.297,438,,,
02/11/2000 00:15,3.01,6.301,439,,,
02/11/2000 00:30,3.02,6.297,441,,,
02/11/2000 00:45,3.03,6.307,441,,,
02/11/2000 01:00,3.04,6.312,442,,,
02/11/2000 01:15,3.05,6.311,444,,,
02/11/2000 01:30,3.06,6.316,444,,,
02/11/2000 01:45,3.07,6.321,444,,,
02/11/2000 02:00,3.08,6.321,444,,,
02/11/2000 02:15,3.09,6.322,446,,,
02/11/2000 02:30,3.1,6.327,445,,,
02/11/2000 02:45,3.11,6.329,448,,,
02/11/2000 03:00,3.12,6.334,448,,,
02/11/2000 03:15,3.14,6.334,448,,,
02/11/2000 03:30,3.15,6.334,449,,,
02/11/2000 03:45,3.16,6.339,447,,,
02/11/2000 04:00,3.17,6.339,449,,,
02/11/2000 04:15,3.18,6.338,450,,,
02/11/2000 04:30,3.19,6.345,450,,,
02/11/2000 04:45,3.2,6.349,452,,,
02/11/2000 05:00,3.21,6.351,452,,,
02/11/2000 05:15,3.22,6.352,451,,,
02/11/2000 05:30,3.23,6.349,451,,,
02/11/2000 05:45,3.24,6.349,452,,,
02/11/2000 06:00,3.25,6.349,456,,,
02/11/2000 06:15,3.26,6.355,456,,,
02/11/2000 06:30,3.27,6.365,452,,,
02/11/2000 06:45,3.28,6.364,454,,,
02/11/2000 07:00,3.29,6.366,451,,,
02/11/2000 07:15,3.3,6.365,454,,,
02/11/2000 07:30,3.31,6.372,454,,,
02/11/2000 07:45,3.32,6.372,453,,,
02/11/2000 08:00,3.33,6.37,454,,,
02/11/2000 08:15,3.34,6.377,452,,,
02/11/2000 08:30,3.35,6.369,452,,,
02/11/2000 08:45,3.36,6.371,452,,,
02/11/2000 09:00,3.37,6.373,452,,,
02/11/2000 09:15,3.39,6.369,451,,,
02/11/2000 09:30,3.4,6.374,453,,,
02/11/2000 09:45,3.41,6.374,452,,,
02/11/2000 10:00,3.42,6.368,452,,,
02/11/2000 10:15,3.43,6.37,451,,,
02/11/2000 10:30,3.44,6.369,448,,,
02/11/2000 10:45,3.45,6.365,449,,,
02/11/2000 11:00,3.46,6.363,448,,,
02/11/2000 11:15,3.47,6.363,448,,,
02/11/2000 11:30,3.48,6.363,444,,,
02/11/2000 11:45,3.49,6.359,444,,,
02/11/2000 12:00,3.5,6.359,443,,,
02/11/2000 12:15,3.51,6.362,443,,,
02/11/2000 12:30,3.52,6.357,443,,,
02/11/2000 12:45,3.53,6.356,445,,,
02/11/2000 13:00,3.54,6.353,442,,,
02/11/2000 13:15,3.55,6.344,437,,,
02/11/2000 13:30,3.56,6.348,438,,,
02/11/2000 13:45,3.57,6.34,436,,,
02/11/2000 14:00,3.58,6.338,435,,,
02/11/2000 14:15,3.59,6.334,434,,,
02/11/2000 14:30,3.6,6.332,437,,,
02/11/2000 14:45,3.61,6.33,433,,,
02/11/2000 15:00,3.62,6.326,433,,,
02/11/2000 15:15,3.64,6.323,430,,,
02/11/2000 15:30,3.65,6.32,432,,,
02/11/2000 15:45,3.66,6.321,430,,,
02/11/2000 16:00,3.67,6.318,426,,,
02/11/2000 16:15,3.68,6.312,424,,,
02/11/2000 16:30,3.69,6.309,425,,,
02/11/2000 16:45,3.7,6.31,424,,,
02/11/2000 17:00,3.71,6.303,423,,,
02/11/2000 17:15,3.72,6.303,424,,,
02/11/2000 17:30,3.73,6.296,424,,,
02/11/2000 17:45,3.74,6.297,420,,,
02/11/2000 18:00,3.75,6.295,420,,,
02/11/2000 18:15,3.76,6.289,420,,,
02/11/2000 18:30,3.77,6.288,418,,,
02/11/2000 18:45,3.78,6.287,419,,,
02/11/2000 19:00,3.79,6.282,418,,,
02/11/2000 19:15,3.8,6.276,415,,,
02/11/2000 19:30,3.81,6.271,415,,,
02/11/2000 19:45,3.82,6.27,417,,,
02/11/2000 20:00,3.83,6.265,414,,,
02/11/2000 20:15,3.84,6.26,413,,,
02/11/2000 20:30,3.85,6.256,410,,,
02/11/2000 20:45,3.86,6.255,414,,,
02/11/2000 21:00,3.87,6.254,412,,,
02/11/2000 21:15,3.89,6.25,412,,,
02/11/2000 21:30,3.9,6.245,412,,,
02/11/2000 21:45,3.91,6.24,413,,,
02/11/2000 22:00,3.92,6.239,410,,,
02/11/2000 22:15,3.93,6.239,409,,,
02/11/2000 22:30,3.94,6.238,410,,,
02/11/2000 22:45,3.95,6.235,411,,,
02/11/2000 23:00,3.96,6.235,413,,,
02/11/2000 23:15,3.97,6.232,413,,,
02/11/2000 23:30,3.98,6.232,413,,,
02/11/2000 23:45,3.99,6.232,413,,,
03/11/2000 00:00,4,6.232,414,,,
03/11/2000 00:15,4.01,6.232,414,,,
03/11/2000 00:30,4.02,6.232,414,,,
03/11/2000 00:45,4.03,6.232,414,,,
03/11/2000 01:00,4.04,6.232,416,,,
03/11/2000 01:15,4.05,6.232,417,,,
03/11/2000 01:30,4.06,6.232,416,,,
03/11/2000 01:45,4.07,6.235,418,,,
03/11/2000 02:00,4.08,6.238,419,,,
03/11/2000 02:15,4.09,6.238,419,,,
03/11/2000 02:30,4.1,6.238,420,,,
03/11/2000 02:45,4.11,6.238,422,,,
03/11/2000 03:00,4.12,6.238,422,,,
03/11/2000 03:15,4.14,6.248,421,,,
03/11/2000 03:30,4.15,6.245,421,,,
03/11/2000 03:45,4.16,6.245,424,,,
03/11/2000 04:00,4.17,6.245,426,,,
03/11/2000 04:15,4.18,6.245,428,,,
03/11/2000 04:30,4.19,6.262,427,,,
03/11/2000 04:45,4.2,6.271,429,,,
03/11/2000 05:00,4.21,6.273,430,,,
03/11/2000 05:15,4.22,6.278,431,,,
03/11/2000 05:30,4.23,6.281,434,,,
03/11/2000 05:45,4.24,6.285,434,,,
03/11/2000 06:00,4.25,6.286,435,,,
03/11/2000 06:15,4.26,6.293,438,,,
03/11/2000 06:30,4.27,6.3,440,,,
03/11/2000 06:45,4.28,6.306,442,,,
03/11/2000 07:00,4.29,6.312,445,,,
03/11/2000 07:15,4.3,6.32,445,,,
03/11/2000 07:30,4.31,6.324,445,,,
03/11/2000 07:45,4.32,6.335,450,,,
03/11/2000 08:00,4.33,6.338,450,,,
03/11/2000 08:15,4.34,6.341,453,,,
03/11/2000 08:30,4.35,6.347,456,,,
03/11/2000 08:45,4.36,6.354,458,,,
03/11/2000 09:00,4.37,6.365,458,,,
03/11/2000 09:15,4.39,6.375,458,,,
03/11/2000 09:30,4.4,6.386,465,,,
03/11/2000 09:45,4.41,6.386,467,,,
03/11/2000 10:00,4.42,6.395,468,,,
03/11/2000 10:15,4.43,6.397,469,,,
03/11/2000 10:30,4.44,6.417,470,,,
03/11/2000 10:45,4.45,6.429,474,,,
03/11/2000 11:00,4.46,6.442,477,,,
03/11/2000 11:15,4.47,6.441,481,,,
03/11/2000 11:30,4.48,6.456,484,,,
03/11/2000 11:45,4.49,6.473,486,,,
03/11/2000 12:00,4.5,6.483,492,,,
03/11/2000 12:15,4.51,6.502,496,,,
03/11/2000 12:30,4.52,6.51,497,,,
03/11/2000 12:45,4.53,6.517,500,,,
03/11/2000 13:00,4.54,6.526,505,,,
03/11/2000 13:15,4.55,6.535,507,,,
03/11/2000 13:30,4.56,6.544,509,,,
03/11/2000 13:45,4.57,6.562,512,,,
03/11/2000 14:00,4.58,6.568,516,,,
03/11/2000 14:15,4.59,6.596,518,,,
03/11/2000 14:30,4.6,6.611,517,,,
03/11/2000 14:45,4.61,6.614,518,,,
03/11/2000 15:00,4.62,6.628,520,,,
03/11/2000 15:15,4.64,6.637,524,,,
03/11/2000 15:30,4.65,6.65,523,,,
03/11/2000 15:45,4.66,6.66,524,,,
03/11/2000 16:00,4.67,6.664,525,,,
03/11/2000 16:15,4.68,6.67,525,,,
03/11/2000 16:30,4.69,6.678,525,,,
03/11/2000 16:45,4.7,6.683,526,,,
03/11/2000 17:00,4.71,6.683,527,,,
03/11/2000 17:15,4.72,6.683,525,,,
03/11/2000 17:30,4.73,6.713,526,,,
03/11/2000 17:45,4.74,6.716,528,,,
03/11/2000 18:00,4.75,6.719,531,,,
03/11/2000 18:15,4.76,6.726,531,,,
03/11/2000 18:30,4.77,6.731,533,,,
03/11/2000 18:45,4.78,6.749,533,,,
03/11/2000 19:00,4.79,6.761,531,,,
03/11/2000 19:15,4.8,6.761,531,,,
03/11/2000 19:30,4.81,6.761,532,,,
03/11/2000 19:45,4.82,6.761,531,,,
03/11/2000 20:00,4.83,6.762,534,,,
03/11/2000 20:15,4.84,6.766,533,,,
03/11/2000 20:30,4.85,6.767,531,,,
03/11/2000 20:45,4.86,6.771,532,,,
03/11/2000 21:00,4.88,6.771,530,,,
03/11/2000 21:15,4.89,6.775,532,,,
03/11/2000 21:30,4.9,6.775,533,,,
03/11/2000 21:45,4.91,6.781,532,,,
03/11/2000 22:00,4.92,6.784,532,,,
03/11/2000 22:15,4.93,6.775,531,,,
03/11/2000 22:30,4.94,6.781,529,,,
03/11/2000 22:45,4.95,6.781,527,,,
03/11/2000 23:00,4.96,6.781,526,,,
03/11/2000 23:15,4.97,6.781,527,,,
03/11/2000 23:30,4.98,6.779,525,,,
03/11/2000 23:45,4.99,6.778,527,,,
04/11/2000 00:00,5,6.777,525,,,
04/11/2000 00:15,5.01,6.787,529,,,
04/11/2000 00:30,5.02,6.783,529,,,
04/11/2000 00:45,5.03,6.778,525,,,
04/11/2000 01:00,5.04,6.777,522,,,
04/11/2000 01:15,5.05,6.771,522,,,
04/11/2000 01:30,5.06,6.768,521,,,
04/11/2000 01:45,5.07,6.773,522,,,
04/11/2000 02:00,5.08,6.771,522,,,
04/11/2000 02:15,5.09,6.768,522,,,
04/11/2000 02:30,5.1,6.765,519,,,
04/11/2000 02:45,5.11,6.765,521,,,
04/11/2000 03:00,5.13,6.763,518,,,
04/11/2000 03:15,5.14,6.764,515,,,
04/11/2000 03:30,5.15,6.761,516,,,
04/11/2000 03:45,5.16,6.765,515,,,
04/11/2000 04:00,5.17,6.765,515,,,
04/11/2000 04:15,5.18,6.763,516,,,
04/11/2000 04:30,5.19,6.762,512,,,
04/11/2000 04:45,5.2,6.759,512,,,
04/11/2000 05:00,5.21,6.756,510,,,
04/11/2000 05:15,5.22,6.753,512,,,
04/11/2000 05:30,5.23,6.75,510,,,
04/11/2000 05:45,5.24,6.747,514,,,
04/11/2000 06:00,5.25,6.743,512,,,
04/11/2000 06:15,5.26,6.74,510,,,
04/11/2000 06:30,5.27,6.737,509,,,
04/11/2000 06:45,5.28,6.734,506,,,
04/11/2000 07:00,5.29,6.731,506,,,
04/11/2000 07:15,5.3,6.728,509,,,
04/11/2000 07:30,5.31,6.717,505,,,
04/11/2000 07:45,5.32,6.717,504,,,
04/11/2000 08:00,5.33,6.717,505,,,
04/11/2000 08:15,5.34,6.709,505,,,
04/11/2000 08:30,5.35,6.713,504,,,
04/11/2000 08:45,5.36,6.713,504,,,
04/11/2000 09:00,5.38,6.713,500,,,
04/11/2000 09:15,5.39,6.69,500,,,
04/11/2000 09:30,5.4,6.676,501,,,
04/11/2000 09:45,5.41,6.671,501,,,
04/11/2000 10:00,5.42,6.664,499,,,
04/11/2000 10:15,5.43,6.664,500,,,
04/11/2000 10:30,5.44,6.655,498,,,
04/11/2000 10:45,5.45,6.65,497,,,
04/11/2000 11:00,5.46,6.653,497,,,
04/11/2000 11:15,5.47,6.647,495,,,
04/11/2000 11:30,5.48,6.644,494,,,
04/11/2000 11:45,5.49,6.637,493,,,
04/11/2000 12:00,5.5,6.632,492,,,
04/11/2000 12:15,5.51,6.631,491,,,
04/11/2000 12:30,5.52,6.626,490,,,
04/11/2000 12:45,5.53,6.62,489,,,
04/11/2000 13:00,5.54,6.613,488,,,
04/11/2000 13:15,5.55,6.615,487,,,
04/11/2000 13:30,5.56,6.611,486,,,
04/11/2000 13:45,5.57,6.603,486,,,
04/11/2000 14:00,5.58,6.6,488,,,
04/11/2000 14:15,5.59,6.593,485,,,
04/11/2000 14:30,5.6,6.59,488,,,
04/11/2000 14:45,5.61,6.586,485,,,
04/11/2000 15:00,5.63,6.582,483,,,
04/11/2000 15:15,5.64,6.57,482,,,
04/11/2000 15:30,5.65,6.566,482,,,
04/11/2000 15:45,5.66,6.56,481,,,
04/11/2000 16:00,5.67,6.557,478,,,
04/11/2000 16:15,5.68,6.558,480,,,
04/11/2000 16:30,5.69,6.553,480,,,
04/11/2000 16:45,5.7,6.54,477,,,
04/11/2000 17:00,5.71,6.541,476,,,
04/11/2000 17:15,5.72,6.536,475,,,
04/11/2000 17:30,5.73,6.525,475,,,
04/11/2000 17:45,5.74,6.521,472,,,
04/11/2000 18:00,5.75,6.519,472,,,
04/11/2000 18:15,5.76,6.515,470,,,
04/11/2000 18:30,5.77,6.512,469,,,
04/11/2000 18:45,5.78,6.501,469,,,
04/11/2000 19:00,5.79,6.497,468,,,
04/11/2000 19:15,5.8,6.499,465,,,
04/11/2000 19:30,5.81,6.489,464,,,
04/11/2000 19:45,5.82,6.481,465,,,
04/11/2000 20:00,5.83,6.476,464,,,
04/11/2000 20:15,5.84,6.474,464,,,
04/11/2000 20:30,5.85,6.473,461,,,
04/11/2000 20:45,5.86,6.47,461,,,
04/11/2000 21:00,5.88,6.458,459,,,
04/11/2000 21:15,5.89,6.451,458,,,
04/11/2000 21:30,5.9,6.445,458,,,
04/11/2000 21:45,5.91,6.444,458,,,
04/11/2000 22:00,5.92,6.44,457,,,
04/11/2000 22:15,5.93,6.437,454,,,
04/11/2000 22:30,5.94,6.428,453,,,
04/11/2000 22:45,5.95,6.421,451,,,
04/11/2000 23:00,5.96,6.411,451,,,
04/11/2000 23:15,5.97,6.409,450,,,
04/11/2000 23:30,5.98,6.406,450,,,
04/11/2000 23:45,5.99,6.398,452,,,
05/11/2000 00:00,6,6.392,450,,,
05/11/2000 00:15,6.01,6.391,446,,,
05/11/2000 00:30,6.02,6.389,443,,,
05/11/2000 00:45,6.03,6.38,443,,,
05/11/2000 01:00,6.04,6.379,444,,,
05/11/2000 01:15,6.05,6.367,441,,,
05/11/2000 01:30,6.06,6.36,440,,,
05/11/2000 01:45,6.07,6.356,441,,,
05/11/2000 02:00,6.08,6.346,440,,,
05/11/2000 02:15,6.09,6.345,437,,,
05/11/2000 02:30,6.1,6.338,439,,,
05/11/2000 02:45,6.11,6.333,437,,,
05/11/2000 03:00,6.13,6.329,436,,,
05/11/2000 03:15,6.14,6.322,434,,,
05/11/2000 03:30,6.15,6.315,432,,,
05/11/2000 03:45,6.16,6.309,431,,,
05/11/2000 04:00,6.17,6.3,432,,,
05/11/2000 04:15,6.18,6.298,429,,,
05/11/2000 04:30,6.19,6.291,428,,,
05/11/2000 04:45,6.2,6.288,427,,,
05/11/2000 05:00,6.21,6.283,425,,,
05/11/2000 05:15,6.22,6.276,427,,,
05/11/2000 05:30,6.23,6.269,427,,,
05/11/2000 05:45,6.24,6.262,424,,,
05/11/2000 06:00,6.25,6.255,422,,,
05/11/2000 06:15,6.26,6.25,419,,,
05/11/2000 06:30,6.27,6.243,418,,,
05/11/2000 06:45,6.28,6.242,417,,,
05/11/2000 07:00,6.29,6.238,416,,,
05/11/2000 07:15,6.3,6.23,417,,,
05/11/2000 07:30,6.31,6.221,414,,,
05/11/2000 07:45,6.32,6.216,413,,,
05/11/2000 08:00,6.33,6.212,411,,,
05/11/2000 08:15,6.34,6.202,409,,,
05/11/2000 08:30,6.35,6.199,408,,,
05/11/2000 08:45,6.36,6.192,410,,,
05/11/2000 09:00,6.38,6.188,408,,,
05/11/2000 09:15,6.39,6.184,405,,,
05/11/2000 09:30,6.4,6.18,403,,,
05/11/2000 09:45,6.41,6.173,401,6.415,,4.84
05/11/2000 10:00,6.42,6.166,402,,,
05/11/2000 10:15,6.43,6.16,402,,,
05/11/2000 10:30,6.44,6.156,399,,,
05/11/2000 10:45,6.45,6.149,398,,,
05/11/2000 11:00,6.46,6.142,397,,,
05/11/2000 11:15,6.47,6.135,395,,,
05/11/2000 11:30,6.48,6.131,391,,,
05/11/2000 11:45,6.49,6.127,393,,,
05/11/2000 12:00,6.5,6.12,391,,,
05/11/2000 12:15,6.51,6.111,391,,,
05/11/2000 12:30,6.52,6.108,388,,,
05/11/2000 12:45,6.53,6.101,387,,,
05/11/2000 13:00,6.54,6.097,386,,,
05/11/2000 13:15,6.55,6.091,387,,,
05/11/2000 13:30,6.56,6.083,388,,,
05/11/2000 13:45,6.57,6.078,384,,,
05/11/2000 14:00,6.58,6.069,381,,,
05/11/2000 14:15,6.59,6.062,385,,,
05/11/2000 14:30,6.6,6.054,383,,,
05/11/2000 14:45,6.61,6.052,382,,,
05/11/2000 15:00,6.63,6.045,381,,,
05/11/2000 15:15,6.64,6.035,379,,,
05/11/2000 15:30,6.65,6.026,379,,,
05/11/2000 15:45,6.66,6.023,377,,,
05/11/2000 16:00,6.67,6.018,375,,,
05/11/2000 16:15,6.68,6.009,376,,,
05/11/2000 16:30,6.69,6.001,375,,,
05/11/2000 16:45,6.7,5.997,375,,,
05/11/2000 17:00,6.71,5.989,372,,,
05/11/2000 17:15,6.72,5.98,373,,,
05/11/2000 17:30,6.73,5.975,371,,,
05/11/2000 17:45,6.74,5.969,372,,,
05/11/2000 18:00,6.75,5.961,369,,,
05/11/2000 18:15,6.76,5.949,366,,,
05/11/2000 18:30,6.77,5.944,368,,,
05/11/2000 18:45,6.78,5.937,366,,,
05/11/2000 19:00,6.79,5.929,368,,,
05/11/2000 19:15,6.8,5.921,364,,,
05/11/2000 19:30,6.81,5.915,364,,,
05/11/2000 19:45,6.82,5.903,365,,,
05/11/2000 20:00,6.83,5.896,364,,,
05/11/2000 20:15,6.84,5.89,363,,,
05/11/2000 20:30,6.85,5.885,362,,,
05/11/2000 20:45,6.86,5.877,361,,,
05/11/2000 21:00,6.88,5.868,358,,,
05/11/2000 21:15,6.89,5.856,357,,,
05/11/2000 21:30,6.9,5.855,355,,,
05/11/2000 21:45,6.91,5.846,355,,,
05/11/2000 22:00,6.92,5.836,355,,,
05/11/2000 22:15,6.93,5.829,356,,,
05/11/2000 22:30,6.94,5.824,354,,,
05/11/2000 22:45,6.95,5.817,352,,,
05/11/2000 23:00,6.96,5.809,353,,,
05/11/2000 23:15,6.97,5.799,355,,,
05/11/2000 23:30,6.98,5.793,352,,,
05/11/2000 23:45,6.99,5.785,350,,,
06/11/2000 00:00,7,5.777,348,,,
06/11/2000 00:15,7.01,5.769,348,,,
06/11/2000 00:30,7.02,5.763,349,,,
06/11/2000 00:45,7.03,5.755,345,,,
06/11/2000 01:00,7.04,5.747,341,,,
06/11/2000 01:15,7.05,5.739,343,,,
06/11/2000 01:30,7.06,5.731,343,,,
06/11/2000 01:45,7.07,5.723,339,,,
06/11/2000 02:00,7.08,5.715,341,,,
06/11/2000 02:15,7.09,5.706,338,,,
06/11/2000 02:30,7.1,5.702,338,,,
06/11/2000 02:45,7.11,5.693,339,,,
06/11/2000 03:00,7.13,5.683,341,,,
06/11/2000 03:15,7.14,5.681,341,,,
06/11/2000 03:30,7.15,5.674,337,,,
06/11/2000 03:45,7.16,5.664,336,,,
06/11/2000 04:00,7.17,5.655,334,,,
06/11/2000 04:15,7.18,5.646,335,,,
06/11/2000 04:30,7.19,5.639,335,,,
06/11/2000 04:45,7.2,5.638,335,,,
06/11/2000 05:00,7.21,5.629,336,,,
06/11/2000 05:15,7.22,5.625,335,,,
06/11/2000 05:30,7.23,5.619,334,,,
06/11/2000 05:45,7.24,5.613,331,,,
06/11/2000 06:00,7.25,5.606,331,,,
06/11/2000 06:15,7.26,5.6,332,,,
06/11/2000 06:30,7.27,5.596,330,,,
06/11/2000 06:45,7.28,5.592,329,,,
06/11/2000 07:00,7.29,5.586,330,,,
06/11/2000 07:15,7.3,5.584,331,,,
06/11/2000 07:30,7.31,5.577,331,,,
06/11/2000 07:45,7.32,5.574,330,,,
06/11/2000 08:00,7.33,5.571,328,,,
06/11/2000 08:15,7.34,5.57,329,,,
06/11/2000 08:30,7.35,5.569,328,,,
06/11/2000 08:45,7.36,5.568,330,,,
06/11/2000 09:00,7.38,5.566,330,,,
06/11/2000 09:15,7.39,5.564,332,,,
06/11/2000 09:30,7.4,5.565,329,,,
06/11/2000 09:45,7.41,5.565,327,,,
06/11/2000 10:00,7.42,5.564,326,,,
06/11/2000 10:15,7.43,5.566,327,,,
06/11/2000 10:30,7.44,5.566,327,,,
06/11/2000 10:45,7.45,5.568,327,,,
06/11/2000 11:00,7.46,5.57,326,,,
06/11/2000 11:15,7.47,5.57,330,,,
06/11/2000 11:30,7.48,5.573,331,,,
06/11/2000 11:45,7.49,5.578,330,,,
06/11/2000 12:00,7.5,5.582,329,,,
06/11/2000 12:15,7.51,5.585,331,,,
06/11/2000 12:30,7.52,5.589,331,,,
06/11/2000 12:45,7.53,5.596,334,,,
06/11/2000 13:00,7.54,5.599,336,,,
06/11/2000 13:15,7.55,5.605,335,,,
06/11/2000 13:30,7.56,5.612,337,,,
06/11/2000 13:45,7.57,5.619,339,,,
06/11/2000 14:00,7.58,5.624,340,,,
06/11/2000 14:15,7.59,5.63,341,,,
06/11/2000 14:30,7.6,5.639,342,,,
06/11/2000 14:45,7.61,5.648,344,,,
06/11/2000 15:00,7.63,5.656,346,,,
06/11/2000 15:15,7.64,5.665,345,,,
06/11/2000 15:30,7.65,5.676,349,,,
06/11/2000 15:45,7.66,5.684,352,,,
06/11/2000 16:00,7.67,5.691,354,,,
06/11/2000 16:15,7.68,5.702,356,,,
06/11/2000 16:30,7.69,5.713,357,,,
06/11/2000 16:45,7.7,5.723,359,,,
06/11/2000 17:00,7.71,5.732,359,,,
06/11/2000 17:15,7.72,5.74,362,,,
06/11/2000 17:30,7.73,5.75,364,,,
06/11/2000 17:45,7.74,5.763,368,,,
06/11/2000 18:00,7.75,5.772,367,,,
06/11/2000 18:15,7.76,5.781,370,,,
06/11/2000 18:30,7.77,5.795,370,,,
06/11/2000 18:45,7.78,5.808,371,,,
06/11/2000 19:00,7.79,5.816,374,,,
06/11/2000 19:15,7.8,5.825,376,,,
06/11/2000 19:30,7.81,5.837,380,,,
06/11/2000 19:45,7.82,5.85,378,,,
06/11/2000 20:00,7.83,5.859,380,,,
06/11/2000 20:15,7.84,5.874,381,,,
06/11/2000 20:30,7.85,5.885,385,,,
06/11/2000 20:45,7.86,5.894,387,,,
06/11/2000 21:00,7.88,5.909,387,,,
06/11/2000 21:15,7.89,5.921,389,,,
06/11/2000 21:30,7.9,5.934,391,,,
06/11/2000 21:45,7.91,5.943,393,,,
06/11/2000 22:00,7.92,5.956,395,,,
06/11/2000 22:15,7.93,5.968,395,,,
06/11/2000 22:30,7.94,5.983,397,,,
06/11/2000 22:45,7.95,5.994,398,,,
06/11/2000 23:00,7.96,6.006,401,,,
06/11/2000 23:15,7.97,6.02,403,,,
06/11/2000 23:30,7.98,6.028,408,,,
06/11/2000 23:45,7.99,6.043,407,,,
07/11/2000 00:00,8,6.053,408,,,
07/11/2000 00:15,8.01,6.064,411,,,
07/11/2000 00:30,8.02,6.075,416,,,
07/11/2000 00:45,8.03,6.082,416,,,
07/11/2000 01:00,8.04,6.092,419,,,
07/11/2000 01:15,8.05,6.101,422,,,
07/11/2000 01:30,8.06,6.104,424,,,
07/11/2000 01:45,8.07,6.116,427,,,
07/11/2000 02:00,8.08,6.126,429,,,
07/11/2000 02:15,8.09,6.137,432,,,
07/11/2000 02:30,8.1,6.14,436,,,
07/11/2000 02:45,8.11,6.148,439,,,
07/11/2000 03:00,8.13,6.158,439,,,
07/11/2000 03:15,8.14,6.161,443,,,
07/11/2000 03:30,8.15,6.167,447,8.155,,
07/11/2000 03:45,8.16,6.175,447,,,
07/11/2000 04:00,8.17,6.177,450,,,
07/11/2000 04:15,8.18,6.184,452,,,
07/11/2000 04:30,8.19,6.184,455,,,
07/11/2000 04:45,8.2,6.195,455,,,
07/11/2000 05:00,8.21,6.211,450,,,
07/11/2000 05:15,8.22,6.219,450,,,
07/11/2000 05:30,8.23,6.237,448,,,
07/11/2000 05:45,8.24,6.244,450,,,
07/11/2000 06:00,8.25,6.26,451,,,
07/11/2000 06:15,8.26,6.266,452,,,
07/11/2000 06:30,8.27,6.275,454,,,
07/11/2000 06:45,8.28,6.282,456,,,
07/11/2000 07:00,8.29,6.297,456,,,
07/11/2000 07:15,8.3,6.299,457,,,
07/11/2000 07:30,8.31,6.312,461,,,
07/11/2000 07:45,8.32,6.322,462,,,
07/11/2000 08:00,8.33,6.326,463,,,
07/11/2000 08:15,8.34,6.335,463,,,
07/11/2000 08:30,8.35,6.345,463,,,
07/11/2000 08:45,8.36,6.356,467,,,
07/11/2000 09:00,8.38,6.364,468,,,
07/11/2000 09:15,8.39,6.37,470,,,
07/11/2000 09:30,8.4,6.379,469,,,
07/11/2000 09:45,8.41,6.386,471,,,
07/11/2000 10:00,8.42,6.392,471,,,
07/11/2000 10:15,8.43,6.402,476,,,
07/11/2000 10:30,8.44,6.406,475,,,
07/11/2000 10:45,8.45,6.41,478,,,
07/11/2000 11:00,8.46,6.417,477,,,
07/11/2000 11:15,8.47,6.423,474,,,
07/11/2000 11:30,8.48,6.433,475,,,
07/11/2000 11:45,8.49,6.44,478,,,
07/11/2000 12:00,8.5,6.442,474,,,
07/11/2000 12:15,8.51,6.444,477,,,
07/11/2000 12:30,8.52,6.445,477,,,
07/11/2000 12:45,8.53,6.447,478,,,
07/11/2000 13:00,8.54,6.453,477,,,
07/11/2000 13:15,8.55,6.457,476,,,
07/11/2000 13:30,8.56,6.459,477,,,
07/11/2000 13:45,8.57,6.463,477,,,
07/11/2000 14:00,8.58,6.462,477,,,
07/11/2000 14:15,8.59,6.471,475,,,
07/11/2000 14:30,8.6,6.471,475,,,
07/11/2000 14:45,8.61,6.469,479,,,
07/11/2000 15:00,8.63,6.47,476,,,
07/11/2000 15:15,8.64,6.475,477,,,
07/11/2000 15:30,8.65,6.475,476,,,
07/11/2000 15:45,8.66,6.479,474,,,
07/11/2000 16:00,8.67,6.478,476,,,
07/11/2000 16:15,8.68,6.479,476,,,
07/11/2000 16:30,8.69,6.475,476,,,
07/11/2000 16:45,8.7,6.478,475,,,
07/11/2000 17:00,8.71,6.475,474,,,
07/11/2000 17:15,8.72,6.48,475,,,
07/11/2000 17:30,8.73,6.478,472,,,
07/11/2000 17:45,8.74,6.479,474,,,
07/11/2000 18:00,8.75,6.474,472,,,
07/11/2000 18:15,8.76,6.474,475,,,
07/11/2000 18:30,8.77,6.477,472,,,
07/11/2000 18:45,8.78,6.479,470,,,
07/11/2000 19:00,8.79,6.479,473,,,
07/11/2000 19:15,8.8,6.478,473,,,
07/11/2000 19:30,8.81,6.475,472,,,
07/11/2000 19:45,8.82,6.474,473,,,
07/11/2000 20:00,8.83,6.472,472,,,
07/11/2000 20:15,8.84,6.473,470,,,
07/11/2000 20:30,8.85,6.473,472,,,
07/11/2000 20:45,8.86,6.477,471,,,
07/11/2000 21:00,8.88,6.475,472,,,
07/11/2000 21:15,8.89,6.476,473,,,
07/11/2000 21:30,8.9,6.47,472,,,
07/11/2000 21:45,8.91,6.477,474,,,
07/11/2000 22:00,8.92,6.472,473,,,
07/11/2000 22:15,8.93,6.473,474,,,
07/11/2000 22:30,8.94,6.477,471,,,
07/11/2000 22:45,8.95,6.473,473,,,
07/11/2000 23:00,8.96,6.474,473,,,
07/11/2000 23:15,8.97,6.477,474,,,
07/11/2000 23:30,8.98,6.472,472,,,
07/11/2000 23:45,8.99,6.476,470,,,
08/11/2000 00:00,9,6.476,471,,,
08/11/2000 00:15,9.01,6.472,472,,,
08/11/2000 00:30,9.02,6.474,472,,,
08/11/2000 00:45,9.03,6.474,474,,,
08/11/2000 01:00,9.04,6.474,477,,,
08/11/2000 01:15,9.05,6.475,477,,,
08/11/2000 01:30,9.06,6.476,475,,,
08/11/2000 01:45,9.07,6.479,474,,,
08/11/2000 02:00,9.08,6.477,473,,,
08/11/2000 02:15,9.09,6.481,475,,,
08/11/2000 02:30,9.1,6.479,474,,,
08/11/2000 02:45,9.11,6.483,473,,,
08/11/2000 03:00,9.13,6.482,474,,,
08/11/2000 03:15,9.14,6.481,478,,,
08/11/2000 03:30,9.15,6.478,474,,,
08/11/2000 03:45,9.16,6.481,475,,,
08/11/2000 04:00,9.17,6.476,476,,,
08/11/2000 04:15,9.18,6.48,476,,,
08/11/2000 04:30,9.19,6.483,475,,,
08/11/2000 04:45,9.2,6.48,474,,,
08/11/2000 05:00,9.21,6.48,474,,,
08/11/2000 05:15,9.22,6.481,478,,,
08/11/2000 05:30,9.23,6.481,475,,,
08/11/2000 05:45,9.24,6.48,476,,,
08/11/2000 06:00,9.25,6.478,476,,,
08/11/2000 06:15,9.26,6.482,476,,,
08/11/2000 06:30,9.27,6.48,478,,,
08/11/2000 06:45,9.28,6.483,477,,,
08/11/2000 07:00,9.29,6.48,475,,,
08/11/2000 07:15,9.3,6.48,475,,,
08/11/2000 07:30,9.31,6.48,474,,,
08/11/2000 07:45,9.32,6.483,474,,,
08/11/2000 08:00,9.33,6.479,477,,,
08/11/2000 08:15,9.34,6.475,477,,,
08/11/2000 08:30,9.35,6.48,473,,,
08/11/2000 08:45,9.36,6.476,476,,,
08/11/2000 09:00,9.38,6.48,472,,,
08/11/2000 09:15,9.39,6.478,473,,,
08/11/2000 09:30,9.4,6.477,473,,,
08/11/2000 09:45,9.41,6.476,473,,,
08/11/2000 10:00,9.42,6.476,474,,,
08/11/2000 10:15,9.43,6.474,473,,,
08/11/2000 10:30,9.44,6.474,474,,,
08/11/2000 10:45,9.45,6.474,472,,,
08/11/2000 11:00,9.46,6.473,472,,,
08/11/2000 11:15,9.47,6.476,471,,,
08/11/2000 11:30,9.48,6.474,474,,,
08/11/2000 11:45,9.49,6.471,474,,,
08/11/2000 12:00,9.5,6.47,471,,,
08/11/2000 12:15,9.51,6.464,472,,,
08/11/2000 12:30,9.52,6.464,472,,,
08/11/2000 12:45,9.53,6.463,470,,,
08/11/2000 13:00,9.54,6.461,471,,,
08/11/2000 13:15,9.55,6.458,470,,,
08/11/2000 13:30,9.56,6.459,469,,,
08/11/2000 13:45,9.57,6.458,471,,,
08/11/2000 14:00,9.58,6.456,467,,,
08/11/2000 14:15,9.59,6.453,466,,,
08/11/2000 14:30,9.6,6.448,467,,,
08/11/2000 14:45,9.61,6.45,466,,,
08/11/2000 15:00,9.63,6.445,465,,,
08/11/2000 15:15,9.64,6.446,466,,,
08/11/2000 15:30,9.65,6.442,466,,,
08/11/2000 15:45,9.66,6.439,463,,,
08/11/2000 16:00,9.67,6.435,465,,,
08/11/2000 16:15,9.68,6.431,463,,,
08/11/2000 16:30,9.69,6.429,462,,,
08/11/2000 16:45,9.7,6.428,463,,,
08/11/2000 17:00,9.71,6.428,463,,,
08/11/2000 17:15,9.72,6.422,460,,,
08/11/2000 17:30,9.73,6.416,460,,,
08/11/2000 17:45,9.74,6.415,458,,,
08/11/2000 18:00,9.75,6.409,459,,,
08/11/2000 18:15,9.76,6.41,461,,,
08/11/2000 18:30,9.77,6.408,458,,,
08/11/2000 18:45,9.78,6.403,455,,,
08/11/2000 19:00,9.79,6.397,456,,,
08/11/2000 19:15,9.8,6.398,458,,,
08/11/2000 19:30,9.81,6.392,455,,,
08/11/2000 19:45,9.82,6.388,457,,,
08/11/2000 20:00,9.83,6.388,453,,,
08/11/2000 20:15,9.84,6.385,455,,,
08/11/2000 20:30,9.85,6.383,454,,,
08/11/2000 20:45,9.86,6.377,454,,,
08/11/2000 21:00,9.87,6.375,454,,,
08/11/2000 21:15,9.89,6.371,451,,,
08/11/2000 21:30,9.9,6.366,452,,,
08/11/2000 21:45,9.91,6.364,447,,,
08/11/2000 22:00,9.92,6.362,447,,,
08/11/2000 22:15,9.93,6.361,447,,,
08/11/2000 22:30,9.94,6.353,445,,,
08/11/2000 22:45,9.95,6.35,446,,,
08/11/2000 23:00,9.96,6.349,445,,,
08/11/2000 23:15,9.97,6.342,444,,,
08/11/2000 23:30,9.98,6.343,444,,,
08/11/2000 23:45,9.99,6.333,444,,,
09/11/2000 00:00,10,6.331,444,,,
09/11/2000 00:15,10.01,6.333,442,,,
09/11/2000 00:30,10.02,6.329,440,,,
09/11/2000 00:45,10.03,6.322,442,,,
09/11/2000 01:00,10.04,6.322,440,,,
09/11/2000 01:15,10.05,6.314,438,,,
09/11/2000 01:30,10.06,6.308,437,,,
09/11/2000 01:45,10.07,6.306,438,,,
09/11/2000 02:00,10.08,6.3,437,,,
09/11/2000 02:15,10.09,6.3,435,,,
09/11/2000 02:30,10.1,6.297,435,,,
09/11/2000 02:45,10.11,6.293,434,,,
09/11/2000 03:00,10.13,6.289,435,,,
09/11/2000 03:15,10.14,6.285,432,,,
09/11/2000 03:30,10.15,6.281,432,,,
09/11/2000 03:45,10.16,6.28,430,,,
09/11/2000 04:00,10.17,6.275,433,,,
09/11/2000 04:15,10.18,6.269,433,,,
09/11/2000 04:30,10.19,6.268,430,,,
09/11/2000 04:45,10.2,6.264,429,,,
09/11/2000 05:00,10.21,6.26,428,,,
09/11/2000 05:15,10.22,6.253,426,,,
09/11/2000 05:30,10.23,6.253,427,,,
09/11/2000 05:45,10.24,6.247,426,,,
09/11/2000 06:00,10.25,6.243,423,,,
09/11/2000 06:15,10.26,6.241,423,,,
09/11/2000 06:30,10.27,6.237,424,,,
09/11/2000 06:45,10.28,6.236,421,,,
09/11/2000 07:00,10.29,6.232,421,,,
09/11/2000 07:15,10.3,6.227,418,,,
09/11/2000 07:30,10.31,6.222,419,,,
09/11/2000 07:45,10.32,6.221,419,,,
09/11/2000 08:00,10.33,6.212,418,,,
09/11/2000 08:15,10.34,6.212,417,,,
09/11/2000 08:30,10.35,6.209,417,,,
09/11/2000 08:45,10.36,6.202,416,,,
09/11/2000 09:00,10.38,6.202,416,,,
09/11/2000 09:15,10.39,6.197,412,,,
09/11/2000 09:30,10.4,6.192,410,,,
09/11/2000 09:45,10.41,6.191,411,,,
09/11/2000 10:00,10.42,6.187,410,,,
09/11/2000 10:15,10.43,6.183,411,,,
09/11/2000 10:30,10.44,6.178,410,,,
09/11/2000 10:45,10.45,6.176,407,,,
09/11/2000 11:00,10.46,6.172,405,10.465,,55.44
09/11/2000 11:15,10.47,6.167,407,,,
09/11/2000 11:30,10.48,6.165,406,,,
09/11/2000 11:45,10.49,6.161,405,,,
09/11/2000 12:00,10.5,6.152,404,,,
09/11/2000 12:15,10.51,6.148,402,,,
09/11/2000 12:30,10.52,6.147,402,,,
09/11/2000 12:45,10.53,6.139,402,,,
09/11/2000 13:00,10.54,6.138,400,,,
09/11/2000 13:15,10.55,6.131,399,,,
09/11/2000 13:30,10.56,6.129,397,,,
09/11/2000 13:45,10.57,6.124,398,,,
09/11/2000 14:00,10.58,6.119,396,,,
09/11/2000 14:15,10.59,6.113,395,,,
09/11/2000 14:30,10.6,6.105,398,,,
09/11/2000 14:45,10.61,6.106,392,,,
09/11/2000 15:00,10.62,6.101,393,,,
09/11/2000 15:15,10.64,6.094,394,,,
09/11/2000 15:30,10.65,6.092,397,,,
09/11/2000 15:45,10.66,6.086,393,,,
09/11/2000 16:00,10.67,6.085,391,,,
09/11/2000 16:15,10.68,6.077,391,,,
09/11/2000 16:30,10.69,6.072,388,,,
09/11/2000 16:45,10.7,6.066,389,,,
09/11/2000 17:00,10.71,6.064,387,,,
09/11/2000 17:15,10.72,6.056,386,,,
09/11/2000 17:30,10.73,6.05,384,,,
09/11/2000 17:45,10.74,6.045,384,,,
09/11/2000 18:00,10.75,6.04,383,,,
09/11/2000 18:15,10.76,6.036,381,,,
09/11/2000 18:30,10.77,6.03,381,,,
09/11/2000 18:45,10.78,6.023,380,,,
09/11/2000 19:00,10.79,6.021,379,,,
09/11/2000 19:15,10.8,6.013,377,,,
09/11/2000 19:30,10.81,6.01,377,,,
09/11/2000 19:45,10.82,6,375,,,
09/11/2000 20:00,10.83,5.995,376,,,
09/11/2000 20:15,10.84,5.988,375,,,
09/11/2000 20:30,10.85,5.982,374,,,
09/11/2000 20:45,10.86,5.978,373,,,
09/11/2000 21:00,10.87,5.975,375,,,
09/11/2000 21:15,10.89,5.969,372,,,
09/11/2000 21:30,10.9,5.962,372,,,
09/11/2000 21:45,10.91,5.953,372,,,
09/11/2000 22:00,10.92,5.956,370,,,
09/11/2000 22:15,10.93,5.945,369,,,
09/11/2000 22:30,10.94,5.941,370,,,
09/11/2000 22:45,10.95,5.933,368,,,
09/11/2000 23:00,10.96,5.927,367,,,
09/11/2000 23:15,10.97,5.919,366,,,
09/11/2000 23:30,10.98,5.917,367,,,
09/11/2000 23:45,10.99,5.91,365,,,
10/11/2000 00:00,11,5.9,365,,,
10/11/2000 00:15,11.01,5.895,365,,,
10/11/2000 00:30,11.02,5.891,363,,,
10/11/2000 00:45,11.03,5.885,362,,,
10/11/2000 01:00,11.04,5.875,361,,,
10/11/2000 01:15,11.05,5.873,360,,,
10/11/2000 01:30,11.06,5.864,360,,,
10/11/2000 01:45,11.07,5.857,360,,,
10/11/2000 02:00,11.08,5.849,360,,,
10/11/2000 02:15,11.09,5.842,359,,,
10/11/2000 02:30,11.1,5.836,358,,,
10/11/2000 02:45,11.11,5.83,357,,,
10/11/2000 03:00,11.12,5.824,356,,,
10/11/2000 03:15,11.14,5.815,354,,,
10/11/2000 03:30,11.15,5.811,354,,,
10/11/2000 03:45,11.16,5.803,354,,,
10/11/2000 04:00,11.17,5.793,353,,,
10/11/2000 04:15,11.18,5.785,352,,,
10/11/2000 04:30,11.19,5.781,352,,,
10/11/2000 04:45,11.2,5.774,351,,,
10/11/2000 05:00,11.21,5.766,348,,,
10/11/2000 05:15,11.22,5.762,346,,,
10/11/2000 05:30,11.23,5.751,347,,,
10/11/2000 05:45,11.24,5.742,345,,,
10/11/2000 06:00,11.25,5.736,345,,,
10/11/2000 06:15,11.26,5.731,342,,,
10/11/2000 06:30,11.27,5.721,343,,,
10/11/2000 06:45,11.28,5.714,342,,,
10/11/2000 07:00,11.29,5.706,341,,,
10/11/2000 07:15,11.3,5.7,339,,,
10/11/2000 07:30,11.31,5.692,339,,,
10/11/2000 07:45,11.32,5.683,338,,,
10/11/2000 08:00,11.33,5.676,336,,,
10/11/2000 08:15,11.34,5.67,335,,,
10/11/2000 08:30,11.35,5.664,334,,,
10/11/2000 08:45,11.36,5.654,334,,,
10/11/2000 09:00,11.37,5.644,334,,,
10/11/2000 09:15,11.39,5.636,332,,,
10/11/2000 09:30,11.4,5.631,331,,,
10/11/2000 09:45,11.41,5.622,331,,,
10/11/2000 10:00,11.42,5.618,330,,,
10/11/2000 10:15,11.43,5.612,328,,,
10/11/2000 10:30,11.44,5.603,327,,,
10/11/2000 10:45,11.45,5.593,326,,,
10/11/2000 11:00,11.46,5.588,325,,,
10/11/2000 11:15,11.47,5.581,324,,,
10/11/2000 11:30,11.48,5.573,325,,,
10/11/2000 11:45,11.49,5.566,323,,,
10/11/2000 12:00,11.5,5.558,322,,,
10/11/2000 12:15,11.51,5.552,321,,,
10/11/2000 12:30,11.52,5.543,321,,,
10/11/2000 12:45,11.53,5.536,320,,,
10/11/2000 13:00,11.54,5.532,319,,,
10/11/2000 13:15,11.55,5.524,319,,,
10/11/2000 13:30,11.56,5.516,318,,,
10/11/2000 13:45,11.57,5.509,317,,,
10/11/2000 14:00,11.58,5.503,317,,,
10/11/2000 14:15,11.59,5.491,316,,,
10/11/2000 14:30,11.6,5.485,315,,,
10/11/2000 14:45,11.61,5.481,314,,,
10/11/2000 15:00,11.62,5.477,314,,,
10/11/2000 15:15,11.64,5.467,313,,,
10/11/2000 15:30,11.65,5.46,312,,,
10/11/2000 15:45,11.66,5.451,312,,,
10/11/2000 16:00,11.67,5.448,312,,,
10/11/2000 16:15,11.68,5.437,311,,,
10/11/2000 16:30,11.69,5.429,310,,,
10/11/2000 16:45,11.7,5.425,310,,,
10/11/2000 17:00,11.71,5.419,309,,,
10/11/2000 17:15,11.72,5.411,307,,,
10/11/2000 17:30,11.73,5.406,306,,,
10/11/2000 17:45,11.74,5.395,306,,,
10/11/2000 18:00,11.75,5.39,305,,,
10/11/2000 18:15,11.76,5.384,305,,,
10/11/2000 18:30,11.77,5.376,304,,,
10/11/2000 18:45,11.78,5.372,303,,,
10/11/2000 19:00,11.79,5.366,302,,,
10/11/2000 19:15,11.8,5.357,302,,,
10/11/2000 19:30,11.81,5.349,301,,,
10/11/2000 19:45,11.82,5.343,300,,,
10/11/2000 20:00,11.83,5.337,299,,,
10/11/2000 20:15,11.84,5.332,299,,,
10/11/2000 20:30,11.85,5.327,299,,,
10/11/2000 20:45,11.86,5.321,298,,,
10/11/2000 21:00,11.87,5.313,296,,,
10/11/2000 21:15,11.89,5.305,296,,,
10/11/2000 21:30,11.9,5.295,296,,,
10/11/2000 21:45,11.91,5.29,295,,,
10/11/2000 22:00,11.92,5.285,293,,,
10/11/2000 22:15,11.93,5.278,292,,,
10/11/2000 22:30,11.94,5.276,292,,,
10/11/2000 22:45,11.95,5.269,292,,,
10/11/2000 23:00,11.96,5.262,292,,,
10/11/2000 23:15,11.97,5.255,291,,,
10/11/2000 23:30,11.98,5.247,289,,,
10/11/2000 23:45,11.99,5.243,288,,,
11/11/2000 00:00,12,5.235,287,,,
11/11/2000 00:15,12.01,5.231,286,,,
11/11/2000 00:30,12.02,5.223,287,,,
11/11/2000 00:45,12.03,5.22,287,,,
11/11/2000 01:00,12.04,5.214,287,,,
11/11/2000 01:15,12.05,5.208,286,,,
11/11/2000 01:30,12.06,5.201,285,,,
11/11/2000 01:45,12.07,5.197,283,,,
11/11/2000 02:00,12.08,5.19,282,,,
11/11/2000 02:15,12.09,5.185,282,,,
11/11/2000 02:30,12.1,5.181,282,,,
11/11/2000 02:45,12.11,5.177,282,,,
11/11/2000 03:00,12.12,5.171,282,,,
11/11/2000 03:15,12.14,5.163,280,,,
11/11/2000 03:30,12.15,5.156,280,,,
11/11/2000 03:45,12.16,5.153,281,,,
11/11/2000 04:00,12.17,5.146,281,,,
11/11/2000 04:15,12.18,5.138,280,,,
11/11/2000 04:30,12.19,5.135,280,,,
11/11/2000 04:45,12.2,5.131,280,,,
11/11/2000 05:00,12.21,5.126,279,,,
11/11/2000 05:15,12.22,5.119,279,,,
11/11/2000 05:30,12.23,5.113,279,,,
11/11/2000 05:45,12.24,5.106,278,,,
11/11/2000 06:00,12.25,5.1,278,,,
11/11/2000 06:15,12.26,5.097,277,,,
11/11/2000 06:30,12.27,5.088,277,,,
11/11/2000 06:45,12.28,5.083,277,,,
11/11/2000 07:00,12.29,5.081,276,,,
11/11/2000 07:15,12.3,5.078,275,,,
11/11/2000 07:30,12.31,5.071,275,,,
11/11/2000 07:45,12.32,5.066,274,,,
11/11/2000 08:00,12.33,5.059,275,,,
11/11/2000 08:15,12.34,5.055,274,,,
11/11/2000 08:30,12.35,5.049,274,,,
11/11/2000 08:45,12.36,5.043,272,,,
11/11/2000 09:00,12.37,5.037,273,,,
11/11/2000 09:15,12.39,5.032,273,,,
11/11/2000 09:30,12.4,5.03,272,,,
11/11/2000 09:45,12.41,5.025,272,,,
11/11/2000 10:00,12.42,5.018,270,,,
11/11/2000 10:15,12.43,5.01,270,,,
11/11/2000 10:30,12.44,5.009,270,,,
11/11/2000 10:45,12.45,5.002,269,,,
11/11/2000 11:00,12.46,4.995,268,,,
11/11/2000 11:15,12.47,4.991,269,,,
11/11/2000 11:30,12.48,4.987,268,,,
11/11/2000 11:45,12.49,4.981,268,,,
11/11/2000 12:00,12.5,4.977,268,,,
11/11/2000 12:15,12.51,4.97,267,,,
11/11/2000 12:30,12.52,4.967,266,,,
11/11/2000 12:45,12.53,4.964,266,,,
11/11/2000 13:00,12.54,4.959,264,,,
11/11/2000 13:15,12.55,4.953,264,,,
11/11/2000 13:30,12.56,4.95,265,,,
11/11/2000 13:45,12.57,4.943,263,,,
11/11/2000 14:00,12.58,4.937,263,,,
11/11/2000 14:15,12.59,4.931,263,,,
11/11/2000 14:30,12.6,4.93,263,,,
11/11/2000 14:45,12.61,4.927,263,,,
11/11/2000 15:00,12.62,4.921,262,,,
11/11/2000 15:15,12.64,4.917,263,,,
11/11/2000 15:30,12.65,4.911,262,,,
11/11/2000 15:45,12.66,4.906,261,,,
11/11/2000 16:00,12.67,4.901,261,,,
11/11/2000 16:15,12.68,4.899,261,,,
11/11/2000 16:30,12.69,4.892,261,,,
11/11/2000 16:45,12.7,4.888,260,,,
11/11/2000 17:00,12.71,4.883,261,,,
11/11/2000 17:15,12.72,4.881,260,,,
11/11/2000 17:30,12.73,4.879,260,,,
11/11/2000 17:45,12.74,4.876,261,,,
11/11/2000 18:00,12.75,4.871,261,,,
11/11/2000 18:15,12.76,4.868,262,,,
11/11/2000 18:30,12.77,4.864,262,,,
11/11/2000 18:45,12.78,4.861,261,,,
11/11/2000 19:00,12.79,4.858,261,,,
11/11/2000 19:15,12.8,4.855,261,,,
11/11/2000 19:30,12.81,4.852,261,,,
11/11/2000 19:45,12.82,4.849,260,,,
11/11/2000 20:00,12.83,4.847,260,,,
11/11/2000 20:15,12.84,4.843,260,,,
11/11/2000 20:30,12.85,4.84,259,,,
11/11/2000 20:45,12.86,4.836,260,,,
11/11/2000 21:00,12.87,4.833,260,,,
11/11/2000 21:15,12.89,4.833,259,,,
11/11/2000 21:30,12.9,4.829,260,,,
11/11/2000 21:45,12.91,4.827,259,,,
11/11/2000 22:00,12.92,4.824,259,,,
11/11/2000 22:15,12.93,4.822,258,,,
11/11/2000 22:30,12.94,4.818,258,,,
11/11/2000 22:45,12.95,4.815,258,,,
11/11/2000 23:00,12.96,4.812,257,,,
11/11/2000 23:15,12.97,4.808,257,,,
11/11/2000 23:30,12.98,4.805,257,,,
11/11/2000 23:45,12.99,4.798,257,,,
12/11/2000 00:00,13,4.798,257,,,
12/11/2000 00:15,13.01,4.794,256,,,
12/11/2000 00:30,13.02,4.788,255,,,
12/11/2000 00:45,13.03,4.786,256,,,
12/11/2000 01:00,13.04,4.782,255,,,
12/11/2000 01:15,13.05,4.779,254,,,
12/11/2000 01:30,13.06,4.776,254,,,
12/11/2000 01:45,13.07,4.773,254,,,
12/11/2000 02:00,13.08,4.769,254,,,
12/11/2000 02:15,13.09,4.766,254,,,
12/11/2000 02:30,13.1,4.761,253,,,
12/11/2000 02:45,13.11,4.756,253,,,
12/11/2000 03:00,13.12,4.753,252,,,
12/11/2000 03:15,13.14,4.747,252,,,
12/11/2000 03:30,13.15,4.745,251,,,
12/11/2000 03:45,13.16,4.74,250,,,
12/11/2000 04:00,13.17,4.735,251,,,
12/11/2000 04:15,13.18,4.73,250,,,
12/11/2000 04:30,13.19,4.729,250,,,
12/11/2000 04:45,13.2,4.725,250,,,
12/11/2000 05:00,13.21,4.721,249,,,
12/11/2000 05:15,13.22,4.714,249,,,
12/11/2000 05:30,13.23,4.711,248,,,
12/11/2000 05:45,13.24,4.707,248,,,
12/11/2000 06:00,13.25,4.701,247,,,
12/11/2000 06:15,13.26,4.694,247,,,
12/11/2000 06:30,13.27,4.685,247,,,
12/11/2000 06:45,13.28,4.683,246,,,
12/11/2000 07:00,13.29,4.679,246,,,
12/11/2000 07:15,13.3,4.675,246,,,
12/11/2000 07:30,13.31,4.666,245,,,
12/11/2000 07:45,13.32,4.661,245,,,
12/11/2000 08:00,13.33,4.656,244,,,
12/11/2000 08:15,13.34,4.651,243,,,
12/11/2000 08:30,13.35,4.643,243,,,
12/11/2000 08:45,13.36,4.637,243,,,
12/11/2000 09:00,13.37,4.633,242,,,
12/11/2000 09:15,13.39,4.627,242,,,
12/11/2000 09:30,13.4,4.624,241,,,
12/11/2000 09:45,13.41,4.62,241,,,
12/11/2000 10:00,13.42,4.613,240,,,
12/11/2000 10:15,13.43,4.609,239,,,
12/11/2000 10:30,13.44,4.6,239,,,
12/11/2000 10:45,13.45,4.593,238,,,
12/11/2000 11:00,13.46,4.587,238,,,
12/11/2000 11:15,13.47,4.581,238,,,
12/11/2000 11:30,13.48,4.578,237,,,
12/11/2000 11:45,13.49,4.576,236,,,
12/11/2000 12:00,13.5,4.572,236,,,
12/11/2000 12:15,13.51,4.563,235,,,
12/11/2000 12:30,13.52,4.556,235,,,
12/11/2000 12:45,13.53,4.549,234,,,
12/11/2000 13:00,13.54,4.543,234,,,
12/11/2000 13:15,13.55,4.537,234,,,
12/11/2000 13:30,13.56,4.535,232,,,
12/11/2000 13:45,13.57,4.531,232,,,
12/11/2000 14:00,13.58,4.527,232,,,
12/11/2000 14:15,13.59,4.521,231,,,
12/11/2000 14:30,13.6,4.517,230,,,
12/11/2000 14:45,13.61,4.509,230,,,
12/11/2000 15:00,13.62,4.503,230,,,
12/11/2000 15:15,13.64,4.498,230,,,
12/11/2000 15:30,13.65,4.492,229,,,
12/11/2000 15:45,13.66,4.485,229,,,
12/11/2000 16:00,13.67,4.481,229,,,
12/11/2000 16:15,13.68,4.477,228,,,
12/11/2000 16:30,13.69,4.472,228,,,
12/11/2000 16:45,13.7,4.465,228,,,
12/11/2000 17:00,13.71,4.459,227,,,
12/11/2000 17:15,13.72,4.451,227,,,
12/11/2000 17:30,13.73,4.446,227,,,
12/11/2000 17:45,13.74,4.44,226,,,
12/11/2000 18:00,13.75,4.434,226,,,
12/11/2000 18:15,13.76,4.429,226,,,
12/11/2000 18:30,13.77,4.427,226,,,
12/11/2000 18:45,13.78,4.421,226,,,
12/11/2000 19:00,13.79,4.416,225,,,
12/11/2000 19:15,13.8,4.411,225,,,
12/11/2000 19:30,13.81,4.407,225,,,
12/11/2000 19:45,13.82,4.4,224,,,
12/11/2000 20:00,13.83,4.394,224,,,
12/11/2000 20:15,13.84,4.392,224,,,
12/11/2000 20:30,13.85,4.386,224,,,
12/11/2000 20:45,13.86,4.382,223,,,
12/11/2000 21:00,13.87,4.378,224,,,
12/11/2000 21:15,13.89,4.375,224,,,
12/11/2000 21:30,13.9,4.373,224,,,
12/11/2000 21:45,13.91,4.371,223,,,
12/11/2000 22:00,13.92,4.364,223,,,
12/11/2000 22:15,13.93,4.361,223,,,
12/11/2000 22:30,13.94,4.36,224,,,
12/11/2000 22:45,13.95,4.359,223,,,
12/11/2000 23:00,13.96,4.359,223,,,
12/11/2000 23:15,13.97,4.356,224,,,
12/11/2000 23:30,13.98,4.355,224,,,
12/11/2000 23:45,13.99,4.354,224,,,
13/11/2000 00:00,14,4.356,224,,,
